metadata	Set up job	﻿2026-08-10T06:26:35.3989752Z Current runner version: '2.336.0'
metadata	Set up job	2026-08-10T06:26:35.4014725Z ##[group]Runner Image Provisioner
metadata	Set up job	2026-08-10T06:26:35.4015665Z Hosted Compute Agent
metadata	Set up job	2026-08-10T06:26:35.4016306Z Version: 20260707.563
metadata	Set up job	2026-08-10T06:26:35.4016945Z Commit: 02667638d2b423fbc733a8e32a88b44996a3ba6e
metadata	Set up job	2026-08-10T06:26:35.4017693Z Build Date: 2026-07-07T19:33:50Z
metadata	Set up job	2026-08-10T06:26:35.4018454Z Worker ID: {c8b4c99b-064b-4e89-bd12-78acd9ff6dca}
metadata	Set up job	2026-08-10T06:26:35.4019158Z Azure Region: westus
metadata	Set up job	2026-08-10T06:26:35.4019698Z ##[endgroup]
metadata	Set up job	2026-08-10T06:26:35.4021194Z ##[group]Operating System
metadata	Set up job	2026-08-10T06:26:35.4021838Z Ubuntu
metadata	Set up job	2026-08-10T06:26:35.4022416Z 24.04.4
metadata	Set up job	2026-08-10T06:26:35.4022972Z LTS
metadata	Set up job	2026-08-10T06:26:35.4023478Z ##[endgroup]
metadata	Set up job	2026-08-10T06:26:35.4024068Z ##[group]Runner Image
metadata	Set up job	2026-08-10T06:26:35.4025000Z Image: ubuntu-24.04
metadata	Set up job	2026-08-10T06:26:35.4025545Z Version: 20260720.247.2
metadata	Set up job	2026-08-10T06:26:35.4026720Z Included Software: https://github.com/actions/runner-images/blob/ubuntu24/20260720.247/images/ubuntu/Ubuntu2404-Readme.md
metadata	Set up job	2026-08-10T06:26:35.4028453Z Image Release: https://github.com/actions/runner-images/releases/tag/ubuntu24%2F20260720.247
metadata	Set up job	2026-08-10T06:26:35.4029426Z ##[endgroup]
metadata	Set up job	2026-08-10T06:26:35.4030537Z ##[group]GITHUB_TOKEN Permissions
metadata	Set up job	2026-08-10T06:26:35.4032414Z Contents: read
metadata	Set up job	2026-08-10T06:26:35.4033011Z Metadata: read
metadata	Set up job	2026-08-10T06:26:35.4033658Z ##[endgroup]
metadata	Set up job	2026-08-10T06:26:35.4035902Z Secret source: Actions
metadata	Set up job	2026-08-10T06:26:35.4037481Z Prepare workflow directory
metadata	Set up job	2026-08-10T06:26:35.4372114Z Prepare all required actions
metadata	Set up job	2026-08-10T06:26:35.4422511Z Getting action download info
metadata	Set up job	2026-08-10T06:26:35.8038861Z Download action repository 'actions/checkout@v4' (SHA:11d5960a326750d5838078e36cf38b85af677262)
metadata	Set up job	2026-08-10T06:26:36.3249862Z Complete job name: metadata
metadata	Run actions/checkout@v4	﻿2026-08-10T06:26:36.4109822Z Node 20 is being deprecated. This workflow is running with Node 24 by default. If you need to temporarily use Node 20, you can set the ACTIONS_ALLOW_USE_UNSECURE_NODE_VERSION=true environment variable. For more information see: https://github.blog/changelog/2025-09-19-deprecation-of-node-20-on-github-actions-runners/
metadata	Run actions/checkout@v4	2026-08-10T06:26:36.4118869Z ##[group]Run actions/checkout@v4
metadata	Run actions/checkout@v4	2026-08-10T06:26:36.4119622Z with:
metadata	Run actions/checkout@v4	2026-08-10T06:26:36.4120070Z   repository: octetta/pulp
metadata	Run actions/checkout@v4	2026-08-10T06:26:36.4124024Z   token: ***
metadata	Run actions/checkout@v4	2026-08-10T06:26:36.4124653Z   ssh-strict: true
metadata	Run actions/checkout@v4	2026-08-10T06:26:36.4125101Z   ssh-user: git
metadata	Run actions/checkout@v4	2026-08-10T06:26:36.4125541Z   persist-credentials: true
metadata	Run actions/checkout@v4	2026-08-10T06:26:36.4126030Z   clean: true
metadata	Run actions/checkout@v4	2026-08-10T06:26:36.4126483Z   sparse-checkout-cone-mode: true
metadata	Run actions/checkout@v4	2026-08-10T06:26:36.4127001Z   fetch-depth: 1
metadata	Run actions/checkout@v4	2026-08-10T06:26:36.4127434Z   fetch-tags: false
metadata	Run actions/checkout@v4	2026-08-10T06:26:36.4127881Z   show-progress: true
metadata	Run actions/checkout@v4	2026-08-10T06:26:36.4128324Z   lfs: false
metadata	Run actions/checkout@v4	2026-08-10T06:26:36.4128733Z   submodules: false
metadata	Run actions/checkout@v4	2026-08-10T06:26:36.4129233Z   set-safe-directory: true
metadata	Run actions/checkout@v4	2026-08-10T06:26:36.4129736Z   allow-unsafe-pr-checkout: false
metadata	Run actions/checkout@v4	2026-08-10T06:26:36.4130535Z ##[endgroup]
metadata	Run actions/checkout@v4	2026-08-10T06:26:36.5320469Z Syncing repository: octetta/pulp
metadata	Run actions/checkout@v4	2026-08-10T06:26:36.5322228Z ##[group]Getting Git version info
metadata	Run actions/checkout@v4	2026-08-10T06:26:36.5322983Z Working directory is '/home/runner/work/pulp/pulp'
metadata	Run actions/checkout@v4	2026-08-10T06:26:36.5323930Z [command]/usr/bin/git version
metadata	Run actions/checkout@v4	2026-08-10T06:26:36.5407034Z git version 2.54.0
metadata	Run actions/checkout@v4	2026-08-10T06:26:36.5438550Z ##[endgroup]
metadata	Run actions/checkout@v4	2026-08-10T06:26:36.5451911Z Temporarily overriding HOME='/home/runner/work/_temp/0a142c2b-180f-4bbf-91bf-f5b1a7b5d980' before making global git config changes
metadata	Run actions/checkout@v4	2026-08-10T06:26:36.5454175Z Adding repository directory to the temporary git global config as a safe directory
metadata	Run actions/checkout@v4	2026-08-10T06:26:36.5458233Z [command]/usr/bin/git config --global --add safe.directory /home/runner/work/pulp/pulp
metadata	Run actions/checkout@v4	2026-08-10T06:26:36.5511769Z Deleting the contents of '/home/runner/work/pulp/pulp'
metadata	Run actions/checkout@v4	2026-08-10T06:26:36.5517089Z ##[group]Initializing the repository
metadata	Run actions/checkout@v4	2026-08-10T06:26:36.5521722Z [command]/usr/bin/git init /home/runner/work/pulp/pulp
metadata	Run actions/checkout@v4	2026-08-10T06:26:36.5625409Z hint: Using 'master' as the name for the initial branch. This default branch name
metadata	Run actions/checkout@v4	2026-08-10T06:26:36.5627157Z hint: will change to "main" in Git 3.0. To configure the initial branch name
metadata	Run actions/checkout@v4	2026-08-10T06:26:36.5629058Z hint: to use in all of your new repositories, which will suppress this warning,
metadata	Run actions/checkout@v4	2026-08-10T06:26:36.5630336Z hint: call:
metadata	Run actions/checkout@v4	2026-08-10T06:26:36.5630997Z hint:
metadata	Run actions/checkout@v4	2026-08-10T06:26:36.5631783Z hint: 	git config --global init.defaultBranch <name>
metadata	Run actions/checkout@v4	2026-08-10T06:26:36.5632754Z hint:
metadata	Run actions/checkout@v4	2026-08-10T06:26:36.5633652Z hint: Names commonly chosen instead of 'master' are 'main', 'trunk' and
metadata	Run actions/checkout@v4	2026-08-10T06:26:36.5635433Z hint: 'development'. The just-created branch can be renamed via this command:
metadata	Run actions/checkout@v4	2026-08-10T06:26:36.5636655Z hint:
metadata	Run actions/checkout@v4	2026-08-10T06:26:36.5637297Z hint: 	git branch -m <name>
metadata	Run actions/checkout@v4	2026-08-10T06:26:36.5638030Z hint:
metadata	Run actions/checkout@v4	2026-08-10T06:26:36.5639005Z hint: Disable this message with "git config set advice.defaultBranchName false"
metadata	Run actions/checkout@v4	2026-08-10T06:26:36.5640875Z Initialized empty Git repository in /home/runner/work/pulp/pulp/.git/
metadata	Run actions/checkout@v4	2026-08-10T06:26:36.5644119Z [command]/usr/bin/git remote add origin https://github.com/octetta/pulp
metadata	Run actions/checkout@v4	2026-08-10T06:26:36.5687848Z ##[endgroup]
metadata	Run actions/checkout@v4	2026-08-10T06:26:36.5689188Z ##[group]Disabling automatic garbage collection
metadata	Run actions/checkout@v4	2026-08-10T06:26:36.5692906Z [command]/usr/bin/git config --local gc.auto 0
metadata	Run actions/checkout@v4	2026-08-10T06:26:36.5728300Z ##[endgroup]
metadata	Run actions/checkout@v4	2026-08-10T06:26:36.5730087Z ##[group]Setting up auth
metadata	Run actions/checkout@v4	2026-08-10T06:26:36.5736263Z [command]/usr/bin/git config --local --name-only --get-regexp core\.sshCommand
metadata	Run actions/checkout@v4	2026-08-10T06:26:36.5794393Z [command]/usr/bin/git submodule foreach --recursive sh -c "git config --local --name-only --get-regexp 'core\.sshCommand' && git config --local --unset-all 'core.sshCommand' || :"
metadata	Run actions/checkout@v4	2026-08-10T06:26:36.6152598Z [command]/usr/bin/git config --local --name-only --get-regexp http\.https\:\/\/github\.com\/\.extraheader
metadata	Run actions/checkout@v4	2026-08-10T06:26:36.6198681Z [command]/usr/bin/git submodule foreach --recursive sh -c "git config --local --name-only --get-regexp 'http\.https\:\/\/github\.com\/\.extraheader' && git config --local --unset-all 'http.https://github.com/.extraheader' || :"
metadata	Run actions/checkout@v4	2026-08-10T06:26:36.6428024Z [command]/usr/bin/git config --local --name-only --get-regexp ^includeIf\.gitdir:
metadata	Run actions/checkout@v4	2026-08-10T06:26:36.6469869Z [command]/usr/bin/git submodule foreach --recursive git config --local --show-origin --name-only --get-regexp remote.origin.url
metadata	Run actions/checkout@v4	2026-08-10T06:26:36.6698115Z [command]/usr/bin/git config --local http.https://github.com/.extraheader AUTHORIZATION: basic ***
metadata	Run actions/checkout@v4	2026-08-10T06:26:36.6737526Z ##[endgroup]
metadata	Run actions/checkout@v4	2026-08-10T06:26:36.6738377Z ##[group]Fetching the repository
metadata	Run actions/checkout@v4	2026-08-10T06:26:36.6747365Z [command]/usr/bin/git -c protocol.version=2 fetch --no-tags --prune --no-recurse-submodules --depth=1 origin +7921ae56f27343d8efcd131a047e6148d8c92c89:refs/remotes/origin/main
metadata	Run actions/checkout@v4	2026-08-10T06:26:50.9563603Z From https://github.com/octetta/pulp
metadata	Run actions/checkout@v4	2026-08-10T06:26:50.9565020Z  * [new ref]         7921ae56f27343d8efcd131a047e6148d8c92c89 -> origin/main
metadata	Run actions/checkout@v4	2026-08-10T06:26:50.9601258Z ##[endgroup]
metadata	Run actions/checkout@v4	2026-08-10T06:26:50.9601889Z ##[group]Determining the checkout info
metadata	Run actions/checkout@v4	2026-08-10T06:26:50.9604021Z ##[endgroup]
metadata	Run actions/checkout@v4	2026-08-10T06:26:50.9610237Z [command]/usr/bin/git sparse-checkout disable
metadata	Run actions/checkout@v4	2026-08-10T06:26:50.9658931Z [command]/usr/bin/git config --local --unset-all extensions.worktreeConfig
metadata	Run actions/checkout@v4	2026-08-10T06:26:50.9690695Z ##[group]Checking out the ref
metadata	Run actions/checkout@v4	2026-08-10T06:26:50.9695328Z [command]/usr/bin/git checkout --progress --force -B main refs/remotes/origin/main
metadata	Run actions/checkout@v4	2026-08-10T06:26:51.9680510Z Switched to a new branch 'main'
metadata	Run actions/checkout@v4	2026-08-10T06:26:51.9681592Z branch 'main' set up to track 'origin/main'.
metadata	Run actions/checkout@v4	2026-08-10T06:26:51.9813232Z ##[endgroup]
metadata	Run actions/checkout@v4	2026-08-10T06:26:51.9859028Z [command]/usr/bin/git log -1 --format=%H
metadata	Run actions/checkout@v4	2026-08-10T06:26:51.9885236Z 7921ae56f27343d8efcd131a047e6148d8c92c89
metadata	Read and validate VERSION	﻿2026-08-10T06:26:52.0101926Z ##[group]Run set -euo pipefail
metadata	Read and validate VERSION	2026-08-10T06:26:52.0102415Z [36;1mset -euo pipefail[0m
metadata	Read and validate VERSION	2026-08-10T06:26:52.0102762Z [36;1mversion="$(tr -d '[:space:]' < VERSION)"[0m
metadata	Read and validate VERSION	2026-08-10T06:26:52.0103263Z [36;1mif [[ ! "$version" =~ ^[0-9]+\.[0-9]+\.[0-9]+([.-][0-9A-Za-z.-]+)?$ ]]; then[0m
metadata	Read and validate VERSION	2026-08-10T06:26:52.0103767Z [36;1m  echo "VERSION is not a release version: $version" >&2[0m
metadata	Read and validate VERSION	2026-08-10T06:26:52.0104593Z [36;1m  exit 1[0m
metadata	Read and validate VERSION	2026-08-10T06:26:52.0104859Z [36;1mfi[0m
metadata	Read and validate VERSION	2026-08-10T06:26:52.0105150Z [36;1mecho "version=$version" >> "$GITHUB_OUTPUT"[0m
metadata	Read and validate VERSION	2026-08-10T06:26:52.0105547Z [36;1mecho "tag=v$version" >> "$GITHUB_OUTPUT"[0m
metadata	Read and validate VERSION	2026-08-10T06:26:52.0154682Z shell: /usr/bin/bash --noprofile --norc -e -o pipefail {0}
metadata	Read and validate VERSION	2026-08-10T06:26:52.0155150Z ##[endgroup]
metadata	Post Run actions/checkout@v4	﻿2026-08-10T06:26:52.0405813Z Node 20 is being deprecated. This workflow is running with Node 24 by default. If you need to temporarily use Node 20, you can set the ACTIONS_ALLOW_USE_UNSECURE_NODE_VERSION=true environment variable. For more information see: https://github.blog/changelog/2025-09-19-deprecation-of-node-20-on-github-actions-runners/
metadata	Post Run actions/checkout@v4	2026-08-10T06:26:52.0407474Z Post job cleanup.
metadata	Post Run actions/checkout@v4	2026-08-10T06:26:52.1275094Z [command]/usr/bin/git version
metadata	Post Run actions/checkout@v4	2026-08-10T06:26:52.1298578Z git version 2.54.0
metadata	Post Run actions/checkout@v4	2026-08-10T06:26:52.1341747Z Temporarily overriding HOME='/home/runner/work/_temp/d953f374-268a-445b-bfc3-c2cdbc147bd7' before making global git config changes
metadata	Post Run actions/checkout@v4	2026-08-10T06:26:52.1343401Z Adding repository directory to the temporary git global config as a safe directory
metadata	Post Run actions/checkout@v4	2026-08-10T06:26:52.1348437Z [command]/usr/bin/git config --global --add safe.directory /home/runner/work/pulp/pulp
metadata	Post Run actions/checkout@v4	2026-08-10T06:26:52.1387895Z [command]/usr/bin/git config --local --name-only --get-regexp core\.sshCommand
metadata	Post Run actions/checkout@v4	2026-08-10T06:26:52.1422838Z [command]/usr/bin/git submodule foreach --recursive sh -c "git config --local --name-only --get-regexp 'core\.sshCommand' && git config --local --unset-all 'core.sshCommand' || :"
metadata	Post Run actions/checkout@v4	2026-08-10T06:26:52.1672601Z [command]/usr/bin/git config --local --name-only --get-regexp http\.https\:\/\/github\.com\/\.extraheader
metadata	Post Run actions/checkout@v4	2026-08-10T06:26:52.1699704Z http.https://github.com/.extraheader
metadata	Post Run actions/checkout@v4	2026-08-10T06:26:52.1712383Z [command]/usr/bin/git config --local --unset-all http.https://github.com/.extraheader
metadata	Post Run actions/checkout@v4	2026-08-10T06:26:52.1758308Z [command]/usr/bin/git submodule foreach --recursive sh -c "git config --local --name-only --get-regexp 'http\.https\:\/\/github\.com\/\.extraheader' && git config --local --unset-all 'http.https://github.com/.extraheader' || :"
metadata	Post Run actions/checkout@v4	2026-08-10T06:26:52.2041355Z [command]/usr/bin/git config --local --name-only --get-regexp ^includeIf\.gitdir:
metadata	Post Run actions/checkout@v4	2026-08-10T06:26:52.2079378Z [command]/usr/bin/git submodule foreach --recursive git config --local --show-origin --name-only --get-regexp remote.origin.url
metadata	Complete job	﻿2026-08-10T06:26:52.2465306Z Evaluate and set job outputs
metadata	Complete job	2026-08-10T06:26:52.2473045Z Set output 'version'
metadata	Complete job	2026-08-10T06:26:52.2475124Z Set output 'tag'
metadata	Complete job	2026-08-10T06:26:52.2476308Z Cleaning up orphan processes
metadata	Complete job	2026-08-10T06:26:52.2850726Z ##[warning]Node.js 20 is deprecated. The following actions target Node.js 20 but are being forced to run on Node.js 24: actions/checkout@v4. For more information see: https://github.blog/changelog/2025-09-19-deprecation-of-node-20-on-github-actions-runners/
windows	Set up job	﻿2026-08-10T06:26:58.1766998Z Current runner version: '2.336.0'
windows	Set up job	2026-08-10T06:26:58.1805499Z ##[group]Runner Image Provisioner
windows	Set up job	2026-08-10T06:26:58.1806792Z Hosted Compute Agent
windows	Set up job	2026-08-10T06:26:58.1807761Z Version: 20260707.563
windows	Set up job	2026-08-10T06:26:58.1808762Z Commit: 02667638d2b423fbc733a8e32a88b44996a3ba6e
windows	Set up job	2026-08-10T06:26:58.1809838Z Build Date: 2026-07-07T19:33:50Z
windows	Set up job	2026-08-10T06:26:58.1810967Z Worker ID: {bc4e8a60-ae8d-4d87-bd49-6e59faa18f52}
windows	Set up job	2026-08-10T06:26:58.1812052Z Azure Region: centralus
windows	Set up job	2026-08-10T06:26:58.1812997Z ##[endgroup]
windows	Set up job	2026-08-10T06:26:58.1815305Z ##[group]Operating System
windows	Set up job	2026-08-10T06:26:58.1816257Z Ubuntu
windows	Set up job	2026-08-10T06:26:58.1817129Z 24.04.4
windows	Set up job	2026-08-10T06:26:58.1817982Z LTS
windows	Set up job	2026-08-10T06:26:58.1818760Z ##[endgroup]
windows	Set up job	2026-08-10T06:26:58.1819880Z ##[group]Runner Image
windows	Set up job	2026-08-10T06:26:58.1820829Z Image: ubuntu-24.04
windows	Set up job	2026-08-10T06:26:58.1821786Z Version: 20260720.247.2
windows	Set up job	2026-08-10T06:26:58.1823514Z Included Software: https://github.com/actions/runner-images/blob/ubuntu24/20260720.247/images/ubuntu/Ubuntu2404-Readme.md
windows	Set up job	2026-08-10T06:26:58.1826687Z Image Release: https://github.com/actions/runner-images/releases/tag/ubuntu24%2F20260720.247
windows	Set up job	2026-08-10T06:26:58.1828164Z ##[endgroup]
windows	Set up job	2026-08-10T06:26:58.1830625Z ##[group]GITHUB_TOKEN Permissions
windows	Set up job	2026-08-10T06:26:58.1833872Z Contents: read
windows	Set up job	2026-08-10T06:26:58.1834785Z Metadata: read
windows	Set up job	2026-08-10T06:26:58.1835844Z ##[endgroup]
windows	Set up job	2026-08-10T06:26:58.1838833Z Secret source: Actions
windows	Set up job	2026-08-10T06:26:58.1840913Z Prepare workflow directory
windows	Set up job	2026-08-10T06:26:58.2469119Z Prepare all required actions
windows	Set up job	2026-08-10T06:26:58.2538617Z Getting action download info
windows	Set up job	2026-08-10T06:26:58.4841828Z Download action repository 'actions/checkout@v4' (SHA:11d5960a326750d5838078e36cf38b85af677262)
windows	Set up job	2026-08-10T06:26:58.9248352Z Download action repository 'mlugg/setup-zig@v2' (SHA:d1434d08867e3ee9daa34448df10607b98908d29)
windows	Set up job	2026-08-10T06:27:00.5647232Z Download action repository 'actions/upload-artifact@v4' (SHA:ea165f8d65b6e75b540449e92b4886f43607fa02)
windows	Set up job	2026-08-10T06:27:00.7688850Z Complete job name: windows
windows	Run actions/checkout@v4	﻿2026-08-10T06:27:00.8365991Z Node 20 is being deprecated. This workflow is running with Node 24 by default. If you need to temporarily use Node 20, you can set the ACTIONS_ALLOW_USE_UNSECURE_NODE_VERSION=true environment variable. For more information see: https://github.blog/changelog/2025-09-19-deprecation-of-node-20-on-github-actions-runners/
windows	Run actions/checkout@v4	2026-08-10T06:27:00.8373739Z ##[group]Run actions/checkout@v4
windows	Run actions/checkout@v4	2026-08-10T06:27:00.8374266Z with:
windows	Run actions/checkout@v4	2026-08-10T06:27:00.8374539Z   repository: octetta/pulp
windows	Run actions/checkout@v4	2026-08-10T06:27:00.8377353Z   token: ***
windows	Run actions/checkout@v4	2026-08-10T06:27:00.8377634Z   ssh-strict: true
windows	Run actions/checkout@v4	2026-08-10T06:27:00.8377910Z   ssh-user: git
windows	Run actions/checkout@v4	2026-08-10T06:27:00.8378178Z   persist-credentials: true
windows	Run actions/checkout@v4	2026-08-10T06:27:00.8378467Z   clean: true
windows	Run actions/checkout@v4	2026-08-10T06:27:00.8378732Z   sparse-checkout-cone-mode: true
windows	Run actions/checkout@v4	2026-08-10T06:27:00.8379041Z   fetch-depth: 1
windows	Run actions/checkout@v4	2026-08-10T06:27:00.8379294Z   fetch-tags: false
windows	Run actions/checkout@v4	2026-08-10T06:27:00.8379567Z   show-progress: true
windows	Run actions/checkout@v4	2026-08-10T06:27:00.8379844Z   lfs: false
windows	Run actions/checkout@v4	2026-08-10T06:27:00.8380087Z   submodules: false
windows	Run actions/checkout@v4	2026-08-10T06:27:00.8380432Z   set-safe-directory: true
windows	Run actions/checkout@v4	2026-08-10T06:27:00.8380784Z   allow-unsafe-pr-checkout: false
windows	Run actions/checkout@v4	2026-08-10T06:27:00.8381297Z env:
windows	Run actions/checkout@v4	2026-08-10T06:27:00.8381541Z   VERSION: 0.55.17
windows	Run actions/checkout@v4	2026-08-10T06:27:00.8381798Z ##[endgroup]
windows	Run actions/checkout@v4	2026-08-10T06:27:00.9429188Z Syncing repository: octetta/pulp
windows	Run actions/checkout@v4	2026-08-10T06:27:00.9431371Z ##[group]Getting Git version info
windows	Run actions/checkout@v4	2026-08-10T06:27:00.9432010Z Working directory is '/home/runner/work/pulp/pulp'
windows	Run actions/checkout@v4	2026-08-10T06:27:00.9433048Z [command]/usr/bin/git version
windows	Run actions/checkout@v4	2026-08-10T06:27:00.9478680Z git version 2.54.0
windows	Run actions/checkout@v4	2026-08-10T06:27:00.9502108Z ##[endgroup]
windows	Run actions/checkout@v4	2026-08-10T06:27:00.9518921Z Temporarily overriding HOME='/home/runner/work/_temp/7415788c-ad60-4ebf-aa83-07685e7feaf9' before making global git config changes
windows	Run actions/checkout@v4	2026-08-10T06:27:00.9520548Z Adding repository directory to the temporary git global config as a safe directory
windows	Run actions/checkout@v4	2026-08-10T06:27:00.9525503Z [command]/usr/bin/git config --global --add safe.directory /home/runner/work/pulp/pulp
windows	Run actions/checkout@v4	2026-08-10T06:27:00.9579480Z Deleting the contents of '/home/runner/work/pulp/pulp'
windows	Run actions/checkout@v4	2026-08-10T06:27:00.9595738Z ##[group]Initializing the repository
windows	Run actions/checkout@v4	2026-08-10T06:27:00.9596850Z [command]/usr/bin/git init /home/runner/work/pulp/pulp
windows	Run actions/checkout@v4	2026-08-10T06:27:00.9680669Z hint: Using 'master' as the name for the initial branch. This default branch name
windows	Run actions/checkout@v4	2026-08-10T06:27:00.9682180Z hint: will change to "main" in Git 3.0. To configure the initial branch name
windows	Run actions/checkout@v4	2026-08-10T06:27:00.9683431Z hint: to use in all of your new repositories, which will suppress this warning,
windows	Run actions/checkout@v4	2026-08-10T06:27:00.9684623Z hint: call:
windows	Run actions/checkout@v4	2026-08-10T06:27:00.9685221Z hint:
windows	Run actions/checkout@v4	2026-08-10T06:27:00.9685952Z hint: 	git config --global init.defaultBranch <name>
windows	Run actions/checkout@v4	2026-08-10T06:27:00.9686702Z hint:
windows	Run actions/checkout@v4	2026-08-10T06:27:00.9687415Z hint: Names commonly chosen instead of 'master' are 'main', 'trunk' and
windows	Run actions/checkout@v4	2026-08-10T06:27:00.9688494Z hint: 'development'. The just-created branch can be renamed via this command:
windows	Run actions/checkout@v4	2026-08-10T06:27:00.9689480Z hint:
windows	Run actions/checkout@v4	2026-08-10T06:27:00.9690340Z hint: 	git branch -m <name>
windows	Run actions/checkout@v4	2026-08-10T06:27:00.9691110Z hint:
windows	Run actions/checkout@v4	2026-08-10T06:27:00.9691999Z hint: Disable this message with "git config set advice.defaultBranchName false"
windows	Run actions/checkout@v4	2026-08-10T06:27:00.9694522Z Initialized empty Git repository in /home/runner/work/pulp/pulp/.git/
windows	Run actions/checkout@v4	2026-08-10T06:27:00.9697137Z [command]/usr/bin/git remote add origin https://github.com/octetta/pulp
windows	Run actions/checkout@v4	2026-08-10T06:27:00.9752654Z ##[endgroup]
windows	Run actions/checkout@v4	2026-08-10T06:27:00.9753758Z ##[group]Disabling automatic garbage collection
windows	Run actions/checkout@v4	2026-08-10T06:27:00.9760391Z [command]/usr/bin/git config --local gc.auto 0
windows	Run actions/checkout@v4	2026-08-10T06:27:00.9793800Z ##[endgroup]
windows	Run actions/checkout@v4	2026-08-10T06:27:00.9794731Z ##[group]Setting up auth
windows	Run actions/checkout@v4	2026-08-10T06:27:00.9801905Z [command]/usr/bin/git config --local --name-only --get-regexp core\.sshCommand
windows	Run actions/checkout@v4	2026-08-10T06:27:00.9842656Z [command]/usr/bin/git submodule foreach --recursive sh -c "git config --local --name-only --get-regexp 'core\.sshCommand' && git config --local --unset-all 'core.sshCommand' || :"
windows	Run actions/checkout@v4	2026-08-10T06:27:01.0263087Z [command]/usr/bin/git config --local --name-only --get-regexp http\.https\:\/\/github\.com\/\.extraheader
windows	Run actions/checkout@v4	2026-08-10T06:27:01.0309940Z [command]/usr/bin/git submodule foreach --recursive sh -c "git config --local --name-only --get-regexp 'http\.https\:\/\/github\.com\/\.extraheader' && git config --local --unset-all 'http.https://github.com/.extraheader' || :"
windows	Run actions/checkout@v4	2026-08-10T06:27:01.0579680Z [command]/usr/bin/git config --local --name-only --get-regexp ^includeIf\.gitdir:
windows	Run actions/checkout@v4	2026-08-10T06:27:01.0624615Z [command]/usr/bin/git submodule foreach --recursive git config --local --show-origin --name-only --get-regexp remote.origin.url
windows	Run actions/checkout@v4	2026-08-10T06:27:01.0888913Z [command]/usr/bin/git config --local http.https://github.com/.extraheader AUTHORIZATION: basic ***
windows	Run actions/checkout@v4	2026-08-10T06:27:01.0935217Z ##[endgroup]
windows	Run actions/checkout@v4	2026-08-10T06:27:01.0936077Z ##[group]Fetching the repository
windows	Run actions/checkout@v4	2026-08-10T06:27:01.0945440Z [command]/usr/bin/git -c protocol.version=2 fetch --no-tags --prune --no-recurse-submodules --depth=1 origin +7921ae56f27343d8efcd131a047e6148d8c92c89:refs/remotes/origin/main
windows	Run actions/checkout@v4	2026-08-10T06:27:14.9346536Z From https://github.com/octetta/pulp
windows	Run actions/checkout@v4	2026-08-10T06:27:14.9347250Z  * [new ref]         7921ae56f27343d8efcd131a047e6148d8c92c89 -> origin/main
windows	Run actions/checkout@v4	2026-08-10T06:27:14.9381951Z ##[endgroup]
windows	Run actions/checkout@v4	2026-08-10T06:27:14.9382470Z ##[group]Determining the checkout info
windows	Run actions/checkout@v4	2026-08-10T06:27:14.9385259Z ##[endgroup]
windows	Run actions/checkout@v4	2026-08-10T06:27:14.9393427Z [command]/usr/bin/git sparse-checkout disable
windows	Run actions/checkout@v4	2026-08-10T06:27:14.9446982Z [command]/usr/bin/git config --local --unset-all extensions.worktreeConfig
windows	Run actions/checkout@v4	2026-08-10T06:27:14.9482442Z ##[group]Checking out the ref
windows	Run actions/checkout@v4	2026-08-10T06:27:14.9489103Z [command]/usr/bin/git checkout --progress --force -B main refs/remotes/origin/main
windows	Run actions/checkout@v4	2026-08-10T06:27:15.9552394Z Updating files:  66% (756/1133)
windows	Run actions/checkout@v4	2026-08-10T06:27:15.9667616Z Updating files:  67% (760/1133)
windows	Run actions/checkout@v4	2026-08-10T06:27:15.9673242Z Updating files:  68% (771/1133)
windows	Run actions/checkout@v4	2026-08-10T06:27:15.9678629Z Updating files:  69% (782/1133)
windows	Run actions/checkout@v4	2026-08-10T06:27:15.9683511Z Updating files:  70% (794/1133)
windows	Run actions/checkout@v4	2026-08-10T06:27:15.9689036Z Updating files:  71% (805/1133)
windows	Run actions/checkout@v4	2026-08-10T06:27:15.9692348Z Updating files:  72% (816/1133)
windows	Run actions/checkout@v4	2026-08-10T06:27:15.9697375Z Updating files:  73% (828/1133)
windows	Run actions/checkout@v4	2026-08-10T06:27:15.9701741Z Updating files:  74% (839/1133)
windows	Run actions/checkout@v4	2026-08-10T06:27:15.9706793Z Updating files:  75% (850/1133)
windows	Run actions/checkout@v4	2026-08-10T06:27:15.9711173Z Updating files:  76% (862/1133)
windows	Run actions/checkout@v4	2026-08-10T06:27:15.9716130Z Updating files:  77% (873/1133)
windows	Run actions/checkout@v4	2026-08-10T06:27:15.9721393Z Updating files:  78% (884/1133)
windows	Run actions/checkout@v4	2026-08-10T06:27:15.9726441Z Updating files:  79% (896/1133)
windows	Run actions/checkout@v4	2026-08-10T06:27:15.9732051Z Updating files:  80% (907/1133)
windows	Run actions/checkout@v4	2026-08-10T06:27:15.9738628Z Updating files:  81% (918/1133)
windows	Run actions/checkout@v4	2026-08-10T06:27:15.9744383Z Updating files:  82% (930/1133)
windows	Run actions/checkout@v4	2026-08-10T06:27:15.9749786Z Updating files:  83% (941/1133)
windows	Run actions/checkout@v4	2026-08-10T06:27:15.9755822Z Updating files:  84% (952/1133)
windows	Run actions/checkout@v4	2026-08-10T06:27:15.9761148Z Updating files:  85% (964/1133)
windows	Run actions/checkout@v4	2026-08-10T06:27:15.9767409Z Updating files:  86% (975/1133)
windows	Run actions/checkout@v4	2026-08-10T06:27:15.9773983Z Updating files:  87% (986/1133)
windows	Run actions/checkout@v4	2026-08-10T06:27:15.9780034Z Updating files:  88% (998/1133)
windows	Run actions/checkout@v4	2026-08-10T06:27:15.9787162Z Updating files:  89% (1009/1133)
windows	Run actions/checkout@v4	2026-08-10T06:27:15.9792745Z Updating files:  90% (1020/1133)
windows	Run actions/checkout@v4	2026-08-10T06:27:15.9798177Z Updating files:  91% (1032/1133)
windows	Run actions/checkout@v4	2026-08-10T06:27:15.9803899Z Updating files:  92% (1043/1133)
windows	Run actions/checkout@v4	2026-08-10T06:27:15.9809978Z Updating files:  93% (1054/1133)
windows	Run actions/checkout@v4	2026-08-10T06:27:15.9828070Z Updating files:  94% (1066/1133)
windows	Run actions/checkout@v4	2026-08-10T06:27:16.0299622Z Updating files:  95% (1077/1133)
windows	Run actions/checkout@v4	2026-08-10T06:27:16.0314881Z Updating files:  96% (1088/1133)
windows	Run actions/checkout@v4	2026-08-10T06:27:16.0359819Z Updating files:  97% (1100/1133)
windows	Run actions/checkout@v4	2026-08-10T06:27:16.0396616Z Updating files:  98% (1111/1133)
windows	Run actions/checkout@v4	2026-08-10T06:27:16.0416062Z Updating files:  99% (1122/1133)
windows	Run actions/checkout@v4	2026-08-10T06:27:16.0416588Z Updating files: 100% (1133/1133)
windows	Run actions/checkout@v4	2026-08-10T06:27:16.0417088Z Updating files: 100% (1133/1133), done.
windows	Run actions/checkout@v4	2026-08-10T06:27:16.0442605Z Switched to a new branch 'main'
windows	Run actions/checkout@v4	2026-08-10T06:27:16.0446220Z branch 'main' set up to track 'origin/main'.
windows	Run actions/checkout@v4	2026-08-10T06:27:16.0582843Z ##[endgroup]
windows	Run actions/checkout@v4	2026-08-10T06:27:16.0635456Z [command]/usr/bin/git log -1 --format=%H
windows	Run actions/checkout@v4	2026-08-10T06:27:16.0664789Z 7921ae56f27343d8efcd131a047e6148d8c92c89
windows	Run mlugg/setup-zig@v2	﻿2026-08-10T06:27:16.0900265Z Node 20 is being deprecated. This workflow is running with Node 24 by default. If you need to temporarily use Node 20, you can set the ACTIONS_ALLOW_USE_UNSECURE_NODE_VERSION=true environment variable. For more information see: https://github.blog/changelog/2025-09-19-deprecation-of-node-20-on-github-actions-runners/
windows	Run mlugg/setup-zig@v2	2026-08-10T06:27:16.0901961Z ##[group]Run mlugg/setup-zig@v2
windows	Run mlugg/setup-zig@v2	2026-08-10T06:27:16.0902211Z with:
windows	Run mlugg/setup-zig@v2	2026-08-10T06:27:16.0902400Z   version: 0.13.0
windows	Run mlugg/setup-zig@v2	2026-08-10T06:27:16.0902606Z   use-cache: true
windows	Run mlugg/setup-zig@v2	2026-08-10T06:27:16.0902811Z   cache-size-limit: 2048
windows	Run mlugg/setup-zig@v2	2026-08-10T06:27:16.0903030Z env:
windows	Run mlugg/setup-zig@v2	2026-08-10T06:27:16.0903220Z   VERSION: 0.55.17
windows	Run mlugg/setup-zig@v2	2026-08-10T06:27:16.0903432Z ##[endgroup]
windows	Run mlugg/setup-zig@v2	2026-08-10T06:27:16.3171568Z Using tool-cache: false
windows	Run mlugg/setup-zig@v2	2026-08-10T06:27:16.3176758Z Fetching zig-linux-x86_64-0.13.0.tar.xz
windows	Run mlugg/setup-zig@v2	2026-08-10T06:27:16.4801634Z Cache hit for: setup-zig-tarball-zig-linux-x86_64-0.13.0
windows	Run mlugg/setup-zig@v2	2026-08-10T06:27:17.5260809Z Received 47085060 of 47085060 (100.0%), 51.6 MBs/sec
windows	Run mlugg/setup-zig@v2	2026-08-10T06:27:17.5261411Z Cache Size: ~45 MB (47085060 B)
windows	Run mlugg/setup-zig@v2	2026-08-10T06:27:17.5331387Z [command]/usr/bin/tar -xf /home/runner/work/_temp/a7a9c159-e875-4db1-871b-89aa9b050cce/cache.tzst -P -C /home/runner/work/pulp/pulp --use-compress-program unzstd
windows	Run mlugg/setup-zig@v2	2026-08-10T06:27:17.6033709Z Cache restored successfully
windows	Run mlugg/setup-zig@v2	2026-08-10T06:27:17.6060865Z Fetch took 1289 ms
windows	Run mlugg/setup-zig@v2	2026-08-10T06:27:17.6061201Z Extracting tarball zig-linux-x86_64-0.13.0.tar.xz
windows	Run mlugg/setup-zig@v2	2026-08-10T06:27:17.6143951Z [command]/usr/bin/tar xJ --warning=no-unknown-keyword --overwrite -C /home/runner/work/_temp/dce50e52-f0eb-4194-9984-e65f48abf005 -f /home/runner/work/_temp/zig-linux-x86_64-0.13.0.tar.xz
windows	Run mlugg/setup-zig@v2	2026-08-10T06:27:20.8420703Z Extract took 3235 ms
windows	Run mlugg/setup-zig@v2	2026-08-10T06:27:20.8445017Z [command]/home/runner/work/_temp/dce50e52-f0eb-4194-9984-e65f48abf005/zig-linux-x86_64-0.13.0/zig version
windows	Run mlugg/setup-zig@v2	2026-08-10T06:27:20.8518730Z 0.13.0
windows	Run mlugg/setup-zig@v2	2026-08-10T06:27:20.8533851Z Resolved Zig version 0.13.0
windows	Run mlugg/setup-zig@v2	2026-08-10T06:27:20.8542199Z Attempting restore of Zig cache with prefix 'setup-zig-cache-v2-windows-zig-linux-x86_64-0.13.0--'
windows	Run mlugg/setup-zig@v2	2026-08-10T06:27:20.9672840Z Cache hit for restore-key: setup-zig-cache-v2-windows-zig-linux-x86_64-0.13.0--31361527375-1
windows	Run mlugg/setup-zig@v2	2026-08-10T06:27:22.1262140Z Received 88080384 of 183173738 (48.1%), 84.0 MBs/sec
windows	Run mlugg/setup-zig@v2	2026-08-10T06:27:22.7069547Z Received 183173738 of 183173738 (100.0%), 110.1 MBs/sec
windows	Run mlugg/setup-zig@v2	2026-08-10T06:27:22.7070243Z Cache Size: ~175 MB (183173738 B)
windows	Run mlugg/setup-zig@v2	2026-08-10T06:27:22.7139613Z [command]/usr/bin/tar -xf /home/runner/work/_temp/391f671f-8452-4c8a-b771-77d29efdd8f0/cache.tzst -P -C /home/runner/work/pulp/pulp --use-compress-program unzstd
windows	Run mlugg/setup-zig@v2	2026-08-10T06:27:28.9365469Z Cache restored successfully
windows	Run mlugg/setup-zig@v2	2026-08-10T06:27:28.9458634Z Cache hit (key 'setup-zig-cache-v2-windows-zig-linux-x86_64-0.13.0--31361527375-1'): populating Zig cache directory at /home/runner/work/pulp/pulp/.zig-cache
windows	Install Windows cross-build dependencies	﻿2026-08-10T06:27:28.9668414Z ##[group]Run sudo apt-get update && sudo apt-get install -y ninja-build
windows	Install Windows cross-build dependencies	2026-08-10T06:27:28.9669021Z [36;1msudo apt-get update && sudo apt-get install -y ninja-build[0m
windows	Install Windows cross-build dependencies	2026-08-10T06:27:28.9723336Z shell: /usr/bin/bash -e {0}
windows	Install Windows cross-build dependencies	2026-08-10T06:27:28.9723912Z env:
windows	Install Windows cross-build dependencies	2026-08-10T06:27:28.9724139Z   VERSION: 0.55.17
windows	Install Windows cross-build dependencies	2026-08-10T06:27:28.9724456Z   ZIG_GLOBAL_CACHE_DIR: /home/runner/work/pulp/pulp/.zig-cache
windows	Install Windows cross-build dependencies	2026-08-10T06:27:28.9724878Z   ZIG_LOCAL_CACHE_DIR: /home/runner/work/pulp/pulp/.zig-cache
windows	Install Windows cross-build dependencies	2026-08-10T06:27:28.9725214Z ##[endgroup]
windows	Install Windows cross-build dependencies	2026-08-10T06:27:29.0562592Z Get:1 file:/etc/apt/apt-mirrors.txt Mirrorlist [144 B]
windows	Install Windows cross-build dependencies	2026-08-10T06:27:29.0906227Z Get:6 https://packages.microsoft.com/repos/azure-cli noble InRelease [3564 B]
windows	Install Windows cross-build dependencies	2026-08-10T06:27:29.1019201Z Get:7 https://packages.microsoft.com/ubuntu/24.04/prod noble InRelease [3600 B]
windows	Install Windows cross-build dependencies	2026-08-10T06:27:29.1689754Z Get:8 https://packages.microsoft.com/repos/azure-cli noble/main amd64 Packages [2375 B]
windows	Install Windows cross-build dependencies	2026-08-10T06:27:29.1882726Z Hit:2 http://azure.archive.ubuntu.com/ubuntu noble InRelease
windows	Install Windows cross-build dependencies	2026-08-10T06:27:29.1915126Z Get:3 http://azure.archive.ubuntu.com/ubuntu noble-updates InRelease [126 kB]
windows	Install Windows cross-build dependencies	2026-08-10T06:27:29.1922675Z Get:9 https://dl.google.com/linux/chrome-stable/deb stable InRelease [2548 B]
windows	Install Windows cross-build dependencies	2026-08-10T06:27:29.1980636Z Get:4 http://azure.archive.ubuntu.com/ubuntu noble-backports InRelease [126 kB]
windows	Install Windows cross-build dependencies	2026-08-10T06:27:29.2007002Z Get:5 http://azure.archive.ubuntu.com/ubuntu noble-security InRelease [126 kB]
windows	Install Windows cross-build dependencies	2026-08-10T06:27:29.2282702Z Get:10 https://packages.microsoft.com/ubuntu/24.04/prod noble/main all Packages [643 B]
windows	Install Windows cross-build dependencies	2026-08-10T06:27:29.2314805Z Get:11 https://packages.microsoft.com/ubuntu/24.04/prod noble/main armhf Packages [12.2 kB]
windows	Install Windows cross-build dependencies	2026-08-10T06:27:29.2342810Z Get:12 https://packages.microsoft.com/ubuntu/24.04/prod noble/main arm64 Packages [274 kB]
windows	Install Windows cross-build dependencies	2026-08-10T06:27:29.2393308Z Get:13 https://packages.microsoft.com/ubuntu/24.04/prod noble/main amd64 Packages [314 kB]
windows	Install Windows cross-build dependencies	2026-08-10T06:27:29.3855139Z Get:14 http://azure.archive.ubuntu.com/ubuntu noble-updates/main amd64 Packages [1184 kB]
windows	Install Windows cross-build dependencies	2026-08-10T06:27:29.3909317Z Get:25 https://dl.google.com/linux/chrome-stable/deb stable/main amd64 Packages [1403 B]
windows	Install Windows cross-build dependencies	2026-08-10T06:27:29.3950373Z Get:15 http://azure.archive.ubuntu.com/ubuntu noble-updates/main Translation-en [281 kB]
windows	Install Windows cross-build dependencies	2026-08-10T06:27:29.3964911Z Get:16 http://azure.archive.ubuntu.com/ubuntu noble-updates/main amd64 Components [180 kB]
windows	Install Windows cross-build dependencies	2026-08-10T06:27:29.3983001Z Get:17 http://azure.archive.ubuntu.com/ubuntu noble-updates/universe amd64 Packages [1682 kB]
windows	Install Windows cross-build dependencies	2026-08-10T06:27:29.4087065Z Get:18 http://azure.archive.ubuntu.com/ubuntu noble-updates/universe Translation-en [335 kB]
windows	Install Windows cross-build dependencies	2026-08-10T06:27:29.4113730Z Get:19 http://azure.archive.ubuntu.com/ubuntu noble-updates/universe amd64 Components [388 kB]
windows	Install Windows cross-build dependencies	2026-08-10T06:27:29.4142340Z Get:20 http://azure.archive.ubuntu.com/ubuntu noble-updates/restricted amd64 Packages [1414 kB]
windows	Install Windows cross-build dependencies	2026-08-10T06:27:29.4234494Z Get:21 http://azure.archive.ubuntu.com/ubuntu noble-updates/restricted Translation-en [320 kB]
windows	Install Windows cross-build dependencies	2026-08-10T06:27:29.4264598Z Get:22 http://azure.archive.ubuntu.com/ubuntu noble-updates/multiverse amd64 Packages [45.4 kB]
windows	Install Windows cross-build dependencies	2026-08-10T06:27:29.4288015Z Get:23 http://azure.archive.ubuntu.com/ubuntu noble-updates/multiverse Translation-en [12.3 kB]
windows	Install Windows cross-build dependencies	2026-08-10T06:27:29.4718307Z Get:24 http://azure.archive.ubuntu.com/ubuntu noble-updates/multiverse amd64 Components [940 B]
windows	Install Windows cross-build dependencies	2026-08-10T06:27:29.4732324Z Get:26 http://azure.archive.ubuntu.com/ubuntu noble-backports/main amd64 Components [5776 B]
windows	Install Windows cross-build dependencies	2026-08-10T06:27:29.4742279Z Get:27 http://azure.archive.ubuntu.com/ubuntu noble-backports/universe amd64 Packages [31.0 kB]
windows	Install Windows cross-build dependencies	2026-08-10T06:27:29.4752890Z Get:28 http://azure.archive.ubuntu.com/ubuntu noble-backports/universe amd64 Components [12.6 kB]
windows	Install Windows cross-build dependencies	2026-08-10T06:27:29.5093352Z Get:29 http://azure.archive.ubuntu.com/ubuntu noble-security/main amd64 Packages [927 kB]
windows	Install Windows cross-build dependencies	2026-08-10T06:27:29.5197821Z Get:30 http://azure.archive.ubuntu.com/ubuntu noble-security/main Translation-en [201 kB]
windows	Install Windows cross-build dependencies	2026-08-10T06:27:29.5216921Z Get:31 http://azure.archive.ubuntu.com/ubuntu noble-security/main amd64 Components [46.3 kB]
windows	Install Windows cross-build dependencies	2026-08-10T06:27:29.5228395Z Get:32 http://azure.archive.ubuntu.com/ubuntu noble-security/universe amd64 Packages [1199 kB]
windows	Install Windows cross-build dependencies	2026-08-10T06:27:29.5292083Z Get:33 http://azure.archive.ubuntu.com/ubuntu noble-security/universe Translation-en [239 kB]
windows	Install Windows cross-build dependencies	2026-08-10T06:27:29.5311683Z Get:34 http://azure.archive.ubuntu.com/ubuntu noble-security/universe amd64 Components [76.2 kB]
windows	Install Windows cross-build dependencies	2026-08-10T06:27:29.5325719Z Get:35 http://azure.archive.ubuntu.com/ubuntu noble-security/restricted amd64 Packages [1320 kB]
windows	Install Windows cross-build dependencies	2026-08-10T06:27:29.5396371Z Get:36 http://azure.archive.ubuntu.com/ubuntu noble-security/restricted Translation-en [302 kB]
windows	Install Windows cross-build dependencies	2026-08-10T06:27:29.5421087Z Get:37 http://azure.archive.ubuntu.com/ubuntu noble-security/multiverse amd64 Packages [40.3 kB]
windows	Install Windows cross-build dependencies	2026-08-10T06:27:29.5431656Z Get:38 http://azure.archive.ubuntu.com/ubuntu noble-security/multiverse Translation-en [10.6 kB]
windows	Install Windows cross-build dependencies	2026-08-10T06:27:33.8307887Z Fetched 11.2 MB in 1s (7749 kB/s)
windows	Install Windows cross-build dependencies	2026-08-10T06:27:34.5702032Z Reading package lists...
windows	Install Windows cross-build dependencies	2026-08-10T06:27:34.6031292Z Reading package lists...
windows	Install Windows cross-build dependencies	2026-08-10T06:27:34.7852710Z Building dependency tree...
windows	Install Windows cross-build dependencies	2026-08-10T06:27:34.7859603Z Reading state information...
windows	Install Windows cross-build dependencies	2026-08-10T06:27:34.9602269Z The following NEW packages will be installed:
windows	Install Windows cross-build dependencies	2026-08-10T06:27:34.9603994Z   ninja-build
windows	Install Windows cross-build dependencies	2026-08-10T06:27:34.9810570Z 0 upgraded, 1 newly installed, 0 to remove and 86 not upgraded.
windows	Install Windows cross-build dependencies	2026-08-10T06:27:34.9811079Z Need to get 129 kB of archives.
windows	Install Windows cross-build dependencies	2026-08-10T06:27:34.9811615Z After this operation, 364 kB of additional disk space will be used.
windows	Install Windows cross-build dependencies	2026-08-10T06:27:34.9812267Z Get:1 file:/etc/apt/apt-mirrors.txt Mirrorlist [144 B]
windows	Install Windows cross-build dependencies	2026-08-10T06:27:35.0271289Z Get:2 http://azure.archive.ubuntu.com/ubuntu noble/universe amd64 ninja-build amd64 1.11.1-2 [129 kB]
windows	Install Windows cross-build dependencies	2026-08-10T06:27:35.2904381Z Fetched 129 kB in 0s (2114 kB/s)
windows	Install Windows cross-build dependencies	2026-08-10T06:27:35.3132623Z Selecting previously unselected package ninja-build.
windows	Install Windows cross-build dependencies	2026-08-10T06:27:35.3371309Z (Reading database ... 
windows	Install Windows cross-build dependencies	2026-08-10T06:27:35.3371919Z (Reading database ... 5%
windows	Install Windows cross-build dependencies	2026-08-10T06:27:35.3372356Z (Reading database ... 10%
windows	Install Windows cross-build dependencies	2026-08-10T06:27:35.3372737Z (Reading database ... 15%
windows	Install Windows cross-build dependencies	2026-08-10T06:27:35.3373102Z (Reading database ... 20%
windows	Install Windows cross-build dependencies	2026-08-10T06:27:35.3373331Z (Reading database ... 25%
windows	Install Windows cross-build dependencies	2026-08-10T06:27:35.3373764Z (Reading database ... 30%
windows	Install Windows cross-build dependencies	2026-08-10T06:27:35.3374298Z (Reading database ... 35%
windows	Install Windows cross-build dependencies	2026-08-10T06:27:35.3374857Z (Reading database ... 40%
windows	Install Windows cross-build dependencies	2026-08-10T06:27:35.3375261Z (Reading database ... 45%
windows	Install Windows cross-build dependencies	2026-08-10T06:27:35.3375520Z (Reading database ... 50%
windows	Install Windows cross-build dependencies	2026-08-10T06:27:35.3413028Z (Reading database ... 55%
windows	Install Windows cross-build dependencies	2026-08-10T06:27:35.4239340Z (Reading database ... 60%
windows	Install Windows cross-build dependencies	2026-08-10T06:27:35.6266110Z (Reading database ... 65%
windows	Install Windows cross-build dependencies	2026-08-10T06:27:35.8155692Z (Reading database ... 70%
windows	Install Windows cross-build dependencies	2026-08-10T06:27:35.9303191Z (Reading database ... 75%
windows	Install Windows cross-build dependencies	2026-08-10T06:27:36.0745928Z (Reading database ... 80%
windows	Install Windows cross-build dependencies	2026-08-10T06:27:36.2472536Z (Reading database ... 85%
windows	Install Windows cross-build dependencies	2026-08-10T06:27:36.3298169Z (Reading database ... 90%
windows	Install Windows cross-build dependencies	2026-08-10T06:27:36.4325870Z (Reading database ... 95%
windows	Install Windows cross-build dependencies	2026-08-10T06:27:36.4326399Z (Reading database ... 100%
windows	Install Windows cross-build dependencies	2026-08-10T06:27:36.4326883Z (Reading database ... 202954 files and directories currently installed.)
windows	Install Windows cross-build dependencies	2026-08-10T06:27:36.4372952Z Preparing to unpack .../ninja-build_1.11.1-2_amd64.deb ...
windows	Install Windows cross-build dependencies	2026-08-10T06:27:36.4738861Z Unpacking ninja-build (1.11.1-2) ...
windows	Install Windows cross-build dependencies	2026-08-10T06:27:36.5198848Z Setting up ninja-build (1.11.1-2) ...
windows	Install Windows cross-build dependencies	2026-08-10T06:27:36.5219919Z Processing triggers for man-db (2.12.0-4build2) ...
windows	Install Windows cross-build dependencies	2026-08-10T06:27:36.5239028Z Not building database; man-db/auto-update is not 'true'.
windows	Install Windows cross-build dependencies	2026-08-10T06:27:37.1208665Z 
windows	Install Windows cross-build dependencies	2026-08-10T06:27:37.1209329Z Running kernel seems to be up-to-date.
windows	Install Windows cross-build dependencies	2026-08-10T06:27:37.1209697Z 
windows	Install Windows cross-build dependencies	2026-08-10T06:27:37.1209849Z No services need to be restarted.
windows	Install Windows cross-build dependencies	2026-08-10T06:27:37.1210122Z 
windows	Install Windows cross-build dependencies	2026-08-10T06:27:37.1210291Z No containers need to be restarted.
windows	Install Windows cross-build dependencies	2026-08-10T06:27:37.1210526Z 
windows	Install Windows cross-build dependencies	2026-08-10T06:27:37.1210721Z No user sessions are running outdated binaries.
windows	Install Windows cross-build dependencies	2026-08-10T06:27:37.1211026Z 
windows	Install Windows cross-build dependencies	2026-08-10T06:27:37.1211304Z No VM guests are running outdated hypervisor (qemu) binaries on this host.
windows	Build maxed Windows API distribution	﻿2026-08-10T06:27:38.0386441Z ##[group]Run make -C parts dist-api-windows
windows	Build maxed Windows API distribution	2026-08-10T06:27:38.0386862Z [36;1mmake -C parts dist-api-windows[0m
windows	Build maxed Windows API distribution	2026-08-10T06:27:38.0434531Z shell: /usr/bin/bash -e {0}
windows	Build maxed Windows API distribution	2026-08-10T06:27:38.0434798Z env:
windows	Build maxed Windows API distribution	2026-08-10T06:27:38.0435000Z   VERSION: 0.55.17
windows	Build maxed Windows API distribution	2026-08-10T06:27:38.0435303Z   ZIG_GLOBAL_CACHE_DIR: /home/runner/work/pulp/pulp/.zig-cache
windows	Build maxed Windows API distribution	2026-08-10T06:27:38.0435718Z   ZIG_LOCAL_CACHE_DIR: /home/runner/work/pulp/pulp/.zig-cache
windows	Build maxed Windows API distribution	2026-08-10T06:27:38.0436051Z ##[endgroup]
windows	Build maxed Windows API distribution	2026-08-10T06:27:38.0523014Z make: Entering directory '/home/runner/work/pulp/pulp/parts'
windows	Build maxed Windows API distribution	2026-08-10T06:27:38.0536643Z cmake --preset ninja-release
windows	Build maxed Windows API distribution	2026-08-10T06:27:41.1492615Z Preset CMake variables:
windows	Build maxed Windows API distribution	2026-08-10T06:27:41.1492971Z 
windows	Build maxed Windows API distribution	2026-08-10T06:27:41.1493131Z   CMAKE_BUILD_TYPE="Release"
windows	Build maxed Windows API distribution	2026-08-10T06:27:41.1493396Z 
windows	Build maxed Windows API distribution	2026-08-10T06:27:41.1493831Z -- The C compiler identification is GNU 13.3.0
windows	Build maxed Windows API distribution	2026-08-10T06:27:41.4273340Z -- Detecting C compiler ABI info
windows	Build maxed Windows API distribution	2026-08-10T06:27:41.7386909Z -- Detecting C compiler ABI info - done
windows	Build maxed Windows API distribution	2026-08-10T06:27:41.7554727Z -- Check for working C compiler: /usr/bin/cc - skipped
windows	Build maxed Windows API distribution	2026-08-10T06:27:41.7634582Z -- Detecting C compile features
windows	Build maxed Windows API distribution	2026-08-10T06:27:41.7641299Z -- Detecting C compile features - done
windows	Build maxed Windows API distribution	2026-08-10T06:27:41.7917261Z -- DEBUG: Module (C) api using KIT_OPTS: 
windows	Build maxed Windows API distribution	2026-08-10T06:27:41.7917725Z -- DEBUG: Module (C) synth using KIT_OPTS: 
windows	Build maxed Windows API distribution	2026-08-10T06:27:41.7924127Z -- DEBUG: Module (H) synth using KIT_OPTS: 
windows	Build maxed Windows API distribution	2026-08-10T06:27:41.7944122Z -- DEBUG: Module (C) skode using KIT_OPTS: 
windows	Build maxed Windows API distribution	2026-08-10T06:27:41.7974033Z -- DEBUG: Module (C) polyphony using KIT_OPTS: 
windows	Build maxed Windows API distribution	2026-08-10T06:27:41.7986777Z -- DEBUG: Module (C) synth-alloc using KIT_OPTS: 
windows	Build maxed Windows API distribution	2026-08-10T06:27:41.7987263Z -- DEBUG: Module (C) seq using KIT_OPTS: 
windows	Build maxed Windows API distribution	2026-08-10T06:27:41.7987704Z -- DEBUG: Module (H) seq using KIT_OPTS: 
windows	Build maxed Windows API distribution	2026-08-10T06:27:41.7988207Z -- DEBUG: Executable Module (C) mini-skred using KIT_OPTS: 
windows	Build maxed Windows API distribution	2026-08-10T06:27:41.8075281Z -- Configuring done (1.7s)
windows	Build maxed Windows API distribution	2026-08-10T06:27:41.8591312Z -- Generating done (0.1s)
windows	Build maxed Windows API distribution	2026-08-10T06:27:41.8595085Z -- Build files have been written to: /home/runner/work/pulp/pulp/parts/build_ninja
windows	Build maxed Windows API distribution	2026-08-10T06:27:41.8685439Z cmake --build --preset ninja-release --target kit_tool
windows	Build maxed Windows API distribution	2026-08-10T06:27:42.4449080Z [1/2] Building C object CMakeFiles/kit_tool.dir/kit.c.o
windows	Build maxed Windows API distribution	2026-08-10T06:27:42.4681692Z [2/2] Linking C executable kit_tool
windows	Build maxed Windows API distribution	2026-08-10T06:27:42.4695840Z cmake -E env ZIG_LOCAL_CACHE_DIR=/home/runner/work/pulp/pulp/.zig-cache ZIG_GLOBAL_CACHE_DIR=/home/runner/work/pulp/pulp/.zig-cache cmake --preset cross-windows-zig-maxed
windows	Build maxed Windows API distribution	2026-08-10T06:28:07.2242163Z Preset CMake variables:
windows	Build maxed Windows API distribution	2026-08-10T06:28:07.2242531Z 
windows	Build maxed Windows API distribution	2026-08-10T06:28:07.2242688Z   CMAKE_BUILD_TYPE="Release"
windows	Build maxed Windows API distribution	2026-08-10T06:28:07.2243353Z   CMAKE_TOOLCHAIN_FILE:FILEPATH="/home/runner/work/pulp/pulp/parts/cmake/zig-cc.cmake"
windows	Build maxed Windows API distribution	2026-08-10T06:28:07.2244700Z   KIT_OPTS="KSYNTH=1 MIDI=1 AM=1 XM=1 CRUSH=1 GLISS=1 FILT=1 FADSR=1 FM=1 PANMOD=1 PD=1 SAH=1 SEQ=1 SMOOTHER=1 UDP=1 RECORD=1"
windows	Build maxed Windows API distribution	2026-08-10T06:28:07.2245710Z   KIT_TOOL_PATH="/home/runner/work/pulp/pulp/parts/build_ninja/kit_tool"
windows	Build maxed Windows API distribution	2026-08-10T06:28:07.2246682Z   USE_EXTERNAL_KIT="ON"
windows	Build maxed Windows API distribution	2026-08-10T06:28:07.2247054Z   ZIG_TARGET="x86_64-windows-gnu"
windows	Build maxed Windows API distribution	2026-08-10T06:28:07.2247333Z 
windows	Build maxed Windows API distribution	2026-08-10T06:28:07.2247533Z -- The C compiler identification is Clang 18.1.6
windows	Build maxed Windows API distribution	2026-08-10T06:28:07.2947469Z -- Detecting C compiler ABI info
windows	Build maxed Windows API distribution	2026-08-10T06:28:07.3618879Z -- Detecting C compiler ABI info - done
windows	Build maxed Windows API distribution	2026-08-10T06:28:07.3704463Z -- Check for working C compiler: /home/runner/work/_temp/dce50e52-f0eb-4194-9984-e65f48abf005/zig-linux-x86_64-0.13.0/zig - skipped
windows	Build maxed Windows API distribution	2026-08-10T06:28:07.3707881Z -- Detecting C compile features
windows	Build maxed Windows API distribution	2026-08-10T06:28:07.3712427Z -- Detecting C compile features - done
windows	Build maxed Windows API distribution	2026-08-10T06:28:07.3774019Z -- DEBUG: Module (C) api using KIT_OPTS: KSYNTH=1 MIDI=1 AM=1 XM=1 CRUSH=1 GLISS=1 FILT=1 FADSR=1 FM=1 PANMOD=1 PD=1 SAH=1 SEQ=1 SMOOTHER=1 UDP=1 RECORD=1
windows	Build maxed Windows API distribution	2026-08-10T06:28:07.3775561Z -- DEBUG: Module (C) synth using KIT_OPTS: KSYNTH=1 MIDI=1 AM=1 XM=1 CRUSH=1 GLISS=1 FILT=1 FADSR=1 FM=1 PANMOD=1 PD=1 SAH=1 SEQ=1 SMOOTHER=1 UDP=1 RECORD=1
windows	Build maxed Windows API distribution	2026-08-10T06:28:07.3777426Z -- DEBUG: Module (H) synth using KIT_OPTS: KSYNTH=1 MIDI=1 AM=1 XM=1 CRUSH=1 GLISS=1 FILT=1 FADSR=1 FM=1 PANMOD=1 PD=1 SAH=1 SEQ=1 SMOOTHER=1 UDP=1 RECORD=1
windows	Build maxed Windows API distribution	2026-08-10T06:28:07.3778888Z -- DEBUG: Module (C) skode using KIT_OPTS: KSYNTH=1 MIDI=1 AM=1 XM=1 CRUSH=1 GLISS=1 FILT=1 FADSR=1 FM=1 PANMOD=1 PD=1 SAH=1 SEQ=1 SMOOTHER=1 UDP=1 RECORD=1
windows	Build maxed Windows API distribution	2026-08-10T06:28:07.3780295Z -- DEBUG: Module (C) polyphony using KIT_OPTS: KSYNTH=1 MIDI=1 AM=1 XM=1 CRUSH=1 GLISS=1 FILT=1 FADSR=1 FM=1 PANMOD=1 PD=1 SAH=1 SEQ=1 SMOOTHER=1 UDP=1 RECORD=1
windows	Build maxed Windows API distribution	2026-08-10T06:28:07.3781790Z -- DEBUG: Module (C) synth-alloc using KIT_OPTS: KSYNTH=1 MIDI=1 AM=1 XM=1 CRUSH=1 GLISS=1 FILT=1 FADSR=1 FM=1 PANMOD=1 PD=1 SAH=1 SEQ=1 SMOOTHER=1 UDP=1 RECORD=1
windows	Build maxed Windows API distribution	2026-08-10T06:28:07.3783245Z -- DEBUG: Module (C) seq using KIT_OPTS: KSYNTH=1 MIDI=1 AM=1 XM=1 CRUSH=1 GLISS=1 FILT=1 FADSR=1 FM=1 PANMOD=1 PD=1 SAH=1 SEQ=1 SMOOTHER=1 UDP=1 RECORD=1
windows	Build maxed Windows API distribution	2026-08-10T06:28:07.3784804Z -- DEBUG: Module (H) seq using KIT_OPTS: KSYNTH=1 MIDI=1 AM=1 XM=1 CRUSH=1 GLISS=1 FILT=1 FADSR=1 FM=1 PANMOD=1 PD=1 SAH=1 SEQ=1 SMOOTHER=1 UDP=1 RECORD=1
windows	Build maxed Windows API distribution	2026-08-10T06:28:07.3786235Z -- DEBUG: Module (C) recorder using KIT_OPTS: KSYNTH=1 MIDI=1 AM=1 XM=1 CRUSH=1 GLISS=1 FILT=1 FADSR=1 FM=1 PANMOD=1 PD=1 SAH=1 SEQ=1 SMOOTHER=1 UDP=1 RECORD=1
windows	Build maxed Windows API distribution	2026-08-10T06:28:07.3787669Z -- DEBUG: Module (H) recorder using KIT_OPTS: KSYNTH=1 MIDI=1 AM=1 XM=1 CRUSH=1 GLISS=1 FILT=1 FADSR=1 FM=1 PANMOD=1 PD=1 SAH=1 SEQ=1 SMOOTHER=1 UDP=1 RECORD=1
windows	Build maxed Windows API distribution	2026-08-10T06:28:07.3789142Z -- DEBUG: Executable Module (C) mini-skred using KIT_OPTS: KSYNTH=1 MIDI=1 AM=1 XM=1 CRUSH=1 GLISS=1 FILT=1 FADSR=1 FM=1 PANMOD=1 PD=1 SAH=1 SEQ=1 SMOOTHER=1 UDP=1 RECORD=1
windows	Build maxed Windows API distribution	2026-08-10T06:28:07.3849223Z -- Configuring done (24.9s)
windows	Build maxed Windows API distribution	2026-08-10T06:28:07.4008944Z -- Generating done (0.0s)
windows	Build maxed Windows API distribution	2026-08-10T06:28:07.4013325Z -- Build files have been written to: /home/runner/work/pulp/pulp/parts/build_cross_windows_zig_maxed
windows	Build maxed Windows API distribution	2026-08-10T06:28:07.4050521Z cmake -E env ZIG_LOCAL_CACHE_DIR=/home/runner/work/pulp/pulp/.zig-cache ZIG_GLOBAL_CACHE_DIR=/home/runner/work/pulp/pulp/.zig-cache cmake --build --preset cross-windows-zig-maxed --target api api_shared mini-skred
windows	Build maxed Windows API distribution	2026-08-10T06:28:07.4133456Z [1/61] Generating synth-state.h
windows	Build maxed Windows API distribution	2026-08-10T06:28:07.4195947Z [2/61] Generating api.c
windows	Build maxed Windows API distribution	2026-08-10T06:28:07.4200462Z [3/61] Generating synth.h
windows	Build maxed Windows API distribution	2026-08-10T06:28:07.4201161Z [4/61] Generating synth.c
windows	Build maxed Windows API distribution	2026-08-10T06:28:07.4201694Z [5/61] Generating seq.c
windows	Build maxed Windows API distribution	2026-08-10T06:28:07.4217722Z [6/61] Generating synth-alloc.c
windows	Build maxed Windows API distribution	2026-08-10T06:28:07.4218222Z [7/61] Generating polyphony.c
windows	Build maxed Windows API distribution	2026-08-10T06:28:07.4218684Z [8/61] Generating skode.c, skode-doc.inc
windows	Build maxed Windows API distribution	2026-08-10T06:28:07.4219111Z [9/61] Generating recorder.c
windows	Build maxed Windows API distribution	2026-08-10T06:28:07.4219486Z [10/61] Generating recorder.h
windows	Build maxed Windows API distribution	2026-08-10T06:28:07.4220021Z [11/61] Generating seq.h
windows	Build maxed Windows API distribution	2026-08-10T06:28:07.4220496Z [12/61] Generating mini-skred.c
windows	Build maxed Windows API distribution	2026-08-10T06:28:07.4222683Z [13/61] cd /home/runner/work/pulp/pulp/parts/build_cross_windows_zig_maxed && /usr/local/bin/cmake -E echo "! KIT FEATURES" && /usr/local/bin/cmake -E echo "! KIT_OPTS (Raw): KSYNTH=1 MIDI=1 AM=1 XM=1 CRUSH=1 GLISS=1 FILT=1 FADSR=1 FM=1 PANMOD=1 PD=1 SAH=1 SEQ=1 SMOOTHER=1 UDP=1 RECORD=1" && /usr/local/bin/cmake -E echo "! KIT_OPTS_LIST:  KSYNTH=1;MIDI=1;AM=1;XM=1;CRUSH=1;GLISS=1;FILT=1;FADSR=1;FM=1;PANMOD=1;PD=1;SAH=1;SEQ=1;SMOOTHER=1;UDP=1;RECORD=1;TRACKS=1;ADSR=1"
windows	Build maxed Windows API distribution	2026-08-10T06:28:07.4225536Z ! KIT FEATURES
windows	Build maxed Windows API distribution	2026-08-10T06:28:07.4226213Z ! KIT_OPTS (Raw): KSYNTH=1 MIDI=1 AM=1 XM=1 CRUSH=1 GLISS=1 FILT=1 FADSR=1 FM=1 PANMOD=1 PD=1 SAH=1 SEQ=1 SMOOTHER=1 UDP=1 RECORD=1
windows	Build maxed Windows API distribution	2026-08-10T06:28:07.4227509Z ! KIT_OPTS_LIST:  KSYNTH=1;MIDI=1;AM=1;XM=1;CRUSH=1;GLISS=1;FILT=1;FADSR=1;FM=1;PANMOD=1;PD=1;SAH=1;SEQ=1;SMOOTHER=1;UDP=1;RECORD=1;TRACKS=1;ADSR=1
windows	Build maxed Windows API distribution	2026-08-10T06:28:07.7542737Z [14/61] Building C object CMakeFiles/api.dir/miniwav.c.obj
windows	Build maxed Windows API distribution	2026-08-10T06:28:07.9931799Z [15/61] Building C object CMakeFiles/api.dir/exp-vfs/miniz.c.obj
windows	Build maxed Windows API distribution	2026-08-10T06:28:08.6424785Z [16/61] Building C object CMakeFiles/api.dir/util.c.obj
windows	Build maxed Windows API distribution	2026-08-10T06:28:08.9757318Z [17/61] Building C object CMakeFiles/api.dir/exp-vfs/miniz_tinfl.c.obj
windows	Build maxed Windows API distribution	2026-08-10T06:28:09.1684660Z [18/61] Building C object CMakeFiles/api.dir/midi.c.obj
windows	Build maxed Windows API distribution	2026-08-10T06:28:09.1715729Z /home/runner/work/pulp/pulp/parts/midi.c:241:52: warning: passing 'volatile uint64_t *' (aka 'volatile unsigned long long *') to parameter of type 'atomic_uint64_t *' (aka 'volatile long long *') converts between pointers to integer types with different sign [-Wpointer-sign]
windows	Build maxed Windows API distribution	2026-08-10T06:28:09.1736136Z   241 |       skode_envelope_velocity(route->target, 0.0f, SAMPLE_COUNT_GET());
windows	Build maxed Windows API distribution	2026-08-10T06:28:09.1774401Z       |                                                    ^~~~~~~~~~~~~~~~~~
windows	Build maxed Windows API distribution	2026-08-10T06:28:09.1781758Z /home/runner/work/pulp/pulp/parts/build_cross_windows_zig_maxed/synth.h:11:47: note: expanded from macro 'SAMPLE_COUNT_GET'
windows	Build maxed Windows API distribution	2026-08-10T06:28:09.1810662Z    11 | #define SAMPLE_COUNT_GET() atomic_load_uint64(&synth_sample_count)
windows	Build maxed Windows API distribution	2026-08-10T06:28:09.1864317Z       |                                               ^~~~~~~~~~~~~~~~~~~
windows	Build maxed Windows API distribution	2026-08-10T06:28:09.1894559Z /home/runner/work/pulp/pulp/parts/portable_atomic.h:50:64: note: passing argument to parameter 'ptr' here
windows	Build maxed Windows API distribution	2026-08-10T06:28:09.1895596Z    50 |     static inline uint64_t atomic_load_uint64(atomic_uint64_t *ptr) {
windows	Build maxed Windows API distribution	2026-08-10T06:28:09.1896240Z       |                                                                ^
windows	Build maxed Windows API distribution	2026-08-10T06:28:09.1897891Z /home/runner/work/pulp/pulp/parts/midi.c:491:65: warning: passing 'volatile uint64_t *' (aka 'volatile unsigned long long *') to parameter of type 'atomic_uint64_t *' (aka 'volatile long long *') converts between pointers to integer types with different sign [-Wpointer-sign]
windows	Build maxed Windows API distribution	2026-08-10T06:28:09.1899803Z   491 |     skode_linked_velocity(route->target, (float)data2 / 127.0f, SAMPLE_COUNT_GET());
windows	Build maxed Windows API distribution	2026-08-10T06:28:09.1900557Z       |                                                                 ^~~~~~~~~~~~~~~~~~
windows	Build maxed Windows API distribution	2026-08-10T06:28:09.1901532Z /home/runner/work/pulp/pulp/parts/build_cross_windows_zig_maxed/synth.h:11:47: note: expanded from macro 'SAMPLE_COUNT_GET'
windows	Build maxed Windows API distribution	2026-08-10T06:28:09.1902572Z    11 | #define SAMPLE_COUNT_GET() atomic_load_uint64(&synth_sample_count)
windows	Build maxed Windows API distribution	2026-08-10T06:28:09.1903193Z       |                                               ^~~~~~~~~~~~~~~~~~~
windows	Build maxed Windows API distribution	2026-08-10T06:28:09.1904242Z /home/runner/work/pulp/pulp/parts/portable_atomic.h:50:64: note: passing argument to parameter 'ptr' here
windows	Build maxed Windows API distribution	2026-08-10T06:28:09.1905180Z    50 |     static inline uint64_t atomic_load_uint64(atomic_uint64_t *ptr) {
windows	Build maxed Windows API distribution	2026-08-10T06:28:09.1905828Z       |                                                                ^
windows	Build maxed Windows API distribution	2026-08-10T06:28:09.1907537Z /home/runner/work/pulp/pulp/parts/midi.c:498:48: warning: passing 'volatile uint64_t *' (aka 'volatile unsigned long long *') to parameter of type 'atomic_uint64_t *' (aka 'volatile long long *') converts between pointers to integer types with different sign [-Wpointer-sign]
windows	Build maxed Windows API distribution	2026-08-10T06:28:09.1909276Z   498 |     skode_linked_velocity(route->target, 0.0f, SAMPLE_COUNT_GET());
windows	Build maxed Windows API distribution	2026-08-10T06:28:09.1909897Z       |                                                ^~~~~~~~~~~~~~~~~~
windows	Build maxed Windows API distribution	2026-08-10T06:28:09.1911105Z /home/runner/work/pulp/pulp/parts/build_cross_windows_zig_maxed/synth.h:11:47: note: expanded from macro 'SAMPLE_COUNT_GET'
windows	Build maxed Windows API distribution	2026-08-10T06:28:09.1912196Z    11 | #define SAMPLE_COUNT_GET() atomic_load_uint64(&synth_sample_count)
windows	Build maxed Windows API distribution	2026-08-10T06:28:09.1912871Z       |                                               ^~~~~~~~~~~~~~~~~~~
windows	Build maxed Windows API distribution	2026-08-10T06:28:09.1913885Z /home/runner/work/pulp/pulp/parts/portable_atomic.h:50:64: note: passing argument to parameter 'ptr' here
windows	Build maxed Windows API distribution	2026-08-10T06:28:09.1914963Z    50 |     static inline uint64_t atomic_load_uint64(atomic_uint64_t *ptr) {
windows	Build maxed Windows API distribution	2026-08-10T06:28:09.1915720Z       |                                                                ^
windows	Build maxed Windows API distribution	2026-08-10T06:28:09.1916282Z 3 warnings generated.
windows	Build maxed Windows API distribution	2026-08-10T06:28:09.2104766Z [19/61] Building C object CMakeFiles/api.dir/ands.c.obj
windows	Build maxed Windows API distribution	2026-08-10T06:28:09.2596190Z [20/61] Building C object CMakeFiles/api.dir/exp-vfs/miniz_tdef.c.obj
windows	Build maxed Windows API distribution	2026-08-10T06:28:09.4684780Z [21/61] Building C object CMakeFiles/api.dir/exp-vfs/skred_vfs.c.obj
windows	Build maxed Windows API distribution	2026-08-10T06:28:10.6354687Z [22/61] Building C object CMakeFiles/api.dir/skode-event.c.obj
windows	Build maxed Windows API distribution	2026-08-10T06:28:10.6365987Z /home/runner/work/pulp/pulp/parts/skode-event.c:456:28: warning: passing 'volatile uint64_t *' (aka 'volatile unsigned long long *') to parameter of type 'atomic_uint64_t *' (aka 'volatile long long *') converts between pointers to integer types with different sign [-Wpointer-sign]
windows	Build maxed Windows API distribution	2026-08-10T06:28:10.6394321Z   456 |   skred_control_user_event(SAMPLE_COUNT_GET(), voice, pattern, step, tag,
windows	Build maxed Windows API distribution	2026-08-10T06:28:10.6397404Z       |                            ^~~~~~~~~~~~~~~~~~
windows	Build maxed Windows API distribution	2026-08-10T06:28:10.6398557Z /home/runner/work/pulp/pulp/parts/build_cross_windows_zig_maxed/synth.h:11:47: note: expanded from macro 'SAMPLE_COUNT_GET'
windows	Build maxed Windows API distribution	2026-08-10T06:28:10.6399804Z    11 | #define SAMPLE_COUNT_GET() atomic_load_uint64(&synth_sample_count)
windows	Build maxed Windows API distribution	2026-08-10T06:28:10.6400586Z       |                                               ^~~~~~~~~~~~~~~~~~~
windows	Build maxed Windows API distribution	2026-08-10T06:28:10.6401683Z /home/runner/work/pulp/pulp/parts/portable_atomic.h:50:64: note: passing argument to parameter 'ptr' here
windows	Build maxed Windows API distribution	2026-08-10T06:28:10.6402898Z    50 |     static inline uint64_t atomic_load_uint64(atomic_uint64_t *ptr) {
windows	Build maxed Windows API distribution	2026-08-10T06:28:10.6404036Z       |                                                                ^
windows	Build maxed Windows API distribution	2026-08-10T06:28:10.6405975Z /home/runner/work/pulp/pulp/parts/skode-event.c:621:44: warning: passing 'volatile uint64_t *' (aka 'volatile unsigned long long *') to parameter of type 'atomic_uint64_t *' (aka 'volatile long long *') converts between pointers to integer types with different sign [-Wpointer-sign]
windows	Build maxed Windows API distribution	2026-08-10T06:28:10.6408082Z   621 |   return run_program(program, voice, when, SAMPLE_COUNT_GET(), tag, 0, NULL,
windows	Build maxed Windows API distribution	2026-08-10T06:28:10.6408849Z       |                                            ^~~~~~~~~~~~~~~~~~
windows	Build maxed Windows API distribution	2026-08-10T06:28:10.6409821Z /home/runner/work/pulp/pulp/parts/build_cross_windows_zig_maxed/synth.h:11:47: note: expanded from macro 'SAMPLE_COUNT_GET'
windows	Build maxed Windows API distribution	2026-08-10T06:28:10.6410959Z    11 | #define SAMPLE_COUNT_GET() atomic_load_uint64(&synth_sample_count)
windows	Build maxed Windows API distribution	2026-08-10T06:28:10.6411705Z       |                                               ^~~~~~~~~~~~~~~~~~~
windows	Build maxed Windows API distribution	2026-08-10T06:28:10.6412619Z /home/runner/work/pulp/pulp/parts/portable_atomic.h:50:64: note: passing argument to parameter 'ptr' here
windows	Build maxed Windows API distribution	2026-08-10T06:28:10.6414154Z    50 |     static inline uint64_t atomic_load_uint64(atomic_uint64_t *ptr) {
windows	Build maxed Windows API distribution	2026-08-10T06:28:10.6414917Z       |                                                                ^
windows	Build maxed Windows API distribution	2026-08-10T06:28:10.6416722Z /home/runner/work/pulp/pulp/parts/skode-event.c:641:44: warning: passing 'volatile uint64_t *' (aka 'volatile unsigned long long *') to parameter of type 'atomic_uint64_t *' (aka 'volatile long long *') converts between pointers to integer types with different sign [-Wpointer-sign]
windows	Build maxed Windows API distribution	2026-08-10T06:28:10.6418672Z   641 |   return run_program(program, voice, when, SAMPLE_COUNT_GET(), tag, 0, NULL,
windows	Build maxed Windows API distribution	2026-08-10T06:28:10.6419645Z       |                                            ^~~~~~~~~~~~~~~~~~
windows	Build maxed Windows API distribution	2026-08-10T06:28:10.6421185Z /home/runner/work/pulp/pulp/parts/build_cross_windows_zig_maxed/synth.h:11:47: note: expanded from macro 'SAMPLE_COUNT_GET'
windows	Build maxed Windows API distribution	2026-08-10T06:28:10.6422382Z    11 | #define SAMPLE_COUNT_GET() atomic_load_uint64(&synth_sample_count)
windows	Build maxed Windows API distribution	2026-08-10T06:28:10.6423186Z       |                                               ^~~~~~~~~~~~~~~~~~~
windows	Build maxed Windows API distribution	2026-08-10T06:28:10.6424297Z /home/runner/work/pulp/pulp/parts/portable_atomic.h:50:64: note: passing argument to parameter 'ptr' here
windows	Build maxed Windows API distribution	2026-08-10T06:28:10.6425355Z    50 |     static inline uint64_t atomic_load_uint64(atomic_uint64_t *ptr) {
windows	Build maxed Windows API distribution	2026-08-10T06:28:10.6426076Z       |                                                                ^
windows	Build maxed Windows API distribution	2026-08-10T06:28:10.6426637Z 3 warnings generated.
windows	Build maxed Windows API distribution	2026-08-10T06:28:10.6804955Z [23/61] Building C object CMakeFiles/api.dir/exp-vfs/miniz_zip.c.obj
windows	Build maxed Windows API distribution	2026-08-10T06:28:10.6974833Z [24/61] Building C object CMakeFiles/api.dir/skqueue.c.obj
windows	Build maxed Windows API distribution	2026-08-10T06:28:10.8335561Z [25/61] Building C object CMakeFiles/api.dir/skode-dict.c.obj
windows	Build maxed Windows API distribution	2026-08-10T06:28:10.8378356Z /home/runner/work/pulp/pulp/parts/skode-dict.c:737:7: warning: passing 'volatile uint64_t *' (aka 'volatile unsigned long long *') to parameter of type 'atomic_uint64_t *' (aka 'volatile long long *') converts between pointers to integer types with different sign [-Wpointer-sign]
windows	Build maxed Windows API distribution	2026-08-10T06:28:10.8414474Z   737 |       SAMPLE_COUNT_GET(), -1, ctx->pattern, ctx->step) != 0 && ctx->printf)
windows	Build maxed Windows API distribution	2026-08-10T06:28:10.8434071Z       |       ^~~~~~~~~~~~~~~~~~
windows	Build maxed Windows API distribution	2026-08-10T06:28:10.8434981Z /home/runner/work/pulp/pulp/parts/build_cross_windows_zig_maxed/synth.h:11:47: note: expanded from macro 'SAMPLE_COUNT_GET'
windows	Build maxed Windows API distribution	2026-08-10T06:28:10.8436029Z    11 | #define SAMPLE_COUNT_GET() atomic_load_uint64(&synth_sample_count)
windows	Build maxed Windows API distribution	2026-08-10T06:28:10.8436681Z       |                                               ^~~~~~~~~~~~~~~~~~~
windows	Build maxed Windows API distribution	2026-08-10T06:28:10.8437534Z /home/runner/work/pulp/pulp/parts/portable_atomic.h:50:64: note: passing argument to parameter 'ptr' here
windows	Build maxed Windows API distribution	2026-08-10T06:28:10.8438521Z    50 |     static inline uint64_t atomic_load_uint64(atomic_uint64_t *ptr) {
windows	Build maxed Windows API distribution	2026-08-10T06:28:10.8439159Z       |                                                                ^
windows	Build maxed Windows API distribution	2026-08-10T06:28:10.8439648Z 1 warning generated.
windows	Build maxed Windows API distribution	2026-08-10T06:28:11.0015062Z [26/61] Building C object CMakeFiles/api.dir/udp.c.obj
windows	Build maxed Windows API distribution	2026-08-10T06:28:11.8682004Z [27/61] Building C object CMakeFiles/api.dir/vendor/ksynth/ksynth.c.obj
windows	Build maxed Windows API distribution	2026-08-10T06:28:12.9219034Z [28/61] Building C object CMakeFiles/api.dir/synth-alloc.c.obj
windows	Build maxed Windows API distribution	2026-08-10T06:28:13.0924736Z [29/61] Building C object CMakeFiles/api.dir/polyphony.c.obj
windows	Build maxed Windows API distribution	2026-08-10T06:28:13.0955726Z /home/runner/work/pulp/pulp/parts/build_cross_windows_zig_maxed/polyphony.c:262:20: warning: passing 'volatile uint64_t *' (aka 'volatile unsigned long long *') to parameter of type 'atomic_uint64_t *' (aka 'volatile long long *') converts between pointers to integer types with different sign [-Wpointer-sign]
windows	Build maxed Windows API distribution	2026-08-10T06:28:13.0964296Z   262 |     uint64_t now = SAMPLE_COUNT_GET();
windows	Build maxed Windows API distribution	2026-08-10T06:28:13.0994218Z       |                    ^~~~~~~~~~~~~~~~~~
windows	Build maxed Windows API distribution	2026-08-10T06:28:13.1024681Z /home/runner/work/pulp/pulp/parts/build_cross_windows_zig_maxed/synth.h:11:47: note: expanded from macro 'SAMPLE_COUNT_GET'
windows	Build maxed Windows API distribution	2026-08-10T06:28:13.1054207Z    11 | #define SAMPLE_COUNT_GET() atomic_load_uint64(&synth_sample_count)
windows	Build maxed Windows API distribution	2026-08-10T06:28:13.1084100Z       |                                               ^~~~~~~~~~~~~~~~~~~
windows	Build maxed Windows API distribution	2026-08-10T06:28:13.1114613Z /home/runner/work/pulp/pulp/parts/portable_atomic.h:50:64: note: passing argument to parameter 'ptr' here
windows	Build maxed Windows API distribution	2026-08-10T06:28:13.1134262Z    50 |     static inline uint64_t atomic_load_uint64(atomic_uint64_t *ptr) {
windows	Build maxed Windows API distribution	2026-08-10T06:28:13.1134955Z       |                                                                ^
windows	Build maxed Windows API distribution	2026-08-10T06:28:13.1136927Z /home/runner/work/pulp/pulp/parts/build_cross_windows_zig_maxed/polyphony.c:486:18: warning: passing 'volatile uint64_t *' (aka 'volatile unsigned long long *') to parameter of type 'atomic_uint64_t *' (aka 'volatile long long *') converts between pointers to integer types with different sign [-Wpointer-sign]
windows	Build maxed Windows API distribution	2026-08-10T06:28:13.1164392Z   486 |   uint64_t now = SAMPLE_COUNT_GET();
windows	Build maxed Windows API distribution	2026-08-10T06:28:13.1214992Z       |                  ^~~~~~~~~~~~~~~~~~
windows	Build maxed Windows API distribution	2026-08-10T06:28:13.1224759Z /home/runner/work/pulp/pulp/parts/build_cross_windows_zig_maxed/synth.h:11:47: note: expanded from macro 'SAMPLE_COUNT_GET'
windows	Build maxed Windows API distribution	2026-08-10T06:28:13.1254374Z    11 | #define SAMPLE_COUNT_GET() atomic_load_uint64(&synth_sample_count)
windows	Build maxed Windows API distribution	2026-08-10T06:28:13.1255068Z       |                                               ^~~~~~~~~~~~~~~~~~~
windows	Build maxed Windows API distribution	2026-08-10T06:28:13.1255962Z /home/runner/work/pulp/pulp/parts/portable_atomic.h:50:64: note: passing argument to parameter 'ptr' here
windows	Build maxed Windows API distribution	2026-08-10T06:28:13.1256942Z    50 |     static inline uint64_t atomic_load_uint64(atomic_uint64_t *ptr) {
windows	Build maxed Windows API distribution	2026-08-10T06:28:13.1257594Z       |                                                                ^
windows	Build maxed Windows API distribution	2026-08-10T06:28:13.1259530Z /home/runner/work/pulp/pulp/parts/build_cross_windows_zig_maxed/polyphony.c:539:18: warning: passing 'volatile uint64_t *' (aka 'volatile unsigned long long *') to parameter of type 'atomic_uint64_t *' (aka 'volatile long long *') converts between pointers to integer types with different sign [-Wpointer-sign]
windows	Build maxed Windows API distribution	2026-08-10T06:28:13.1261814Z   539 |   uint64_t now = SAMPLE_COUNT_GET();
windows	Build maxed Windows API distribution	2026-08-10T06:28:13.1262271Z       |                  ^~~~~~~~~~~~~~~~~~
windows	Build maxed Windows API distribution	2026-08-10T06:28:13.1263124Z /home/runner/work/pulp/pulp/parts/build_cross_windows_zig_maxed/synth.h:11:47: note: expanded from macro 'SAMPLE_COUNT_GET'
windows	Build maxed Windows API distribution	2026-08-10T06:28:13.1264402Z    11 | #define SAMPLE_COUNT_GET() atomic_load_uint64(&synth_sample_count)
windows	Build maxed Windows API distribution	2026-08-10T06:28:13.1265035Z       |                                               ^~~~~~~~~~~~~~~~~~~
windows	Build maxed Windows API distribution	2026-08-10T06:28:13.1265854Z /home/runner/work/pulp/pulp/parts/portable_atomic.h:50:64: note: passing argument to parameter 'ptr' here
windows	Build maxed Windows API distribution	2026-08-10T06:28:13.1266798Z    50 |     static inline uint64_t atomic_load_uint64(atomic_uint64_t *ptr) {
windows	Build maxed Windows API distribution	2026-08-10T06:28:13.1267474Z       |                                                                ^
windows	Build maxed Windows API distribution	2026-08-10T06:28:13.1269411Z /home/runner/work/pulp/pulp/parts/build_cross_windows_zig_maxed/polyphony.c:591:18: warning: passing 'volatile uint64_t *' (aka 'volatile unsigned long long *') to parameter of type 'atomic_uint64_t *' (aka 'volatile long long *') converts between pointers to integer types with different sign [-Wpointer-sign]
windows	Build maxed Windows API distribution	2026-08-10T06:28:13.1271224Z   591 |   uint64_t now = SAMPLE_COUNT_GET();
windows	Build maxed Windows API distribution	2026-08-10T06:28:13.1271684Z       |                  ^~~~~~~~~~~~~~~~~~
windows	Build maxed Windows API distribution	2026-08-10T06:28:13.1272539Z /home/runner/work/pulp/pulp/parts/build_cross_windows_zig_maxed/synth.h:11:47: note: expanded from macro 'SAMPLE_COUNT_GET'
windows	Build maxed Windows API distribution	2026-08-10T06:28:13.1273839Z    11 | #define SAMPLE_COUNT_GET() atomic_load_uint64(&synth_sample_count)
windows	Build maxed Windows API distribution	2026-08-10T06:28:13.1274478Z       |                                               ^~~~~~~~~~~~~~~~~~~
windows	Build maxed Windows API distribution	2026-08-10T06:28:13.1275313Z /home/runner/work/pulp/pulp/parts/portable_atomic.h:50:64: note: passing argument to parameter 'ptr' here
windows	Build maxed Windows API distribution	2026-08-10T06:28:13.1276289Z    50 |     static inline uint64_t atomic_load_uint64(atomic_uint64_t *ptr) {
windows	Build maxed Windows API distribution	2026-08-10T06:28:13.1276940Z       |                                                                ^
windows	Build maxed Windows API distribution	2026-08-10T06:28:13.1277436Z 4 warnings generated.
windows	Build maxed Windows API distribution	2026-08-10T06:28:13.1614539Z [30/61] Building C object CMakeFiles/api.dir/api.c.obj
windows	Build maxed Windows API distribution	2026-08-10T06:28:13.1675595Z /home/runner/work/pulp/pulp/parts/build_cross_windows_zig_maxed/api.c:366:66: warning: passing 'volatile uint64_t *' (aka 'volatile unsigned long long *') to parameter of type 'atomic_uint64_t *' (aka 'volatile long long *') converts between pointers to integer types with different sign [-Wpointer-sign]
windows	Build maxed Windows API distribution	2026-08-10T06:28:13.1694415Z   366 |     skred_control_voice_event(SKRED_CONTROL_EVENT_VOICE_TRIGGER, SAMPLE_COUNT_GET(), voice);
windows	Build maxed Windows API distribution	2026-08-10T06:28:13.1754163Z       |                                                                  ^~~~~~~~~~~~~~~~~~
windows	Build maxed Windows API distribution	2026-08-10T06:28:13.1814556Z /home/runner/work/pulp/pulp/parts/build_cross_windows_zig_maxed/synth.h:11:47: note: expanded from macro 'SAMPLE_COUNT_GET'
windows	Build maxed Windows API distribution	2026-08-10T06:28:13.1844303Z    11 | #define SAMPLE_COUNT_GET() atomic_load_uint64(&synth_sample_count)
windows	Build maxed Windows API distribution	2026-08-10T06:28:13.1874134Z       |                                               ^~~~~~~~~~~~~~~~~~~
windows	Build maxed Windows API distribution	2026-08-10T06:28:13.1904621Z /home/runner/work/pulp/pulp/parts/portable_atomic.h:50:64: note: passing argument to parameter 'ptr' here
windows	Build maxed Windows API distribution	2026-08-10T06:28:13.1934297Z    50 |     static inline uint64_t atomic_load_uint64(atomic_uint64_t *ptr) {
windows	Build maxed Windows API distribution	2026-08-10T06:28:13.1934966Z       |                                                                ^
windows	Build maxed Windows API distribution	2026-08-10T06:28:13.1965382Z /home/runner/work/pulp/pulp/parts/build_cross_windows_zig_maxed/api.c:391:66: warning: passing 'volatile uint64_t *' (aka 'volatile unsigned long long *') to parameter of type 'atomic_uint64_t *' (aka 'volatile long long *') converts between pointers to integer types with different sign [-Wpointer-sign]
windows	Build maxed Windows API distribution	2026-08-10T06:28:13.1994399Z   391 |     skred_control_voice_event(SKRED_CONTROL_EVENT_VOICE_RELEASE, SAMPLE_COUNT_GET(), voice);
windows	Build maxed Windows API distribution	2026-08-10T06:28:13.2024215Z       |                                                                  ^~~~~~~~~~~~~~~~~~
windows	Build maxed Windows API distribution	2026-08-10T06:28:13.2025267Z /home/runner/work/pulp/pulp/parts/build_cross_windows_zig_maxed/synth.h:11:47: note: expanded from macro 'SAMPLE_COUNT_GET'
windows	Build maxed Windows API distribution	2026-08-10T06:28:13.2054409Z    11 | #define SAMPLE_COUNT_GET() atomic_load_uint64(&synth_sample_count)
windows	Build maxed Windows API distribution	2026-08-10T06:28:13.2074360Z       |                                               ^~~~~~~~~~~~~~~~~~~
windows	Build maxed Windows API distribution	2026-08-10T06:28:13.2104595Z /home/runner/work/pulp/pulp/parts/portable_atomic.h:50:64: note: passing argument to parameter 'ptr' here
windows	Build maxed Windows API distribution	2026-08-10T06:28:13.2114306Z    50 |     static inline uint64_t atomic_load_uint64(atomic_uint64_t *ptr) {
windows	Build maxed Windows API distribution	2026-08-10T06:28:13.2114978Z       |                                                                ^
windows	Build maxed Windows API distribution	2026-08-10T06:28:13.2116785Z /home/runner/work/pulp/pulp/parts/build_cross_windows_zig_maxed/api.c:398:57: warning: passing 'volatile uint64_t *' (aka 'volatile unsigned long long *') to parameter of type 'atomic_uint64_t *' (aka 'volatile long long *') converts between pointers to integer types with different sign [-Wpointer-sign]
windows	Build maxed Windows API distribution	2026-08-10T06:28:13.2118865Z   398 |   skred_control_event_publish(SKRED_CONTROL_EVENT_MIDI, SAMPLE_COUNT_GET(),
windows	Build maxed Windows API distribution	2026-08-10T06:28:13.2119585Z       |                                                         ^~~~~~~~~~~~~~~~~~
windows	Build maxed Windows API distribution	2026-08-10T06:28:13.2120533Z /home/runner/work/pulp/pulp/parts/build_cross_windows_zig_maxed/synth.h:11:47: note: expanded from macro 'SAMPLE_COUNT_GET'
windows	Build maxed Windows API distribution	2026-08-10T06:28:13.2121624Z    11 | #define SAMPLE_COUNT_GET() atomic_load_uint64(&synth_sample_count)
windows	Build maxed Windows API distribution	2026-08-10T06:28:13.2122274Z       |                                               ^~~~~~~~~~~~~~~~~~~
windows	Build maxed Windows API distribution	2026-08-10T06:28:13.2123132Z /home/runner/work/pulp/pulp/parts/portable_atomic.h:50:64: note: passing argument to parameter 'ptr' here
windows	Build maxed Windows API distribution	2026-08-10T06:28:13.2144489Z    50 |     static inline uint64_t atomic_load_uint64(atomic_uint64_t *ptr) {
windows	Build maxed Windows API distribution	2026-08-10T06:28:13.2174178Z       |                                                                ^
windows	Build maxed Windows API distribution	2026-08-10T06:28:13.2176074Z /home/runner/work/pulp/pulp/parts/build_cross_windows_zig_maxed/api.c:941:23: warning: passing 'volatile uint64_t *' (aka 'volatile unsigned long long *') to parameter of type 'atomic_uint64_t *' (aka 'volatile long long *') converts between pointers to integer types with different sign [-Wpointer-sign]
windows	Build maxed Windows API distribution	2026-08-10T06:28:13.2204238Z   941 |   out->sample_count = SAMPLE_COUNT_GET();
windows	Build maxed Windows API distribution	2026-08-10T06:28:13.2234172Z       |                       ^~~~~~~~~~~~~~~~~~
windows	Build maxed Windows API distribution	2026-08-10T06:28:13.2264640Z /home/runner/work/pulp/pulp/parts/build_cross_windows_zig_maxed/synth.h:11:47: note: expanded from macro 'SAMPLE_COUNT_GET'
windows	Build maxed Windows API distribution	2026-08-10T06:28:13.2266092Z    11 | #define SAMPLE_COUNT_GET() atomic_load_uint64(&synth_sample_count)
windows	Build maxed Windows API distribution	2026-08-10T06:28:13.2294283Z       |                                               ^~~~~~~~~~~~~~~~~~~
windows	Build maxed Windows API distribution	2026-08-10T06:28:13.2324636Z /home/runner/work/pulp/pulp/parts/portable_atomic.h:50:64: note: passing argument to parameter 'ptr' here
windows	Build maxed Windows API distribution	2026-08-10T06:28:13.2344215Z    50 |     static inline uint64_t atomic_load_uint64(atomic_uint64_t *ptr) {
windows	Build maxed Windows API distribution	2026-08-10T06:28:13.2354249Z       |                                                                ^
windows	Build maxed Windows API distribution	2026-08-10T06:28:13.2385693Z /home/runner/work/pulp/pulp/parts/build_cross_windows_zig_maxed/api.c:1235:5: warning: passing 'volatile uint64_t *' (aka 'volatile unsigned long long *') to parameter of type 'atomic_uint64_t *' (aka 'volatile long long *') converts between pointers to integer types with different sign [-Wpointer-sign]
windows	Build maxed Windows API distribution	2026-08-10T06:28:13.2414305Z  1235 |     SAMPLE_COUNT_GET(), -1, pattern, step);
windows	Build maxed Windows API distribution	2026-08-10T06:28:13.2444147Z       |     ^~~~~~~~~~~~~~~~~~
windows	Build maxed Windows API distribution	2026-08-10T06:28:13.2445207Z /home/runner/work/pulp/pulp/parts/build_cross_windows_zig_maxed/synth.h:11:47: note: expanded from macro 'SAMPLE_COUNT_GET'
windows	Build maxed Windows API distribution	2026-08-10T06:28:13.2474204Z    11 | #define SAMPLE_COUNT_GET() atomic_load_uint64(&synth_sample_count)
windows	Build maxed Windows API distribution	2026-08-10T06:28:13.2504149Z       |                                               ^~~~~~~~~~~~~~~~~~~
windows	Build maxed Windows API distribution	2026-08-10T06:28:13.2534727Z /home/runner/work/pulp/pulp/parts/portable_atomic.h:50:64: note: passing argument to parameter 'ptr' here
windows	Build maxed Windows API distribution	2026-08-10T06:28:13.2535932Z    50 |     static inline uint64_t atomic_load_uint64(atomic_uint64_t *ptr) {
windows	Build maxed Windows API distribution	2026-08-10T06:28:13.2564556Z       |                                                                ^
windows	Build maxed Windows API distribution	2026-08-10T06:28:13.2595574Z /home/runner/work/pulp/pulp/parts/build_cross_windows_zig_maxed/api.c:1250:24: warning: passing 'volatile uint64_t *' (aka 'volatile unsigned long long *') to parameter of type 'atomic_uint64_t *' (aka 'volatile long long *') converts between pointers to integer types with different sign [-Wpointer-sign]
windows	Build maxed Windows API distribution	2026-08-10T06:28:13.2624308Z  1250 |   uint64_t block_end = SAMPLE_COUNT_GET() + (uint64_t)frame_count;
windows	Build maxed Windows API distribution	2026-08-10T06:28:13.2644058Z       |                        ^~~~~~~~~~~~~~~~~~
windows	Build maxed Windows API distribution	2026-08-10T06:28:13.2654694Z /home/runner/work/pulp/pulp/parts/build_cross_windows_zig_maxed/synth.h:11:47: note: expanded from macro 'SAMPLE_COUNT_GET'
windows	Build maxed Windows API distribution	2026-08-10T06:28:13.2684442Z    11 | #define SAMPLE_COUNT_GET() atomic_load_uint64(&synth_sample_count)
windows	Build maxed Windows API distribution	2026-08-10T06:28:13.2714198Z       |                                               ^~~~~~~~~~~~~~~~~~~
windows	Build maxed Windows API distribution	2026-08-10T06:28:13.2715329Z /home/runner/work/pulp/pulp/parts/portable_atomic.h:50:64: note: passing argument to parameter 'ptr' here
windows	Build maxed Windows API distribution	2026-08-10T06:28:13.2744351Z    50 |     static inline uint64_t atomic_load_uint64(atomic_uint64_t *ptr) {
windows	Build maxed Windows API distribution	2026-08-10T06:28:13.2774228Z       |                                                                ^
windows	Build maxed Windows API distribution	2026-08-10T06:28:13.2795763Z /home/runner/work/pulp/pulp/parts/build_cross_windows_zig_maxed/api.c:1253:20: warning: passing 'volatile uint64_t *' (aka 'volatile unsigned long long *') to parameter of type 'atomic_uint64_t *' (aka 'volatile long long *') converts between pointers to integer types with different sign [-Wpointer-sign]
windows	Build maxed Windows API distribution	2026-08-10T06:28:13.2824101Z  1253 |     uint64_t now = SAMPLE_COUNT_GET();
windows	Build maxed Windows API distribution	2026-08-10T06:28:13.2834198Z       |                    ^~~~~~~~~~~~~~~~~~
windows	Build maxed Windows API distribution	2026-08-10T06:28:13.2864652Z /home/runner/work/pulp/pulp/parts/build_cross_windows_zig_maxed/synth.h:11:47: note: expanded from macro 'SAMPLE_COUNT_GET'
windows	Build maxed Windows API distribution	2026-08-10T06:28:13.2884681Z    11 | #define SAMPLE_COUNT_GET() atomic_load_uint64(&synth_sample_count)
windows	Build maxed Windows API distribution	2026-08-10T06:28:13.2894183Z       |                                               ^~~~~~~~~~~~~~~~~~~
windows	Build maxed Windows API distribution	2026-08-10T06:28:13.2924680Z /home/runner/work/pulp/pulp/parts/portable_atomic.h:50:64: note: passing argument to parameter 'ptr' here
windows	Build maxed Windows API distribution	2026-08-10T06:28:13.2944240Z    50 |     static inline uint64_t atomic_load_uint64(atomic_uint64_t *ptr) {
windows	Build maxed Windows API distribution	2026-08-10T06:28:13.2991559Z       |                                                                ^
windows	Build maxed Windows API distribution	2026-08-10T06:28:13.3034123Z 7 warnings generated.
windows	Build maxed Windows API distribution	2026-08-10T06:28:14.9014748Z [31/61] Building C object CMakeFiles/api.dir/seq.c.obj
windows	Build maxed Windows API distribution	2026-08-10T06:28:14.9075745Z /home/runner/work/pulp/pulp/parts/build_cross_windows_zig_maxed/seq.c:67:18: warning: passing 'volatile uint64_t *' (aka 'volatile unsigned long long *') to parameter of type 'atomic_uint64_t *' (aka 'volatile long long *') converts between pointers to integer types with different sign [-Wpointer-sign]
windows	Build maxed Windows API distribution	2026-08-10T06:28:14.9104403Z    67 |   uint64_t now = SAMPLE_COUNT_GET();
windows	Build maxed Windows API distribution	2026-08-10T06:28:14.9134187Z       |                  ^~~~~~~~~~~~~~~~~~
windows	Build maxed Windows API distribution	2026-08-10T06:28:14.9194684Z /home/runner/work/pulp/pulp/parts/build_cross_windows_zig_maxed/synth.h:11:47: note: expanded from macro 'SAMPLE_COUNT_GET'
windows	Build maxed Windows API distribution	2026-08-10T06:28:14.9254513Z    11 | #define SAMPLE_COUNT_GET() atomic_load_uint64(&synth_sample_count)
windows	Build maxed Windows API distribution	2026-08-10T06:28:14.9314252Z       |                                               ^~~~~~~~~~~~~~~~~~~
windows	Build maxed Windows API distribution	2026-08-10T06:28:14.9374831Z /home/runner/work/pulp/pulp/parts/portable_atomic.h:50:64: note: passing argument to parameter 'ptr' here
windows	Build maxed Windows API distribution	2026-08-10T06:28:14.9434288Z    50 |     static inline uint64_t atomic_load_uint64(atomic_uint64_t *ptr) {
windows	Build maxed Windows API distribution	2026-08-10T06:28:14.9494239Z       |                                                                ^
windows	Build maxed Windows API distribution	2026-08-10T06:28:14.9555520Z /home/runner/work/pulp/pulp/parts/build_cross_windows_zig_maxed/seq.c:106:23: warning: passing 'volatile uint64_t *' (aka 'volatile unsigned long long *') to parameter of type 'atomic_uint64_t *' (aka 'volatile long long *') converts between pointers to integer types with different sign [-Wpointer-sign]
windows	Build maxed Windows API distribution	2026-08-10T06:28:14.9614158Z   106 |   seq_sample_origin = SAMPLE_COUNT_GET();
windows	Build maxed Windows API distribution	2026-08-10T06:28:14.9674157Z       |                       ^~~~~~~~~~~~~~~~~~
windows	Build maxed Windows API distribution	2026-08-10T06:28:14.9704610Z /home/runner/work/pulp/pulp/parts/build_cross_windows_zig_maxed/synth.h:11:47: note: expanded from macro 'SAMPLE_COUNT_GET'
windows	Build maxed Windows API distribution	2026-08-10T06:28:14.9734236Z    11 | #define SAMPLE_COUNT_GET() atomic_load_uint64(&synth_sample_count)
windows	Build maxed Windows API distribution	2026-08-10T06:28:14.9794105Z       |                                               ^~~~~~~~~~~~~~~~~~~
windows	Build maxed Windows API distribution	2026-08-10T06:28:14.9854561Z /home/runner/work/pulp/pulp/parts/portable_atomic.h:50:64: note: passing argument to parameter 'ptr' here
windows	Build maxed Windows API distribution	2026-08-10T06:28:14.9914283Z    50 |     static inline uint64_t atomic_load_uint64(atomic_uint64_t *ptr) {
windows	Build maxed Windows API distribution	2026-08-10T06:28:14.9974158Z       |                                                                ^
windows	Build maxed Windows API distribution	2026-08-10T06:28:15.0035524Z /home/runner/work/pulp/pulp/parts/build_cross_windows_zig_maxed/seq.c:350:23: warning: passing 'volatile uint64_t *' (aka 'volatile unsigned long long *') to parameter of type 'atomic_uint64_t *' (aka 'volatile long long *') converts between pointers to integer types with different sign [-Wpointer-sign]
windows	Build maxed Windows API distribution	2026-08-10T06:28:15.0094238Z   350 |   seq_sample_origin = SAMPLE_COUNT_GET();
windows	Build maxed Windows API distribution	2026-08-10T06:28:15.0124087Z       |                       ^~~~~~~~~~~~~~~~~~
windows	Build maxed Windows API distribution	2026-08-10T06:28:15.0154576Z /home/runner/work/pulp/pulp/parts/build_cross_windows_zig_maxed/synth.h:11:47: note: expanded from macro 'SAMPLE_COUNT_GET'
windows	Build maxed Windows API distribution	2026-08-10T06:28:15.0184256Z    11 | #define SAMPLE_COUNT_GET() atomic_load_uint64(&synth_sample_count)
windows	Build maxed Windows API distribution	2026-08-10T06:28:15.0214124Z       |                                               ^~~~~~~~~~~~~~~~~~~
windows	Build maxed Windows API distribution	2026-08-10T06:28:15.0244466Z /home/runner/work/pulp/pulp/parts/portable_atomic.h:50:64: note: passing argument to parameter 'ptr' here
windows	Build maxed Windows API distribution	2026-08-10T06:28:15.0274245Z    50 |     static inline uint64_t atomic_load_uint64(atomic_uint64_t *ptr) {
windows	Build maxed Windows API distribution	2026-08-10T06:28:15.0304082Z       |                                                                ^
windows	Build maxed Windows API distribution	2026-08-10T06:28:15.0349250Z 3 warnings generated.
windows	Build maxed Windows API distribution	2026-08-10T06:28:15.0383713Z [32/61] Building C object CMakeFiles/api.dir/recorder.c.obj
windows	Build maxed Windows API distribution	2026-08-10T06:28:15.7064883Z [33/61] Building C object CMakeFiles/api.dir/synth.c.obj
windows	Build maxed Windows API distribution	2026-08-10T06:28:15.9874762Z [34/61] Building C object CMakeFiles/api_shared.dir/ands.c.obj
windows	Build maxed Windows API distribution	2026-08-10T06:28:16.4955030Z [35/61] Building C object CMakeFiles/api_shared.dir/miniwav.c.obj
windows	Build maxed Windows API distribution	2026-08-10T06:28:16.6207001Z [36/61] Building C object CMakeFiles/api_shared.dir/util.c.obj
windows	Build maxed Windows API distribution	2026-08-10T06:28:16.7836835Z [37/61] Building C object CMakeFiles/api.dir/skode.c.obj
windows	Build maxed Windows API distribution	2026-08-10T06:28:16.7865942Z /home/runner/work/pulp/pulp/parts/build_cross_windows_zig_maxed/skode.c:905:20: warning: passing 'volatile uint64_t *' (aka 'volatile unsigned long long *') to parameter of type 'atomic_uint64_t *' (aka 'volatile long long *') converts between pointers to integer types with different sign [-Wpointer-sign]
windows	Build maxed Windows API distribution	2026-08-10T06:28:16.7894165Z   905 |     uint64_t now = SAMPLE_COUNT_GET();
windows	Build maxed Windows API distribution	2026-08-10T06:28:16.7914715Z       |                    ^~~~~~~~~~~~~~~~~~
windows	Build maxed Windows API distribution	2026-08-10T06:28:16.7924596Z /home/runner/work/pulp/pulp/parts/build_cross_windows_zig_maxed/synth.h:11:47: note: expanded from macro 'SAMPLE_COUNT_GET'
windows	Build maxed Windows API distribution	2026-08-10T06:28:16.7954452Z    11 | #define SAMPLE_COUNT_GET() atomic_load_uint64(&synth_sample_count)
windows	Build maxed Windows API distribution	2026-08-10T06:28:16.7955208Z       |                                               ^~~~~~~~~~~~~~~~~~~
windows	Build maxed Windows API distribution	2026-08-10T06:28:16.8001742Z /home/runner/work/pulp/pulp/parts/portable_atomic.h:50:64: note: passing argument to parameter 'ptr' here
windows	Build maxed Windows API distribution	2026-08-10T06:28:16.8014338Z    50 |     static inline uint64_t atomic_load_uint64(atomic_uint64_t *ptr) {
windows	Build maxed Windows API distribution	2026-08-10T06:28:16.8044424Z       |                                                                ^
windows	Build maxed Windows API distribution	2026-08-10T06:28:16.8075864Z /home/runner/work/pulp/pulp/parts/build_cross_windows_zig_maxed/skode.c:2756:17: warning: passing 'volatile uint64_t *' (aka 'volatile unsigned long long *') to parameter of type 'atomic_uint64_t *' (aka 'volatile long long *') converts between pointers to integer types with different sign [-Wpointer-sign]
windows	Build maxed Windows API distribution	2026-08-10T06:28:16.8084307Z  2756 |   uint64_t qt = SAMPLE_COUNT_GET();
windows	Build maxed Windows API distribution	2026-08-10T06:28:16.8104507Z       |                 ^~~~~~~~~~~~~~~~~~
windows	Build maxed Windows API distribution	2026-08-10T06:28:16.8134661Z /home/runner/work/pulp/pulp/parts/build_cross_windows_zig_maxed/synth.h:11:47: note: expanded from macro 'SAMPLE_COUNT_GET'
windows	Build maxed Windows API distribution	2026-08-10T06:28:16.8160235Z    11 | #define SAMPLE_COUNT_GET() atomic_load_uint64(&synth_sample_count)
windows	Build maxed Windows API distribution	2026-08-10T06:28:16.8174264Z       |                                               ^~~~~~~~~~~~~~~~~~~
windows	Build maxed Windows API distribution	2026-08-10T06:28:16.8194703Z /home/runner/work/pulp/pulp/parts/portable_atomic.h:50:64: note: passing argument to parameter 'ptr' here
windows	Build maxed Windows API distribution	2026-08-10T06:28:16.8224263Z    50 |     static inline uint64_t atomic_load_uint64(atomic_uint64_t *ptr) {
windows	Build maxed Windows API distribution	2026-08-10T06:28:16.8224945Z       |                                                                ^
windows	Build maxed Windows API distribution	2026-08-10T06:28:16.8265568Z /home/runner/work/pulp/pulp/parts/build_cross_windows_zig_maxed/skode.c:3085:54: warning: passing 'volatile uint64_t *' (aka 'volatile unsigned long long *') to parameter of type 'atomic_uint64_t *' (aka 'volatile long long *') converts between pointers to integer types with different sign [-Wpointer-sign]
windows	Build maxed Windows API distribution	2026-08-10T06:28:16.8284709Z  3085 |         skode_linked_velocity(voice, opcode->arg[0], SAMPLE_COUNT_GET()) : -1;
windows	Build maxed Windows API distribution	2026-08-10T06:28:16.8314376Z       |                                                      ^~~~~~~~~~~~~~~~~~
windows	Build maxed Windows API distribution	2026-08-10T06:28:16.8334620Z /home/runner/work/pulp/pulp/parts/build_cross_windows_zig_maxed/synth.h:11:47: note: expanded from macro 'SAMPLE_COUNT_GET'
windows	Build maxed Windows API distribution	2026-08-10T06:28:16.8344459Z    11 | #define SAMPLE_COUNT_GET() atomic_load_uint64(&synth_sample_count)
windows	Build maxed Windows API distribution	2026-08-10T06:28:16.8374179Z       |                                               ^~~~~~~~~~~~~~~~~~~
windows	Build maxed Windows API distribution	2026-08-10T06:28:16.8394665Z /home/runner/work/pulp/pulp/parts/portable_atomic.h:50:64: note: passing argument to parameter 'ptr' here
windows	Build maxed Windows API distribution	2026-08-10T06:28:16.8414230Z    50 |     static inline uint64_t atomic_load_uint64(atomic_uint64_t *ptr) {
windows	Build maxed Windows API distribution	2026-08-10T06:28:16.8434499Z       |                                                                ^
windows	Build maxed Windows API distribution	2026-08-10T06:28:16.8465639Z /home/runner/work/pulp/pulp/parts/build_cross_windows_zig_maxed/skode.c:3919:54: warning: passing 'volatile uint64_t *' (aka 'volatile unsigned long long *') to parameter of type 'atomic_uint64_t *' (aka 'volatile long long *') converts between pointers to integer types with different sign [-Wpointer-sign]
windows	Build maxed Windows API distribution	2026-08-10T06:28:16.8484428Z  3919 |       if (argc) skode_linked_velocity(voice, arg[0], SAMPLE_COUNT_GET());
windows	Build maxed Windows API distribution	2026-08-10T06:28:16.8514219Z       |                                                      ^~~~~~~~~~~~~~~~~~
windows	Build maxed Windows API distribution	2026-08-10T06:28:16.8524901Z /home/runner/work/pulp/pulp/parts/build_cross_windows_zig_maxed/synth.h:11:47: note: expanded from macro 'SAMPLE_COUNT_GET'
windows	Build maxed Windows API distribution	2026-08-10T06:28:16.8554313Z    11 | #define SAMPLE_COUNT_GET() atomic_load_uint64(&synth_sample_count)
windows	Build maxed Windows API distribution	2026-08-10T06:28:16.8574239Z       |                                               ^~~~~~~~~~~~~~~~~~~
windows	Build maxed Windows API distribution	2026-08-10T06:28:16.8604572Z /home/runner/work/pulp/pulp/parts/portable_atomic.h:50:64: note: passing argument to parameter 'ptr' here
windows	Build maxed Windows API distribution	2026-08-10T06:28:16.8614545Z    50 |     static inline uint64_t atomic_load_uint64(atomic_uint64_t *ptr) {
windows	Build maxed Windows API distribution	2026-08-10T06:28:16.8634247Z       |                                                                ^
windows	Build maxed Windows API distribution	2026-08-10T06:28:16.8656355Z /home/runner/work/pulp/pulp/parts/build_cross_windows_zig_maxed/skode.c:3944:73: warning: passing 'volatile uint64_t *' (aka 'volatile unsigned long long *') to parameter of type 'atomic_uint64_t *' (aka 'volatile long long *') converts between pointers to integer types with different sign [-Wpointer-sign]
windows	Build maxed Windows API distribution	2026-08-10T06:28:16.8674489Z  3944 |           skred_control_pattern_event(SKRED_CONTROL_EVENT_TEMPO_CHANGE, SAMPLE_COUNT_GET(), -1, 0);
windows	Build maxed Windows API distribution	2026-08-10T06:28:16.8704267Z       |                                                                         ^~~~~~~~~~~~~~~~~~
windows	Build maxed Windows API distribution	2026-08-10T06:28:16.8724661Z /home/runner/work/pulp/pulp/parts/build_cross_windows_zig_maxed/synth.h:11:47: note: expanded from macro 'SAMPLE_COUNT_GET'
windows	Build maxed Windows API distribution	2026-08-10T06:28:16.8754282Z    11 | #define SAMPLE_COUNT_GET() atomic_load_uint64(&synth_sample_count)
windows	Build maxed Windows API distribution	2026-08-10T06:28:16.8764258Z       |                                               ^~~~~~~~~~~~~~~~~~~
windows	Build maxed Windows API distribution	2026-08-10T06:28:16.8784633Z /home/runner/work/pulp/pulp/parts/portable_atomic.h:50:64: note: passing argument to parameter 'ptr' here
windows	Build maxed Windows API distribution	2026-08-10T06:28:16.8814310Z    50 |     static inline uint64_t atomic_load_uint64(atomic_uint64_t *ptr) {
windows	Build maxed Windows API distribution	2026-08-10T06:28:16.8824255Z       |                                                                ^
windows	Build maxed Windows API distribution	2026-08-10T06:28:16.8855571Z /home/runner/work/pulp/pulp/parts/build_cross_windows_zig_maxed/skode.c:4121:23: warning: passing 'volatile uint64_t *' (aka 'volatile unsigned long long *') to parameter of type 'atomic_uint64_t *' (aka 'volatile long long *') converts between pointers to integer types with different sign [-Wpointer-sign]
windows	Build maxed Windows API distribution	2026-08-10T06:28:16.8874253Z  4121 |         uint64_t qt = SAMPLE_COUNT_GET();
windows	Build maxed Windows API distribution	2026-08-10T06:28:16.8894070Z       |                       ^~~~~~~~~~~~~~~~~~
windows	Build maxed Windows API distribution	2026-08-10T06:28:16.8914757Z /home/runner/work/pulp/pulp/parts/build_cross_windows_zig_maxed/synth.h:11:47: note: expanded from macro 'SAMPLE_COUNT_GET'
windows	Build maxed Windows API distribution	2026-08-10T06:28:16.8944719Z    11 | #define SAMPLE_COUNT_GET() atomic_load_uint64(&synth_sample_count)
windows	Build maxed Windows API distribution	2026-08-10T06:28:16.8954285Z       |                                               ^~~~~~~~~~~~~~~~~~~
windows	Build maxed Windows API distribution	2026-08-10T06:28:16.8984552Z /home/runner/work/pulp/pulp/parts/portable_atomic.h:50:64: note: passing argument to parameter 'ptr' here
windows	Build maxed Windows API distribution	2026-08-10T06:28:16.9004424Z    50 |     static inline uint64_t atomic_load_uint64(atomic_uint64_t *ptr) {
windows	Build maxed Windows API distribution	2026-08-10T06:28:16.9034217Z       |                                                                ^
windows	Build maxed Windows API distribution	2026-08-10T06:28:16.9055778Z /home/runner/work/pulp/pulp/parts/build_cross_windows_zig_maxed/skode.c:4681:75: warning: passing 'volatile uint64_t *' (aka 'volatile unsigned long long *') to parameter of type 'atomic_uint64_t *' (aka 'volatile long long *') converts between pointers to integer types with different sign [-Wpointer-sign]
windows	Build maxed Windows API distribution	2026-08-10T06:28:16.9064789Z  4681 |           skred_control_pattern_event(SKRED_CONTROL_EVENT_PATTERN_CHANGE, SAMPLE_COUNT_GET(), x, 0);
windows	Build maxed Windows API distribution	2026-08-10T06:28:16.9094258Z       |                                                                           ^~~~~~~~~~~~~~~~~~
windows	Build maxed Windows API distribution	2026-08-10T06:28:16.9114425Z /home/runner/work/pulp/pulp/parts/build_cross_windows_zig_maxed/synth.h:11:47: note: expanded from macro 'SAMPLE_COUNT_GET'
windows	Build maxed Windows API distribution	2026-08-10T06:28:16.9116760Z    11 | #define SAMPLE_COUNT_GET() atomic_load_uint64(&synth_sample_count)
windows	Build maxed Windows API distribution	2026-08-10T06:28:16.9117656Z       |                                               ^~~~~~~~~~~~~~~~~~~
windows	Build maxed Windows API distribution	2026-08-10T06:28:16.9118735Z /home/runner/work/pulp/pulp/parts/portable_atomic.h:50:64: note: passing argument to parameter 'ptr' here
windows	Build maxed Windows API distribution	2026-08-10T06:28:16.9119917Z    50 |     static inline uint64_t atomic_load_uint64(atomic_uint64_t *ptr) {
windows	Build maxed Windows API distribution	2026-08-10T06:28:16.9120784Z       |                                                                ^
windows	Build maxed Windows API distribution	2026-08-10T06:28:16.9122932Z /home/runner/work/pulp/pulp/parts/build_cross_windows_zig_maxed/skode.c:4702:70: warning: passing 'volatile uint64_t *' (aka 'volatile unsigned long long *') to parameter of type 'atomic_uint64_t *' (aka 'volatile long long *') converts between pointers to integer types with different sign [-Wpointer-sign]
windows	Build maxed Windows API distribution	2026-08-10T06:28:16.9125683Z  4702 |         skred_control_pattern_event(SKRED_CONTROL_EVENT_MUTE_CHANGE, SAMPLE_COUNT_GET(), ctx->pattern, x);
windows	Build maxed Windows API distribution	2026-08-10T06:28:16.9127091Z       |                                                                      ^~~~~~~~~~~~~~~~~~
windows	Build maxed Windows API distribution	2026-08-10T06:28:16.9128263Z /home/runner/work/pulp/pulp/parts/build_cross_windows_zig_maxed/synth.h:11:47: note: expanded from macro 'SAMPLE_COUNT_GET'
windows	Build maxed Windows API distribution	2026-08-10T06:28:16.9129472Z    11 | #define SAMPLE_COUNT_GET() atomic_load_uint64(&synth_sample_count)
windows	Build maxed Windows API distribution	2026-08-10T06:28:16.9130302Z       |                                               ^~~~~~~~~~~~~~~~~~~
windows	Build maxed Windows API distribution	2026-08-10T06:28:16.9131346Z /home/runner/work/pulp/pulp/parts/portable_atomic.h:50:64: note: passing argument to parameter 'ptr' here
windows	Build maxed Windows API distribution	2026-08-10T06:28:16.9132529Z    50 |     static inline uint64_t atomic_load_uint64(atomic_uint64_t *ptr) {
windows	Build maxed Windows API distribution	2026-08-10T06:28:16.9133418Z       |                                                                ^
windows	Build maxed Windows API distribution	2026-08-10T06:28:16.9135766Z /home/runner/work/pulp/pulp/parts/build_cross_windows_zig_maxed/skode.c:4726:72: warning: passing 'volatile uint64_t *' (aka 'volatile unsigned long long *') to parameter of type 'atomic_uint64_t *' (aka 'volatile long long *') converts between pointers to integer types with different sign [-Wpointer-sign]
windows	Build maxed Windows API distribution	2026-08-10T06:28:16.9138270Z  4726 |         skred_control_pattern_event(SKRED_CONTROL_EVENT_PATTERN_QUEUE, SAMPLE_COUNT_GET(), ctx->pattern, x);
windows	Build maxed Windows API distribution	2026-08-10T06:28:16.9139408Z       |                                                                        ^~~~~~~~~~~~~~~~~~
windows	Build maxed Windows API distribution	2026-08-10T06:28:16.9140577Z /home/runner/work/pulp/pulp/parts/build_cross_windows_zig_maxed/synth.h:11:47: note: expanded from macro 'SAMPLE_COUNT_GET'
windows	Build maxed Windows API distribution	2026-08-10T06:28:16.9141835Z    11 | #define SAMPLE_COUNT_GET() atomic_load_uint64(&synth_sample_count)
windows	Build maxed Windows API distribution	2026-08-10T06:28:16.9142663Z       |                                               ^~~~~~~~~~~~~~~~~~~
windows	Build maxed Windows API distribution	2026-08-10T06:28:16.9143998Z /home/runner/work/pulp/pulp/parts/portable_atomic.h:50:64: note: passing argument to parameter 'ptr' here
windows	Build maxed Windows API distribution	2026-08-10T06:28:16.9145110Z    50 |     static inline uint64_t atomic_load_uint64(atomic_uint64_t *ptr) {
windows	Build maxed Windows API distribution	2026-08-10T06:28:16.9145896Z       |                                                                ^
windows	Build maxed Windows API distribution	2026-08-10T06:28:16.9147867Z /home/runner/work/pulp/pulp/parts/build_cross_windows_zig_maxed/skode.c:5036:26: warning: passing 'volatile uint64_t *' (aka 'volatile unsigned long long *') to parameter of type 'atomic_uint64_t *' (aka 'volatile long long *') converts between pointers to integer types with different sign [-Wpointer-sign]
windows	Build maxed Windows API distribution	2026-08-10T06:28:16.9149861Z  5036 |           uint64_t now = SAMPLE_COUNT_GET();
windows	Build maxed Windows API distribution	2026-08-10T06:28:16.9150516Z       |                          ^~~~~~~~~~~~~~~~~~
windows	Build maxed Windows API distribution	2026-08-10T06:28:16.9151539Z /home/runner/work/pulp/pulp/parts/build_cross_windows_zig_maxed/synth.h:11:47: note: expanded from macro 'SAMPLE_COUNT_GET'
windows	Build maxed Windows API distribution	2026-08-10T06:28:16.9152715Z    11 | #define SAMPLE_COUNT_GET() atomic_load_uint64(&synth_sample_count)
windows	Build maxed Windows API distribution	2026-08-10T06:28:16.9153498Z       |                                               ^~~~~~~~~~~~~~~~~~~
windows	Build maxed Windows API distribution	2026-08-10T06:28:16.9154894Z /home/runner/work/pulp/pulp/parts/portable_atomic.h:50:64: note: passing argument to parameter 'ptr' here
windows	Build maxed Windows API distribution	2026-08-10T06:28:16.9156304Z    50 |     static inline uint64_t atomic_load_uint64(atomic_uint64_t *ptr) {
windows	Build maxed Windows API distribution	2026-08-10T06:28:16.9157095Z       |                                                                ^
windows	Build maxed Windows API distribution	2026-08-10T06:28:16.9159092Z /home/runner/work/pulp/pulp/parts/build_cross_windows_zig_maxed/skode.c:5469:30: warning: passing 'volatile uint64_t *' (aka 'volatile unsigned long long *') to parameter of type 'atomic_uint64_t *' (aka 'volatile long long *') converts between pointers to integer types with different sign [-Wpointer-sign]
windows	Build maxed Windows API distribution	2026-08-10T06:28:16.9161190Z  5469 |     ctx->defer_sample_time = SAMPLE_COUNT_GET();
windows	Build maxed Windows API distribution	2026-08-10T06:28:16.9161870Z       |                              ^~~~~~~~~~~~~~~~~~
windows	Build maxed Windows API distribution	2026-08-10T06:28:16.9162910Z /home/runner/work/pulp/pulp/parts/build_cross_windows_zig_maxed/synth.h:11:47: note: expanded from macro 'SAMPLE_COUNT_GET'
windows	Build maxed Windows API distribution	2026-08-10T06:28:16.9165312Z    11 | #define SAMPLE_COUNT_GET() atomic_load_uint64(&synth_sample_count)
windows	Build maxed Windows API distribution	2026-08-10T06:28:16.9166341Z       |                                               ^~~~~~~~~~~~~~~~~~~
windows	Build maxed Windows API distribution	2026-08-10T06:28:16.9167344Z /home/runner/work/pulp/pulp/parts/portable_atomic.h:50:64: note: passing argument to parameter 'ptr' here
windows	Build maxed Windows API distribution	2026-08-10T06:28:16.9168463Z    50 |     static inline uint64_t atomic_load_uint64(atomic_uint64_t *ptr) {
windows	Build maxed Windows API distribution	2026-08-10T06:28:16.9169380Z       |                                                                ^
windows	Build maxed Windows API distribution	2026-08-10T06:28:16.9171410Z /home/runner/work/pulp/pulp/parts/build_cross_windows_zig_maxed/skode.c:6447:51: warning: passing 'volatile uint64_t *' (aka 'volatile unsigned long long *') to parameter of type 'atomic_uint64_t *' (aka 'volatile long long *') converts between pointers to integer types with different sign [-Wpointer-sign]
windows	Build maxed Windows API distribution	2026-08-10T06:28:16.9173673Z  6447 |   ctx->printf(ctx, "# synth sample count %lld\n", SAMPLE_COUNT_GET());
windows	Build maxed Windows API distribution	2026-08-10T06:28:16.9174593Z       |                                                   ^~~~~~~~~~~~~~~~~~
windows	Build maxed Windows API distribution	2026-08-10T06:28:16.9175723Z /home/runner/work/pulp/pulp/parts/build_cross_windows_zig_maxed/synth.h:11:47: note: expanded from macro 'SAMPLE_COUNT_GET'
windows	Build maxed Windows API distribution	2026-08-10T06:28:16.9176986Z    11 | #define SAMPLE_COUNT_GET() atomic_load_uint64(&synth_sample_count)
windows	Build maxed Windows API distribution	2026-08-10T06:28:16.9177776Z       |                                               ^~~~~~~~~~~~~~~~~~~
windows	Build maxed Windows API distribution	2026-08-10T06:28:16.9178797Z /home/runner/work/pulp/pulp/parts/portable_atomic.h:50:64: note: passing argument to parameter 'ptr' here
windows	Build maxed Windows API distribution	2026-08-10T06:28:16.9179966Z    50 |     static inline uint64_t atomic_load_uint64(atomic_uint64_t *ptr) {
windows	Build maxed Windows API distribution	2026-08-10T06:28:16.9180822Z       |                                                                ^
windows	Build maxed Windows API distribution	2026-08-10T06:28:16.9181517Z 12 warnings generated.
windows	Build maxed Windows API distribution	2026-08-10T06:28:16.9182246Z [38/61] Building C object CMakeFiles/api_shared.dir/exp-vfs/miniz.c.obj
windows	Build maxed Windows API distribution	2026-08-10T06:28:17.2954768Z [39/61] Building C object CMakeFiles/api_shared.dir/midi.c.obj
windows	Build maxed Windows API distribution	2026-08-10T06:28:17.3015707Z /home/runner/work/pulp/pulp/parts/midi.c:241:52: warning: passing 'volatile uint64_t *' (aka 'volatile unsigned long long *') to parameter of type 'atomic_uint64_t *' (aka 'volatile long long *') converts between pointers to integer types with different sign [-Wpointer-sign]
windows	Build maxed Windows API distribution	2026-08-10T06:28:17.3044511Z   241 |       skode_envelope_velocity(route->target, 0.0f, SAMPLE_COUNT_GET());
windows	Build maxed Windows API distribution	2026-08-10T06:28:17.3045541Z       |                                                    ^~~~~~~~~~~~~~~~~~
windows	Build maxed Windows API distribution	2026-08-10T06:28:17.3082089Z /home/runner/work/pulp/pulp/parts/build_cross_windows_zig_maxed/synth.h:11:47: note: expanded from macro 'SAMPLE_COUNT_GET'
windows	Build maxed Windows API distribution	2026-08-10T06:28:17.3104277Z    11 | #define SAMPLE_COUNT_GET() atomic_load_uint64(&synth_sample_count)
windows	Build maxed Windows API distribution	2026-08-10T06:28:17.3164170Z       |                                               ^~~~~~~~~~~~~~~~~~~
windows	Build maxed Windows API distribution	2026-08-10T06:28:17.3224544Z /home/runner/work/pulp/pulp/parts/portable_atomic.h:50:64: note: passing argument to parameter 'ptr' here
windows	Build maxed Windows API distribution	2026-08-10T06:28:17.3304492Z    50 |     static inline uint64_t atomic_load_uint64(atomic_uint64_t *ptr) {
windows	Build maxed Windows API distribution	2026-08-10T06:28:17.3344195Z       |                                                                ^
windows	Build maxed Windows API distribution	2026-08-10T06:28:17.3405361Z /home/runner/work/pulp/pulp/parts/midi.c:491:65: warning: passing 'volatile uint64_t *' (aka 'volatile unsigned long long *') to parameter of type 'atomic_uint64_t *' (aka 'volatile long long *') converts between pointers to integer types with different sign [-Wpointer-sign]
windows	Build maxed Windows API distribution	2026-08-10T06:28:17.3494395Z   491 |     skode_linked_velocity(route->target, (float)data2 / 127.0f, SAMPLE_COUNT_GET());
windows	Build maxed Windows API distribution	2026-08-10T06:28:17.3554216Z       |                                                                 ^~~~~~~~~~~~~~~~~~
windows	Build maxed Windows API distribution	2026-08-10T06:28:17.3614612Z /home/runner/work/pulp/pulp/parts/build_cross_windows_zig_maxed/synth.h:11:47: note: expanded from macro 'SAMPLE_COUNT_GET'
windows	Build maxed Windows API distribution	2026-08-10T06:28:17.3674348Z    11 | #define SAMPLE_COUNT_GET() atomic_load_uint64(&synth_sample_count)
windows	Build maxed Windows API distribution	2026-08-10T06:28:17.3704226Z       |                                               ^~~~~~~~~~~~~~~~~~~
windows	Build maxed Windows API distribution	2026-08-10T06:28:17.3705603Z /home/runner/work/pulp/pulp/parts/portable_atomic.h:50:64: note: passing argument to parameter 'ptr' here
windows	Build maxed Windows API distribution	2026-08-10T06:28:17.3706531Z    50 |     static inline uint64_t atomic_load_uint64(atomic_uint64_t *ptr) {
windows	Build maxed Windows API distribution	2026-08-10T06:28:17.3707098Z       |                                                                ^
windows	Build maxed Windows API distribution	2026-08-10T06:28:17.3708688Z /home/runner/work/pulp/pulp/parts/midi.c:498:48: warning: passing 'volatile uint64_t *' (aka 'volatile unsigned long long *') to parameter of type 'atomic_uint64_t *' (aka 'volatile long long *') converts between pointers to integer types with different sign [-Wpointer-sign]
windows	Build maxed Windows API distribution	2026-08-10T06:28:17.3710458Z   498 |     skode_linked_velocity(route->target, 0.0f, SAMPLE_COUNT_GET());
windows	Build maxed Windows API distribution	2026-08-10T06:28:17.3711115Z       |                                                ^~~~~~~~~~~~~~~~~~
windows	Build maxed Windows API distribution	2026-08-10T06:28:17.3712053Z /home/runner/work/pulp/pulp/parts/build_cross_windows_zig_maxed/synth.h:11:47: note: expanded from macro 'SAMPLE_COUNT_GET'
windows	Build maxed Windows API distribution	2026-08-10T06:28:17.3713100Z    11 | #define SAMPLE_COUNT_GET() atomic_load_uint64(&synth_sample_count)
windows	Build maxed Windows API distribution	2026-08-10T06:28:17.3713987Z       |                                               ^~~~~~~~~~~~~~~~~~~
windows	Build maxed Windows API distribution	2026-08-10T06:28:17.3714796Z /home/runner/work/pulp/pulp/parts/portable_atomic.h:50:64: note: passing argument to parameter 'ptr' here
windows	Build maxed Windows API distribution	2026-08-10T06:28:17.3715717Z    50 |     static inline uint64_t atomic_load_uint64(atomic_uint64_t *ptr) {
windows	Build maxed Windows API distribution	2026-08-10T06:28:17.3716359Z       |                                                                ^
windows	Build maxed Windows API distribution	2026-08-10T06:28:17.3716833Z 3 warnings generated.
windows	Build maxed Windows API distribution	2026-08-10T06:28:17.6975853Z [40/61] Building C object CMakeFiles/api_shared.dir/exp-vfs/skred_vfs.c.obj
windows	Build maxed Windows API distribution	2026-08-10T06:28:17.8703834Z [41/61] Building C object CMakeFiles/api_shared.dir/exp-vfs/miniz_tinfl.c.obj
windows	Build maxed Windows API distribution	2026-08-10T06:28:18.0854829Z [42/61] Building C object CMakeFiles/api_shared.dir/exp-vfs/miniz_tdef.c.obj
windows	Build maxed Windows API distribution	2026-08-10T06:28:18.8394748Z [43/61] Building C object CMakeFiles/api_shared.dir/exp-vfs/miniz_zip.c.obj
windows	Build maxed Windows API distribution	2026-08-10T06:28:19.4654911Z [44/61] Building C object CMakeFiles/api_shared.dir/skode-event.c.obj
windows	Build maxed Windows API distribution	2026-08-10T06:28:19.4658469Z /home/runner/work/pulp/pulp/parts/skode-event.c:456:28: warning: passing 'volatile uint64_t *' (aka 'volatile unsigned long long *') to parameter of type 'atomic_uint64_t *' (aka 'volatile long long *') converts between pointers to integer types with different sign [-Wpointer-sign]
windows	Build maxed Windows API distribution	2026-08-10T06:28:19.4660642Z   456 |   skred_control_user_event(SAMPLE_COUNT_GET(), voice, pattern, step, tag,
windows	Build maxed Windows API distribution	2026-08-10T06:28:19.4661546Z       |                            ^~~~~~~~~~~~~~~~~~
windows	Build maxed Windows API distribution	2026-08-10T06:28:19.4662619Z /home/runner/work/pulp/pulp/parts/build_cross_windows_zig_maxed/synth.h:11:47: note: expanded from macro 'SAMPLE_COUNT_GET'
windows	Build maxed Windows API distribution	2026-08-10T06:28:19.4663974Z    11 | #define SAMPLE_COUNT_GET() atomic_load_uint64(&synth_sample_count)
windows	Build maxed Windows API distribution	2026-08-10T06:28:19.4664790Z       |                                               ^~~~~~~~~~~~~~~~~~~
windows	Build maxed Windows API distribution	2026-08-10T06:28:19.4665742Z /home/runner/work/pulp/pulp/parts/portable_atomic.h:50:64: note: passing argument to parameter 'ptr' here
windows	Build maxed Windows API distribution	2026-08-10T06:28:19.4667209Z    50 |     static inline uint64_t atomic_load_uint64(atomic_uint64_t *ptr) {
windows	Build maxed Windows API distribution	2026-08-10T06:28:19.4668045Z       |                                                                ^
windows	Build maxed Windows API distribution	2026-08-10T06:28:19.4669945Z /home/runner/work/pulp/pulp/parts/skode-event.c:621:44: warning: passing 'volatile uint64_t *' (aka 'volatile unsigned long long *') to parameter of type 'atomic_uint64_t *' (aka 'volatile long long *') converts between pointers to integer types with different sign [-Wpointer-sign]
windows	Build maxed Windows API distribution	2026-08-10T06:28:19.4671993Z   621 |   return run_program(program, voice, when, SAMPLE_COUNT_GET(), tag, 0, NULL,
windows	Build maxed Windows API distribution	2026-08-10T06:28:19.4672841Z       |                                            ^~~~~~~~~~~~~~~~~~
windows	Build maxed Windows API distribution	2026-08-10T06:28:19.4674170Z /home/runner/work/pulp/pulp/parts/build_cross_windows_zig_maxed/synth.h:11:47: note: expanded from macro 'SAMPLE_COUNT_GET'
windows	Build maxed Windows API distribution	2026-08-10T06:28:19.4675502Z    11 | #define SAMPLE_COUNT_GET() atomic_load_uint64(&synth_sample_count)
windows	Build maxed Windows API distribution	2026-08-10T06:28:19.4676613Z       |                                               ^~~~~~~~~~~~~~~~~~~
windows	Build maxed Windows API distribution	2026-08-10T06:28:19.4677531Z /home/runner/work/pulp/pulp/parts/portable_atomic.h:50:64: note: passing argument to parameter 'ptr' here
windows	Build maxed Windows API distribution	2026-08-10T06:28:19.4678606Z    50 |     static inline uint64_t atomic_load_uint64(atomic_uint64_t *ptr) {
windows	Build maxed Windows API distribution	2026-08-10T06:28:19.4679366Z       |                                                                ^
windows	Build maxed Windows API distribution	2026-08-10T06:28:19.4681206Z /home/runner/work/pulp/pulp/parts/skode-event.c:641:44: warning: passing 'volatile uint64_t *' (aka 'volatile unsigned long long *') to parameter of type 'atomic_uint64_t *' (aka 'volatile long long *') converts between pointers to integer types with different sign [-Wpointer-sign]
windows	Build maxed Windows API distribution	2026-08-10T06:28:19.4683212Z   641 |   return run_program(program, voice, when, SAMPLE_COUNT_GET(), tag, 0, NULL,
windows	Build maxed Windows API distribution	2026-08-10T06:28:19.4684779Z       |                                            ^~~~~~~~~~~~~~~~~~
windows	Build maxed Windows API distribution	2026-08-10T06:28:19.4685880Z /home/runner/work/pulp/pulp/parts/build_cross_windows_zig_maxed/synth.h:11:47: note: expanded from macro 'SAMPLE_COUNT_GET'
windows	Build maxed Windows API distribution	2026-08-10T06:28:19.4687000Z    11 | #define SAMPLE_COUNT_GET() atomic_load_uint64(&synth_sample_count)
windows	Build maxed Windows API distribution	2026-08-10T06:28:19.4687756Z       |                                               ^~~~~~~~~~~~~~~~~~~
windows	Build maxed Windows API distribution	2026-08-10T06:28:19.4688667Z /home/runner/work/pulp/pulp/parts/portable_atomic.h:50:64: note: passing argument to parameter 'ptr' here
windows	Build maxed Windows API distribution	2026-08-10T06:28:19.4689658Z    50 |     static inline uint64_t atomic_load_uint64(atomic_uint64_t *ptr) {
windows	Build maxed Windows API distribution	2026-08-10T06:28:19.4690358Z       |                                                                ^
windows	Build maxed Windows API distribution	2026-08-10T06:28:19.4690956Z 3 warnings generated.
windows	Build maxed Windows API distribution	2026-08-10T06:28:19.5290291Z [45/61] Building C object CMakeFiles/api_shared.dir/skode-dict.c.obj
windows	Build maxed Windows API distribution	2026-08-10T06:28:19.5326419Z /home/runner/work/pulp/pulp/parts/skode-dict.c:737:7: warning: passing 'volatile uint64_t *' (aka 'volatile unsigned long long *') to parameter of type 'atomic_uint64_t *' (aka 'volatile long long *') converts between pointers to integer types with different sign [-Wpointer-sign]
windows	Build maxed Windows API distribution	2026-08-10T06:28:19.5354506Z   737 |       SAMPLE_COUNT_GET(), -1, ctx->pattern, ctx->step) != 0 && ctx->printf)
windows	Build maxed Windows API distribution	2026-08-10T06:28:19.5355507Z       |       ^~~~~~~~~~~~~~~~~~
windows	Build maxed Windows API distribution	2026-08-10T06:28:19.5359120Z /home/runner/work/pulp/pulp/parts/build_cross_windows_zig_maxed/synth.h:11:47: note: expanded from macro 'SAMPLE_COUNT_GET'
windows	Build maxed Windows API distribution	2026-08-10T06:28:19.5360466Z    11 | #define SAMPLE_COUNT_GET() atomic_load_uint64(&synth_sample_count)
windows	Build maxed Windows API distribution	2026-08-10T06:28:19.5361359Z       |                                               ^~~~~~~~~~~~~~~~~~~
windows	Build maxed Windows API distribution	2026-08-10T06:28:19.5362446Z /home/runner/work/pulp/pulp/parts/portable_atomic.h:50:64: note: passing argument to parameter 'ptr' here
windows	Build maxed Windows API distribution	2026-08-10T06:28:19.5363900Z    50 |     static inline uint64_t atomic_load_uint64(atomic_uint64_t *ptr) {
windows	Build maxed Windows API distribution	2026-08-10T06:28:19.5364835Z       |                                                                ^
windows	Build maxed Windows API distribution	2026-08-10T06:28:19.5365528Z 1 warning generated.
windows	Build maxed Windows API distribution	2026-08-10T06:28:19.8319674Z [46/61] Building C object CMakeFiles/api_shared.dir/skqueue.c.obj
windows	Build maxed Windows API distribution	2026-08-10T06:28:20.2574886Z [47/61] Building C object CMakeFiles/api_shared.dir/vendor/ksynth/ksynth.c.obj
windows	Build maxed Windows API distribution	2026-08-10T06:28:20.6984761Z [48/61] Building C object CMakeFiles/api_shared.dir/udp.c.obj
windows	Build maxed Windows API distribution	2026-08-10T06:28:21.9721596Z [49/61] Building C object CMakeFiles/api_shared.dir/api.c.obj
windows	Build maxed Windows API distribution	2026-08-10T06:28:21.9766076Z /home/runner/work/pulp/pulp/parts/build_cross_windows_zig_maxed/api.c:366:66: warning: passing 'volatile uint64_t *' (aka 'volatile unsigned long long *') to parameter of type 'atomic_uint64_t *' (aka 'volatile long long *') converts between pointers to integer types with different sign [-Wpointer-sign]
windows	Build maxed Windows API distribution	2026-08-10T06:28:21.9794572Z   366 |     skred_control_voice_event(SKRED_CONTROL_EVENT_VOICE_TRIGGER, SAMPLE_COUNT_GET(), voice);
windows	Build maxed Windows API distribution	2026-08-10T06:28:21.9824396Z       |                                                                  ^~~~~~~~~~~~~~~~~~
windows	Build maxed Windows API distribution	2026-08-10T06:28:21.9834639Z /home/runner/work/pulp/pulp/parts/build_cross_windows_zig_maxed/synth.h:11:47: note: expanded from macro 'SAMPLE_COUNT_GET'
windows	Build maxed Windows API distribution	2026-08-10T06:28:21.9836261Z    11 | #define SAMPLE_COUNT_GET() atomic_load_uint64(&synth_sample_count)
windows	Build maxed Windows API distribution	2026-08-10T06:28:21.9836886Z       |                                               ^~~~~~~~~~~~~~~~~~~
windows	Build maxed Windows API distribution	2026-08-10T06:28:21.9837682Z /home/runner/work/pulp/pulp/parts/portable_atomic.h:50:64: note: passing argument to parameter 'ptr' here
windows	Build maxed Windows API distribution	2026-08-10T06:28:21.9838600Z    50 |     static inline uint64_t atomic_load_uint64(atomic_uint64_t *ptr) {
windows	Build maxed Windows API distribution	2026-08-10T06:28:21.9839224Z       |                                                                ^
windows	Build maxed Windows API distribution	2026-08-10T06:28:21.9841009Z /home/runner/work/pulp/pulp/parts/build_cross_windows_zig_maxed/api.c:391:66: warning: passing 'volatile uint64_t *' (aka 'volatile unsigned long long *') to parameter of type 'atomic_uint64_t *' (aka 'volatile long long *') converts between pointers to integer types with different sign [-Wpointer-sign]
windows	Build maxed Windows API distribution	2026-08-10T06:28:21.9843049Z   391 |     skred_control_voice_event(SKRED_CONTROL_EVENT_VOICE_RELEASE, SAMPLE_COUNT_GET(), voice);
windows	Build maxed Windows API distribution	2026-08-10T06:28:21.9874307Z       |                                                                  ^~~~~~~~~~~~~~~~~~
windows	Build maxed Windows API distribution	2026-08-10T06:28:21.9875347Z /home/runner/work/pulp/pulp/parts/build_cross_windows_zig_maxed/synth.h:11:47: note: expanded from macro 'SAMPLE_COUNT_GET'
windows	Build maxed Windows API distribution	2026-08-10T06:28:21.9876492Z    11 | #define SAMPLE_COUNT_GET() atomic_load_uint64(&synth_sample_count)
windows	Build maxed Windows API distribution	2026-08-10T06:28:21.9877145Z       |                                               ^~~~~~~~~~~~~~~~~~~
windows	Build maxed Windows API distribution	2026-08-10T06:28:21.9877932Z /home/runner/work/pulp/pulp/parts/portable_atomic.h:50:64: note: passing argument to parameter 'ptr' here
windows	Build maxed Windows API distribution	2026-08-10T06:28:21.9878852Z    50 |     static inline uint64_t atomic_load_uint64(atomic_uint64_t *ptr) {
windows	Build maxed Windows API distribution	2026-08-10T06:28:21.9879474Z       |                                                                ^
windows	Build maxed Windows API distribution	2026-08-10T06:28:21.9881315Z /home/runner/work/pulp/pulp/parts/build_cross_windows_zig_maxed/api.c:398:57: warning: passing 'volatile uint64_t *' (aka 'volatile unsigned long long *') to parameter of type 'atomic_uint64_t *' (aka 'volatile long long *') converts between pointers to integer types with different sign [-Wpointer-sign]
windows	Build maxed Windows API distribution	2026-08-10T06:28:21.9883400Z   398 |   skred_control_event_publish(SKRED_CONTROL_EVENT_MIDI, SAMPLE_COUNT_GET(),
windows	Build maxed Windows API distribution	2026-08-10T06:28:21.9884350Z       |                                                         ^~~~~~~~~~~~~~~~~~
windows	Build maxed Windows API distribution	2026-08-10T06:28:21.9885375Z /home/runner/work/pulp/pulp/parts/build_cross_windows_zig_maxed/synth.h:11:47: note: expanded from macro 'SAMPLE_COUNT_GET'
windows	Build maxed Windows API distribution	2026-08-10T06:28:21.9886389Z    11 | #define SAMPLE_COUNT_GET() atomic_load_uint64(&synth_sample_count)
windows	Build maxed Windows API distribution	2026-08-10T06:28:21.9887006Z       |                                               ^~~~~~~~~~~~~~~~~~~
windows	Build maxed Windows API distribution	2026-08-10T06:28:21.9887770Z /home/runner/work/pulp/pulp/parts/portable_atomic.h:50:64: note: passing argument to parameter 'ptr' here
windows	Build maxed Windows API distribution	2026-08-10T06:28:21.9888744Z    50 |     static inline uint64_t atomic_load_uint64(atomic_uint64_t *ptr) {
windows	Build maxed Windows API distribution	2026-08-10T06:28:21.9889741Z       |                                                                ^
windows	Build maxed Windows API distribution	2026-08-10T06:28:21.9891550Z /home/runner/work/pulp/pulp/parts/build_cross_windows_zig_maxed/api.c:941:23: warning: passing 'volatile uint64_t *' (aka 'volatile unsigned long long *') to parameter of type 'atomic_uint64_t *' (aka 'volatile long long *') converts between pointers to integer types with different sign [-Wpointer-sign]
windows	Build maxed Windows API distribution	2026-08-10T06:28:21.9893321Z   941 |   out->sample_count = SAMPLE_COUNT_GET();
windows	Build maxed Windows API distribution	2026-08-10T06:28:21.9903111Z       |                       ^~~~~~~~~~~~~~~~~~
windows	Build maxed Windows API distribution	2026-08-10T06:28:21.9904312Z /home/runner/work/pulp/pulp/parts/build_cross_windows_zig_maxed/synth.h:11:47: note: expanded from macro 'SAMPLE_COUNT_GET'
windows	Build maxed Windows API distribution	2026-08-10T06:28:21.9905379Z    11 | #define SAMPLE_COUNT_GET() atomic_load_uint64(&synth_sample_count)
windows	Build maxed Windows API distribution	2026-08-10T06:28:21.9906017Z       |                                               ^~~~~~~~~~~~~~~~~~~
windows	Build maxed Windows API distribution	2026-08-10T06:28:21.9907158Z /home/runner/work/pulp/pulp/parts/portable_atomic.h:50:64: note: passing argument to parameter 'ptr' here
windows	Build maxed Windows API distribution	2026-08-10T06:28:21.9908137Z    50 |     static inline uint64_t atomic_load_uint64(atomic_uint64_t *ptr) {
windows	Build maxed Windows API distribution	2026-08-10T06:28:21.9908788Z       |                                                                ^
windows	Build maxed Windows API distribution	2026-08-10T06:28:21.9910629Z /home/runner/work/pulp/pulp/parts/build_cross_windows_zig_maxed/api.c:1235:5: warning: passing 'volatile uint64_t *' (aka 'volatile unsigned long long *') to parameter of type 'atomic_uint64_t *' (aka 'volatile long long *') converts between pointers to integer types with different sign [-Wpointer-sign]
windows	Build maxed Windows API distribution	2026-08-10T06:28:21.9912414Z  1235 |     SAMPLE_COUNT_GET(), -1, pattern, step);
windows	Build maxed Windows API distribution	2026-08-10T06:28:21.9912903Z       |     ^~~~~~~~~~~~~~~~~~
windows	Build maxed Windows API distribution	2026-08-10T06:28:21.9913936Z /home/runner/work/pulp/pulp/parts/build_cross_windows_zig_maxed/synth.h:11:47: note: expanded from macro 'SAMPLE_COUNT_GET'
windows	Build maxed Windows API distribution	2026-08-10T06:28:21.9914932Z    11 | #define SAMPLE_COUNT_GET() atomic_load_uint64(&synth_sample_count)
windows	Build maxed Windows API distribution	2026-08-10T06:28:21.9915570Z       |                                               ^~~~~~~~~~~~~~~~~~~
windows	Build maxed Windows API distribution	2026-08-10T06:28:21.9916397Z /home/runner/work/pulp/pulp/parts/portable_atomic.h:50:64: note: passing argument to parameter 'ptr' here
windows	Build maxed Windows API distribution	2026-08-10T06:28:21.9917335Z    50 |     static inline uint64_t atomic_load_uint64(atomic_uint64_t *ptr) {
windows	Build maxed Windows API distribution	2026-08-10T06:28:21.9917941Z       |                                                                ^
windows	Build maxed Windows API distribution	2026-08-10T06:28:21.9919682Z /home/runner/work/pulp/pulp/parts/build_cross_windows_zig_maxed/api.c:1250:24: warning: passing 'volatile uint64_t *' (aka 'volatile unsigned long long *') to parameter of type 'atomic_uint64_t *' (aka 'volatile long long *') converts between pointers to integer types with different sign [-Wpointer-sign]
windows	Build maxed Windows API distribution	2026-08-10T06:28:21.9921511Z  1250 |   uint64_t block_end = SAMPLE_COUNT_GET() + (uint64_t)frame_count;
windows	Build maxed Windows API distribution	2026-08-10T06:28:21.9922088Z       |                        ^~~~~~~~~~~~~~~~~~
windows	Build maxed Windows API distribution	2026-08-10T06:28:21.9922948Z /home/runner/work/pulp/pulp/parts/build_cross_windows_zig_maxed/synth.h:11:47: note: expanded from macro 'SAMPLE_COUNT_GET'
windows	Build maxed Windows API distribution	2026-08-10T06:28:21.9944718Z    11 | #define SAMPLE_COUNT_GET() atomic_load_uint64(&synth_sample_count)
windows	Build maxed Windows API distribution	2026-08-10T06:28:21.9945382Z       |                                               ^~~~~~~~~~~~~~~~~~~
windows	Build maxed Windows API distribution	2026-08-10T06:28:21.9946209Z /home/runner/work/pulp/pulp/parts/portable_atomic.h:50:64: note: passing argument to parameter 'ptr' here
windows	Build maxed Windows API distribution	2026-08-10T06:28:21.9947169Z    50 |     static inline uint64_t atomic_load_uint64(atomic_uint64_t *ptr) {
windows	Build maxed Windows API distribution	2026-08-10T06:28:21.9947813Z       |                                                                ^
windows	Build maxed Windows API distribution	2026-08-10T06:28:21.9949661Z /home/runner/work/pulp/pulp/parts/build_cross_windows_zig_maxed/api.c:1253:20: warning: passing 'volatile uint64_t *' (aka 'volatile unsigned long long *') to parameter of type 'atomic_uint64_t *' (aka 'volatile long long *') converts between pointers to integer types with different sign [-Wpointer-sign]
windows	Build maxed Windows API distribution	2026-08-10T06:28:21.9951448Z  1253 |     uint64_t now = SAMPLE_COUNT_GET();
windows	Build maxed Windows API distribution	2026-08-10T06:28:21.9952277Z       |                    ^~~~~~~~~~~~~~~~~~
windows	Build maxed Windows API distribution	2026-08-10T06:28:21.9953126Z /home/runner/work/pulp/pulp/parts/build_cross_windows_zig_maxed/synth.h:11:47: note: expanded from macro 'SAMPLE_COUNT_GET'
windows	Build maxed Windows API distribution	2026-08-10T06:28:21.9954358Z    11 | #define SAMPLE_COUNT_GET() atomic_load_uint64(&synth_sample_count)
windows	Build maxed Windows API distribution	2026-08-10T06:28:21.9954946Z       |                                               ^~~~~~~~~~~~~~~~~~~
windows	Build maxed Windows API distribution	2026-08-10T06:28:21.9955759Z /home/runner/work/pulp/pulp/parts/portable_atomic.h:50:64: note: passing argument to parameter 'ptr' here
windows	Build maxed Windows API distribution	2026-08-10T06:28:21.9956652Z    50 |     static inline uint64_t atomic_load_uint64(atomic_uint64_t *ptr) {
windows	Build maxed Windows API distribution	2026-08-10T06:28:21.9957287Z       |                                                                ^
windows	Build maxed Windows API distribution	2026-08-10T06:28:21.9957754Z 7 warnings generated.
windows	Build maxed Windows API distribution	2026-08-10T06:28:22.4775051Z [50/61] Building C object CMakeFiles/api_shared.dir/polyphony.c.obj
windows	Build maxed Windows API distribution	2026-08-10T06:28:22.4842450Z /home/runner/work/pulp/pulp/parts/build_cross_windows_zig_maxed/polyphony.c:262:20: warning: passing 'volatile uint64_t *' (aka 'volatile unsigned long long *') to parameter of type 'atomic_uint64_t *' (aka 'volatile long long *') converts between pointers to integer types with different sign [-Wpointer-sign]
windows	Build maxed Windows API distribution	2026-08-10T06:28:22.4854496Z   262 |     uint64_t now = SAMPLE_COUNT_GET();
windows	Build maxed Windows API distribution	2026-08-10T06:28:22.4894448Z       |                    ^~~~~~~~~~~~~~~~~~
windows	Build maxed Windows API distribution	2026-08-10T06:28:22.4924829Z /home/runner/work/pulp/pulp/parts/build_cross_windows_zig_maxed/synth.h:11:47: note: expanded from macro 'SAMPLE_COUNT_GET'
windows	Build maxed Windows API distribution	2026-08-10T06:28:22.4954342Z    11 | #define SAMPLE_COUNT_GET() atomic_load_uint64(&synth_sample_count)
windows	Build maxed Windows API distribution	2026-08-10T06:28:22.4994672Z       |                                               ^~~~~~~~~~~~~~~~~~~
windows	Build maxed Windows API distribution	2026-08-10T06:28:22.5044627Z /home/runner/work/pulp/pulp/parts/portable_atomic.h:50:64: note: passing argument to parameter 'ptr' here
windows	Build maxed Windows API distribution	2026-08-10T06:28:22.5074260Z    50 |     static inline uint64_t atomic_load_uint64(atomic_uint64_t *ptr) {
windows	Build maxed Windows API distribution	2026-08-10T06:28:22.5094344Z       |                                                                ^
windows	Build maxed Windows API distribution	2026-08-10T06:28:22.5115513Z /home/runner/work/pulp/pulp/parts/build_cross_windows_zig_maxed/polyphony.c:486:18: warning: passing 'volatile uint64_t *' (aka 'volatile unsigned long long *') to parameter of type 'atomic_uint64_t *' (aka 'volatile long long *') converts between pointers to integer types with different sign [-Wpointer-sign]
windows	Build maxed Windows API distribution	2026-08-10T06:28:22.5134277Z   486 |   uint64_t now = SAMPLE_COUNT_GET();
windows	Build maxed Windows API distribution	2026-08-10T06:28:22.5164099Z       |                  ^~~~~~~~~~~~~~~~~~
windows	Build maxed Windows API distribution	2026-08-10T06:28:22.5165083Z /home/runner/work/pulp/pulp/parts/build_cross_windows_zig_maxed/synth.h:11:47: note: expanded from macro 'SAMPLE_COUNT_GET'
windows	Build maxed Windows API distribution	2026-08-10T06:28:22.5166133Z    11 | #define SAMPLE_COUNT_GET() atomic_load_uint64(&synth_sample_count)
windows	Build maxed Windows API distribution	2026-08-10T06:28:22.5166755Z       |                                               ^~~~~~~~~~~~~~~~~~~
windows	Build maxed Windows API distribution	2026-08-10T06:28:22.5167573Z /home/runner/work/pulp/pulp/parts/portable_atomic.h:50:64: note: passing argument to parameter 'ptr' here
windows	Build maxed Windows API distribution	2026-08-10T06:28:22.5168545Z    50 |     static inline uint64_t atomic_load_uint64(atomic_uint64_t *ptr) {
windows	Build maxed Windows API distribution	2026-08-10T06:28:22.5169171Z       |                                                                ^
windows	Build maxed Windows API distribution	2026-08-10T06:28:22.5171068Z /home/runner/work/pulp/pulp/parts/build_cross_windows_zig_maxed/polyphony.c:539:18: warning: passing 'volatile uint64_t *' (aka 'volatile unsigned long long *') to parameter of type 'atomic_uint64_t *' (aka 'volatile long long *') converts between pointers to integer types with different sign [-Wpointer-sign]
windows	Build maxed Windows API distribution	2026-08-10T06:28:22.5172881Z   539 |   uint64_t now = SAMPLE_COUNT_GET();
windows	Build maxed Windows API distribution	2026-08-10T06:28:22.5173329Z       |                  ^~~~~~~~~~~~~~~~~~
windows	Build maxed Windows API distribution	2026-08-10T06:28:22.5174427Z /home/runner/work/pulp/pulp/parts/build_cross_windows_zig_maxed/synth.h:11:47: note: expanded from macro 'SAMPLE_COUNT_GET'
windows	Build maxed Windows API distribution	2026-08-10T06:28:22.5175461Z    11 | #define SAMPLE_COUNT_GET() atomic_load_uint64(&synth_sample_count)
windows	Build maxed Windows API distribution	2026-08-10T06:28:22.5176494Z       |                                               ^~~~~~~~~~~~~~~~~~~
windows	Build maxed Windows API distribution	2026-08-10T06:28:22.5177354Z /home/runner/work/pulp/pulp/parts/portable_atomic.h:50:64: note: passing argument to parameter 'ptr' here
windows	Build maxed Windows API distribution	2026-08-10T06:28:22.5178296Z    50 |     static inline uint64_t atomic_load_uint64(atomic_uint64_t *ptr) {
windows	Build maxed Windows API distribution	2026-08-10T06:28:22.5178921Z       |                                                                ^
windows	Build maxed Windows API distribution	2026-08-10T06:28:22.5180820Z /home/runner/work/pulp/pulp/parts/build_cross_windows_zig_maxed/polyphony.c:591:18: warning: passing 'volatile uint64_t *' (aka 'volatile unsigned long long *') to parameter of type 'atomic_uint64_t *' (aka 'volatile long long *') converts between pointers to integer types with different sign [-Wpointer-sign]
windows	Build maxed Windows API distribution	2026-08-10T06:28:22.5204184Z   591 |   uint64_t now = SAMPLE_COUNT_GET();
windows	Build maxed Windows API distribution	2026-08-10T06:28:22.5234069Z       |                  ^~~~~~~~~~~~~~~~~~
windows	Build maxed Windows API distribution	2026-08-10T06:28:22.5264768Z /home/runner/work/pulp/pulp/parts/build_cross_windows_zig_maxed/synth.h:11:47: note: expanded from macro 'SAMPLE_COUNT_GET'
windows	Build maxed Windows API distribution	2026-08-10T06:28:22.5294298Z    11 | #define SAMPLE_COUNT_GET() atomic_load_uint64(&synth_sample_count)
windows	Build maxed Windows API distribution	2026-08-10T06:28:22.5324128Z       |                                               ^~~~~~~~~~~~~~~~~~~
windows	Build maxed Windows API distribution	2026-08-10T06:28:22.5354461Z /home/runner/work/pulp/pulp/parts/portable_atomic.h:50:64: note: passing argument to parameter 'ptr' here
windows	Build maxed Windows API distribution	2026-08-10T06:28:22.5384272Z    50 |     static inline uint64_t atomic_load_uint64(atomic_uint64_t *ptr) {
windows	Build maxed Windows API distribution	2026-08-10T06:28:22.5414152Z       |                                                                ^
windows	Build maxed Windows API distribution	2026-08-10T06:28:22.5444077Z 4 warnings generated.
windows	Build maxed Windows API distribution	2026-08-10T06:28:23.2114710Z [51/61] Building C object CMakeFiles/api_shared.dir/synth.c.obj
windows	Build maxed Windows API distribution	2026-08-10T06:28:23.4964914Z [52/61] Building C object CMakeFiles/api_shared.dir/synth-alloc.c.obj
windows	Build maxed Windows API distribution	2026-08-10T06:28:23.9294939Z [53/61] Building C object CMakeFiles/api_shared.dir/seq.c.obj
windows	Build maxed Windows API distribution	2026-08-10T06:28:23.9297541Z /home/runner/work/pulp/pulp/parts/build_cross_windows_zig_maxed/seq.c:67:18: warning: passing 'volatile uint64_t *' (aka 'volatile unsigned long long *') to parameter of type 'atomic_uint64_t *' (aka 'volatile long long *') converts between pointers to integer types with different sign [-Wpointer-sign]
windows	Build maxed Windows API distribution	2026-08-10T06:28:23.9299842Z    67 |   uint64_t now = SAMPLE_COUNT_GET();
windows	Build maxed Windows API distribution	2026-08-10T06:28:23.9300462Z       |                  ^~~~~~~~~~~~~~~~~~
windows	Build maxed Windows API distribution	2026-08-10T06:28:23.9301645Z /home/runner/work/pulp/pulp/parts/build_cross_windows_zig_maxed/synth.h:11:47: note: expanded from macro 'SAMPLE_COUNT_GET'
windows	Build maxed Windows API distribution	2026-08-10T06:28:23.9302893Z    11 | #define SAMPLE_COUNT_GET() atomic_load_uint64(&synth_sample_count)
windows	Build maxed Windows API distribution	2026-08-10T06:28:23.9303884Z       |                                               ^~~~~~~~~~~~~~~~~~~
windows	Build maxed Windows API distribution	2026-08-10T06:28:23.9304897Z /home/runner/work/pulp/pulp/parts/portable_atomic.h:50:64: note: passing argument to parameter 'ptr' here
windows	Build maxed Windows API distribution	2026-08-10T06:28:23.9306038Z    50 |     static inline uint64_t atomic_load_uint64(atomic_uint64_t *ptr) {
windows	Build maxed Windows API distribution	2026-08-10T06:28:23.9306882Z       |                                                                ^
windows	Build maxed Windows API distribution	2026-08-10T06:28:23.9308793Z /home/runner/work/pulp/pulp/parts/build_cross_windows_zig_maxed/seq.c:106:23: warning: passing 'volatile uint64_t *' (aka 'volatile unsigned long long *') to parameter of type 'atomic_uint64_t *' (aka 'volatile long long *') converts between pointers to integer types with different sign [-Wpointer-sign]
windows	Build maxed Windows API distribution	2026-08-10T06:28:23.9310881Z   106 |   seq_sample_origin = SAMPLE_COUNT_GET();
windows	Build maxed Windows API distribution	2026-08-10T06:28:23.9311606Z       |                       ^~~~~~~~~~~~~~~~~~
windows	Build maxed Windows API distribution	2026-08-10T06:28:23.9312759Z /home/runner/work/pulp/pulp/parts/build_cross_windows_zig_maxed/synth.h:11:47: note: expanded from macro 'SAMPLE_COUNT_GET'
windows	Build maxed Windows API distribution	2026-08-10T06:28:23.9314306Z    11 | #define SAMPLE_COUNT_GET() atomic_load_uint64(&synth_sample_count)
windows	Build maxed Windows API distribution	2026-08-10T06:28:23.9315162Z       |                                               ^~~~~~~~~~~~~~~~~~~
windows	Build maxed Windows API distribution	2026-08-10T06:28:23.9316262Z /home/runner/work/pulp/pulp/parts/portable_atomic.h:50:64: note: passing argument to parameter 'ptr' here
windows	Build maxed Windows API distribution	2026-08-10T06:28:23.9317899Z    50 |     static inline uint64_t atomic_load_uint64(atomic_uint64_t *ptr) {
windows	Build maxed Windows API distribution	2026-08-10T06:28:23.9318783Z       |                                                                ^
windows	Build maxed Windows API distribution	2026-08-10T06:28:23.9320864Z /home/runner/work/pulp/pulp/parts/build_cross_windows_zig_maxed/seq.c:350:23: warning: passing 'volatile uint64_t *' (aka 'volatile unsigned long long *') to parameter of type 'atomic_uint64_t *' (aka 'volatile long long *') converts between pointers to integer types with different sign [-Wpointer-sign]
windows	Build maxed Windows API distribution	2026-08-10T06:28:23.9322956Z   350 |   seq_sample_origin = SAMPLE_COUNT_GET();
windows	Build maxed Windows API distribution	2026-08-10T06:28:23.9323898Z       |                       ^~~~~~~~~~~~~~~~~~
windows	Build maxed Windows API distribution	2026-08-10T06:28:23.9324998Z /home/runner/work/pulp/pulp/parts/build_cross_windows_zig_maxed/synth.h:11:47: note: expanded from macro 'SAMPLE_COUNT_GET'
windows	Build maxed Windows API distribution	2026-08-10T06:28:23.9326205Z    11 | #define SAMPLE_COUNT_GET() atomic_load_uint64(&synth_sample_count)
windows	Build maxed Windows API distribution	2026-08-10T06:28:23.9327376Z       |                                               ^~~~~~~~~~~~~~~~~~~
windows	Build maxed Windows API distribution	2026-08-10T06:28:23.9328309Z /home/runner/work/pulp/pulp/parts/portable_atomic.h:50:64: note: passing argument to parameter 'ptr' here
windows	Build maxed Windows API distribution	2026-08-10T06:28:23.9329388Z    50 |     static inline uint64_t atomic_load_uint64(atomic_uint64_t *ptr) {
windows	Build maxed Windows API distribution	2026-08-10T06:28:23.9330240Z       |                                                                ^
windows	Build maxed Windows API distribution	2026-08-10T06:28:23.9330931Z 3 warnings generated.
windows	Build maxed Windows API distribution	2026-08-10T06:28:24.6766238Z [54/61] Building C object CMakeFiles/mini-skred.dir/mini-skred.c.obj
windows	Build maxed Windows API distribution	2026-08-10T06:28:24.7660879Z [55/61] Building C object CMakeFiles/api_shared.dir/recorder.c.obj
windows	Build maxed Windows API distribution	2026-08-10T06:28:25.5810721Z [56/61] Building C object CMakeFiles/api_shared.dir/skode.c.obj
windows	Build maxed Windows API distribution	2026-08-10T06:28:25.5812944Z /home/runner/work/pulp/pulp/parts/build_cross_windows_zig_maxed/skode.c:905:20: warning: passing 'volatile uint64_t *' (aka 'volatile unsigned long long *') to parameter of type 'atomic_uint64_t *' (aka 'volatile long long *') converts between pointers to integer types with different sign [-Wpointer-sign]
windows	Build maxed Windows API distribution	2026-08-10T06:28:25.5815269Z   905 |     uint64_t now = SAMPLE_COUNT_GET();
windows	Build maxed Windows API distribution	2026-08-10T06:28:25.5815819Z       |                    ^~~~~~~~~~~~~~~~~~
windows	Build maxed Windows API distribution	2026-08-10T06:28:25.5816745Z /home/runner/work/pulp/pulp/parts/build_cross_windows_zig_maxed/synth.h:11:47: note: expanded from macro 'SAMPLE_COUNT_GET'
windows	Build maxed Windows API distribution	2026-08-10T06:28:25.5817892Z    11 | #define SAMPLE_COUNT_GET() atomic_load_uint64(&synth_sample_count)
windows	Build maxed Windows API distribution	2026-08-10T06:28:25.5818526Z       |                                               ^~~~~~~~~~~~~~~~~~~
windows	Build maxed Windows API distribution	2026-08-10T06:28:25.5819364Z /home/runner/work/pulp/pulp/parts/portable_atomic.h:50:64: note: passing argument to parameter 'ptr' here
windows	Build maxed Windows API distribution	2026-08-10T06:28:25.5820291Z    50 |     static inline uint64_t atomic_load_uint64(atomic_uint64_t *ptr) {
windows	Build maxed Windows API distribution	2026-08-10T06:28:25.5820940Z       |                                                                ^
windows	Build maxed Windows API distribution	2026-08-10T06:28:25.5822820Z /home/runner/work/pulp/pulp/parts/build_cross_windows_zig_maxed/skode.c:2756:17: warning: passing 'volatile uint64_t *' (aka 'volatile unsigned long long *') to parameter of type 'atomic_uint64_t *' (aka 'volatile long long *') converts between pointers to integer types with different sign [-Wpointer-sign]
windows	Build maxed Windows API distribution	2026-08-10T06:28:25.5824845Z  2756 |   uint64_t qt = SAMPLE_COUNT_GET();
windows	Build maxed Windows API distribution	2026-08-10T06:28:25.5825309Z       |                 ^~~~~~~~~~~~~~~~~~
windows	Build maxed Windows API distribution	2026-08-10T06:28:25.5826136Z /home/runner/work/pulp/pulp/parts/build_cross_windows_zig_maxed/synth.h:11:47: note: expanded from macro 'SAMPLE_COUNT_GET'
windows	Build maxed Windows API distribution	2026-08-10T06:28:25.5827148Z    11 | #define SAMPLE_COUNT_GET() atomic_load_uint64(&synth_sample_count)
windows	Build maxed Windows API distribution	2026-08-10T06:28:25.5827846Z       |                                               ^~~~~~~~~~~~~~~~~~~
windows	Build maxed Windows API distribution	2026-08-10T06:28:25.5828673Z /home/runner/work/pulp/pulp/parts/portable_atomic.h:50:64: note: passing argument to parameter 'ptr' here
windows	Build maxed Windows API distribution	2026-08-10T06:28:25.5829605Z    50 |     static inline uint64_t atomic_load_uint64(atomic_uint64_t *ptr) {
windows	Build maxed Windows API distribution	2026-08-10T06:28:25.5830264Z       |                                                                ^
windows	Build maxed Windows API distribution	2026-08-10T06:28:25.5832484Z /home/runner/work/pulp/pulp/parts/build_cross_windows_zig_maxed/skode.c:3085:54: warning: passing 'volatile uint64_t *' (aka 'volatile unsigned long long *') to parameter of type 'atomic_uint64_t *' (aka 'volatile long long *') converts between pointers to integer types with different sign [-Wpointer-sign]
windows	Build maxed Windows API distribution	2026-08-10T06:28:25.5834664Z  3085 |         skode_linked_velocity(voice, opcode->arg[0], SAMPLE_COUNT_GET()) : -1;
windows	Build maxed Windows API distribution	2026-08-10T06:28:25.5835355Z       |                                                      ^~~~~~~~~~~~~~~~~~
windows	Build maxed Windows API distribution	2026-08-10T06:28:25.5836239Z /home/runner/work/pulp/pulp/parts/build_cross_windows_zig_maxed/synth.h:11:47: note: expanded from macro 'SAMPLE_COUNT_GET'
windows	Build maxed Windows API distribution	2026-08-10T06:28:25.5837224Z    11 | #define SAMPLE_COUNT_GET() atomic_load_uint64(&synth_sample_count)
windows	Build maxed Windows API distribution	2026-08-10T06:28:25.5837861Z       |                                               ^~~~~~~~~~~~~~~~~~~
windows	Build maxed Windows API distribution	2026-08-10T06:28:25.5839042Z /home/runner/work/pulp/pulp/parts/portable_atomic.h:50:64: note: passing argument to parameter 'ptr' here
windows	Build maxed Windows API distribution	2026-08-10T06:28:25.5839987Z    50 |     static inline uint64_t atomic_load_uint64(atomic_uint64_t *ptr) {
windows	Build maxed Windows API distribution	2026-08-10T06:28:25.5840633Z       |                                                                ^
windows	Build maxed Windows API distribution	2026-08-10T06:28:25.5842465Z /home/runner/work/pulp/pulp/parts/build_cross_windows_zig_maxed/skode.c:3919:54: warning: passing 'volatile uint64_t *' (aka 'volatile unsigned long long *') to parameter of type 'atomic_uint64_t *' (aka 'volatile long long *') converts between pointers to integer types with different sign [-Wpointer-sign]
windows	Build maxed Windows API distribution	2026-08-10T06:28:25.5844707Z  3919 |       if (argc) skode_linked_velocity(voice, arg[0], SAMPLE_COUNT_GET());
windows	Build maxed Windows API distribution	2026-08-10T06:28:25.5845385Z       |                                                      ^~~~~~~~~~~~~~~~~~
windows	Build maxed Windows API distribution	2026-08-10T06:28:25.5846385Z /home/runner/work/pulp/pulp/parts/build_cross_windows_zig_maxed/synth.h:11:47: note: expanded from macro 'SAMPLE_COUNT_GET'
windows	Build maxed Windows API distribution	2026-08-10T06:28:25.5847420Z    11 | #define SAMPLE_COUNT_GET() atomic_load_uint64(&synth_sample_count)
windows	Build maxed Windows API distribution	2026-08-10T06:28:25.5848058Z       |                                               ^~~~~~~~~~~~~~~~~~~
windows	Build maxed Windows API distribution	2026-08-10T06:28:25.5848875Z /home/runner/work/pulp/pulp/parts/portable_atomic.h:50:64: note: passing argument to parameter 'ptr' here
windows	Build maxed Windows API distribution	2026-08-10T06:28:25.5849782Z    50 |     static inline uint64_t atomic_load_uint64(atomic_uint64_t *ptr) {
windows	Build maxed Windows API distribution	2026-08-10T06:28:25.5850406Z       |                                                                ^
windows	Build maxed Windows API distribution	2026-08-10T06:28:25.5852253Z /home/runner/work/pulp/pulp/parts/build_cross_windows_zig_maxed/skode.c:3944:73: warning: passing 'volatile uint64_t *' (aka 'volatile unsigned long long *') to parameter of type 'atomic_uint64_t *' (aka 'volatile long long *') converts between pointers to integer types with different sign [-Wpointer-sign]
windows	Build maxed Windows API distribution	2026-08-10T06:28:25.5854859Z  3944 |           skred_control_pattern_event(SKRED_CONTROL_EVENT_TEMPO_CHANGE, SAMPLE_COUNT_GET(), -1, 0);
windows	Build maxed Windows API distribution	2026-08-10T06:28:25.5855789Z       |                                                                         ^~~~~~~~~~~~~~~~~~
windows	Build maxed Windows API distribution	2026-08-10T06:28:25.5856757Z /home/runner/work/pulp/pulp/parts/build_cross_windows_zig_maxed/synth.h:11:47: note: expanded from macro 'SAMPLE_COUNT_GET'
windows	Build maxed Windows API distribution	2026-08-10T06:28:25.5857750Z    11 | #define SAMPLE_COUNT_GET() atomic_load_uint64(&synth_sample_count)
windows	Build maxed Windows API distribution	2026-08-10T06:28:25.5858351Z       |                                               ^~~~~~~~~~~~~~~~~~~
windows	Build maxed Windows API distribution	2026-08-10T06:28:25.5859127Z /home/runner/work/pulp/pulp/parts/portable_atomic.h:50:64: note: passing argument to parameter 'ptr' here
windows	Build maxed Windows API distribution	2026-08-10T06:28:25.5860044Z    50 |     static inline uint64_t atomic_load_uint64(atomic_uint64_t *ptr) {
windows	Build maxed Windows API distribution	2026-08-10T06:28:25.5860663Z       |                                                                ^
windows	Build maxed Windows API distribution	2026-08-10T06:28:25.5862469Z /home/runner/work/pulp/pulp/parts/build_cross_windows_zig_maxed/skode.c:4121:23: warning: passing 'volatile uint64_t *' (aka 'volatile unsigned long long *') to parameter of type 'atomic_uint64_t *' (aka 'volatile long long *') converts between pointers to integer types with different sign [-Wpointer-sign]
windows	Build maxed Windows API distribution	2026-08-10T06:28:25.5864932Z  4121 |         uint64_t qt = SAMPLE_COUNT_GET();
windows	Build maxed Windows API distribution	2026-08-10T06:28:25.5865401Z       |                       ^~~~~~~~~~~~~~~~~~
windows	Build maxed Windows API distribution	2026-08-10T06:28:25.5866206Z /home/runner/work/pulp/pulp/parts/build_cross_windows_zig_maxed/synth.h:11:47: note: expanded from macro 'SAMPLE_COUNT_GET'
windows	Build maxed Windows API distribution	2026-08-10T06:28:25.5867211Z    11 | #define SAMPLE_COUNT_GET() atomic_load_uint64(&synth_sample_count)
windows	Build maxed Windows API distribution	2026-08-10T06:28:25.5867839Z       |                                               ^~~~~~~~~~~~~~~~~~~
windows	Build maxed Windows API distribution	2026-08-10T06:28:25.5868679Z /home/runner/work/pulp/pulp/parts/portable_atomic.h:50:64: note: passing argument to parameter 'ptr' here
windows	Build maxed Windows API distribution	2026-08-10T06:28:25.5869602Z    50 |     static inline uint64_t atomic_load_uint64(atomic_uint64_t *ptr) {
windows	Build maxed Windows API distribution	2026-08-10T06:28:25.5870230Z       |                                                                ^
windows	Build maxed Windows API distribution	2026-08-10T06:28:25.5872318Z /home/runner/work/pulp/pulp/parts/build_cross_windows_zig_maxed/skode.c:4681:75: warning: passing 'volatile uint64_t *' (aka 'volatile unsigned long long *') to parameter of type 'atomic_uint64_t *' (aka 'volatile long long *') converts between pointers to integer types with different sign [-Wpointer-sign]
windows	Build maxed Windows API distribution	2026-08-10T06:28:25.5874646Z  4681 |           skred_control_pattern_event(SKRED_CONTROL_EVENT_PATTERN_CHANGE, SAMPLE_COUNT_GET(), x, 0);
windows	Build maxed Windows API distribution	2026-08-10T06:28:25.5875543Z       |                                                                           ^~~~~~~~~~~~~~~~~~
windows	Build maxed Windows API distribution	2026-08-10T06:28:25.5876526Z /home/runner/work/pulp/pulp/parts/build_cross_windows_zig_maxed/synth.h:11:47: note: expanded from macro 'SAMPLE_COUNT_GET'
windows	Build maxed Windows API distribution	2026-08-10T06:28:25.5877520Z    11 | #define SAMPLE_COUNT_GET() atomic_load_uint64(&synth_sample_count)
windows	Build maxed Windows API distribution	2026-08-10T06:28:25.5878143Z       |                                               ^~~~~~~~~~~~~~~~~~~
windows	Build maxed Windows API distribution	2026-08-10T06:28:25.5878976Z /home/runner/work/pulp/pulp/parts/portable_atomic.h:50:64: note: passing argument to parameter 'ptr' here
windows	Build maxed Windows API distribution	2026-08-10T06:28:25.5879955Z    50 |     static inline uint64_t atomic_load_uint64(atomic_uint64_t *ptr) {
windows	Build maxed Windows API distribution	2026-08-10T06:28:25.5880576Z       |                                                                ^
windows	Build maxed Windows API distribution	2026-08-10T06:28:25.5882365Z /home/runner/work/pulp/pulp/parts/build_cross_windows_zig_maxed/skode.c:4702:70: warning: passing 'volatile uint64_t *' (aka 'volatile unsigned long long *') to parameter of type 'atomic_uint64_t *' (aka 'volatile long long *') converts between pointers to integer types with different sign [-Wpointer-sign]
windows	Build maxed Windows API distribution	2026-08-10T06:28:25.5884703Z  4702 |         skred_control_pattern_event(SKRED_CONTROL_EVENT_MUTE_CHANGE, SAMPLE_COUNT_GET(), ctx->pattern, x);
windows	Build maxed Windows API distribution	2026-08-10T06:28:25.5885588Z       |                                                                      ^~~~~~~~~~~~~~~~~~
windows	Build maxed Windows API distribution	2026-08-10T06:28:25.5886571Z /home/runner/work/pulp/pulp/parts/build_cross_windows_zig_maxed/synth.h:11:47: note: expanded from macro 'SAMPLE_COUNT_GET'
windows	Build maxed Windows API distribution	2026-08-10T06:28:25.5887633Z    11 | #define SAMPLE_COUNT_GET() atomic_load_uint64(&synth_sample_count)
windows	Build maxed Windows API distribution	2026-08-10T06:28:25.5888272Z       |                                               ^~~~~~~~~~~~~~~~~~~
windows	Build maxed Windows API distribution	2026-08-10T06:28:25.5889157Z /home/runner/work/pulp/pulp/parts/portable_atomic.h:50:64: note: passing argument to parameter 'ptr' here
windows	Build maxed Windows API distribution	2026-08-10T06:28:25.5890143Z    50 |     static inline uint64_t atomic_load_uint64(atomic_uint64_t *ptr) {
windows	Build maxed Windows API distribution	2026-08-10T06:28:25.5890792Z       |                                                                ^
windows	Build maxed Windows API distribution	2026-08-10T06:28:25.5892619Z /home/runner/work/pulp/pulp/parts/build_cross_windows_zig_maxed/skode.c:4726:72: warning: passing 'volatile uint64_t *' (aka 'volatile unsigned long long *') to parameter of type 'atomic_uint64_t *' (aka 'volatile long long *') converts between pointers to integer types with different sign [-Wpointer-sign]
windows	Build maxed Windows API distribution	2026-08-10T06:28:25.5894996Z  4726 |         skred_control_pattern_event(SKRED_CONTROL_EVENT_PATTERN_QUEUE, SAMPLE_COUNT_GET(), ctx->pattern, x);
windows	Build maxed Windows API distribution	2026-08-10T06:28:25.5896167Z       |                                                                        ^~~~~~~~~~~~~~~~~~
windows	Build maxed Windows API distribution	2026-08-10T06:28:25.5897154Z /home/runner/work/pulp/pulp/parts/build_cross_windows_zig_maxed/synth.h:11:47: note: expanded from macro 'SAMPLE_COUNT_GET'
windows	Build maxed Windows API distribution	2026-08-10T06:28:25.5898205Z    11 | #define SAMPLE_COUNT_GET() atomic_load_uint64(&synth_sample_count)
windows	Build maxed Windows API distribution	2026-08-10T06:28:25.5898852Z       |                                               ^~~~~~~~~~~~~~~~~~~
windows	Build maxed Windows API distribution	2026-08-10T06:28:25.5899695Z /home/runner/work/pulp/pulp/parts/portable_atomic.h:50:64: note: passing argument to parameter 'ptr' here
windows	Build maxed Windows API distribution	2026-08-10T06:28:25.5900642Z    50 |     static inline uint64_t atomic_load_uint64(atomic_uint64_t *ptr) {
windows	Build maxed Windows API distribution	2026-08-10T06:28:25.5901261Z       |                                                                ^
windows	Build maxed Windows API distribution	2026-08-10T06:28:25.5903119Z /home/runner/work/pulp/pulp/parts/build_cross_windows_zig_maxed/skode.c:5036:26: warning: passing 'volatile uint64_t *' (aka 'volatile unsigned long long *') to parameter of type 'atomic_uint64_t *' (aka 'volatile long long *') converts between pointers to integer types with different sign [-Wpointer-sign]
windows	Build maxed Windows API distribution	2026-08-10T06:28:25.5905373Z  5036 |           uint64_t now = SAMPLE_COUNT_GET();
windows	Build maxed Windows API distribution	2026-08-10T06:28:25.5905870Z       |                          ^~~~~~~~~~~~~~~~~~
windows	Build maxed Windows API distribution	2026-08-10T06:28:25.5906751Z /home/runner/work/pulp/pulp/parts/build_cross_windows_zig_maxed/synth.h:11:47: note: expanded from macro 'SAMPLE_COUNT_GET'
windows	Build maxed Windows API distribution	2026-08-10T06:28:25.5907786Z    11 | #define SAMPLE_COUNT_GET() atomic_load_uint64(&synth_sample_count)
windows	Build maxed Windows API distribution	2026-08-10T06:28:25.5908425Z       |                                               ^~~~~~~~~~~~~~~~~~~
windows	Build maxed Windows API distribution	2026-08-10T06:28:25.5909257Z /home/runner/work/pulp/pulp/parts/portable_atomic.h:50:64: note: passing argument to parameter 'ptr' here
windows	Build maxed Windows API distribution	2026-08-10T06:28:25.5910234Z    50 |     static inline uint64_t atomic_load_uint64(atomic_uint64_t *ptr) {
windows	Build maxed Windows API distribution	2026-08-10T06:28:25.5910867Z       |                                                                ^
windows	Build maxed Windows API distribution	2026-08-10T06:28:25.5912925Z /home/runner/work/pulp/pulp/parts/build_cross_windows_zig_maxed/skode.c:5469:30: warning: passing 'volatile uint64_t *' (aka 'volatile unsigned long long *') to parameter of type 'atomic_uint64_t *' (aka 'volatile long long *') converts between pointers to integer types with different sign [-Wpointer-sign]
windows	Build maxed Windows API distribution	2026-08-10T06:28:25.5915039Z  5469 |     ctx->defer_sample_time = SAMPLE_COUNT_GET();
windows	Build maxed Windows API distribution	2026-08-10T06:28:25.5915547Z       |                              ^~~~~~~~~~~~~~~~~~
windows	Build maxed Windows API distribution	2026-08-10T06:28:25.5916412Z /home/runner/work/pulp/pulp/parts/build_cross_windows_zig_maxed/synth.h:11:47: note: expanded from macro 'SAMPLE_COUNT_GET'
windows	Build maxed Windows API distribution	2026-08-10T06:28:25.5917407Z    11 | #define SAMPLE_COUNT_GET() atomic_load_uint64(&synth_sample_count)
windows	Build maxed Windows API distribution	2026-08-10T06:28:25.5918014Z       |                                               ^~~~~~~~~~~~~~~~~~~
windows	Build maxed Windows API distribution	2026-08-10T06:28:25.5918826Z /home/runner/work/pulp/pulp/parts/portable_atomic.h:50:64: note: passing argument to parameter 'ptr' here
windows	Build maxed Windows API distribution	2026-08-10T06:28:25.5919770Z    50 |     static inline uint64_t atomic_load_uint64(atomic_uint64_t *ptr) {
windows	Build maxed Windows API distribution	2026-08-10T06:28:25.5920385Z       |                                                                ^
windows	Build maxed Windows API distribution	2026-08-10T06:28:25.5922149Z /home/runner/work/pulp/pulp/parts/build_cross_windows_zig_maxed/skode.c:6447:51: warning: passing 'volatile uint64_t *' (aka 'volatile unsigned long long *') to parameter of type 'atomic_uint64_t *' (aka 'volatile long long *') converts between pointers to integer types with different sign [-Wpointer-sign]
windows	Build maxed Windows API distribution	2026-08-10T06:28:25.5924271Z  6447 |   ctx->printf(ctx, "# synth sample count %lld\n", SAMPLE_COUNT_GET());
windows	Build maxed Windows API distribution	2026-08-10T06:28:25.5924898Z       |                                                   ^~~~~~~~~~~~~~~~~~
windows	Build maxed Windows API distribution	2026-08-10T06:28:25.5925770Z /home/runner/work/pulp/pulp/parts/build_cross_windows_zig_maxed/synth.h:11:47: note: expanded from macro 'SAMPLE_COUNT_GET'
windows	Build maxed Windows API distribution	2026-08-10T06:28:25.5926764Z    11 | #define SAMPLE_COUNT_GET() atomic_load_uint64(&synth_sample_count)
windows	Build maxed Windows API distribution	2026-08-10T06:28:25.5927660Z       |                                               ^~~~~~~~~~~~~~~~~~~
windows	Build maxed Windows API distribution	2026-08-10T06:28:25.5928456Z /home/runner/work/pulp/pulp/parts/portable_atomic.h:50:64: note: passing argument to parameter 'ptr' here
windows	Build maxed Windows API distribution	2026-08-10T06:28:25.5929383Z    50 |     static inline uint64_t atomic_load_uint64(atomic_uint64_t *ptr) {
windows	Build maxed Windows API distribution	2026-08-10T06:28:25.5929988Z       |                                                                ^
windows	Build maxed Windows API distribution	2026-08-10T06:28:25.5930469Z 12 warnings generated.
windows	Build maxed Windows API distribution	2026-08-10T06:28:32.7401930Z [57/61] Building C object CMakeFiles/api.dir/miniaudio.c.obj
windows	Build maxed Windows API distribution	2026-08-10T06:28:32.7507015Z [58/61] Linking C static library libapi.a
windows	Build maxed Windows API distribution	2026-08-10T06:28:38.6345012Z [59/61] Building C object CMakeFiles/api_shared.dir/miniaudio.c.obj
windows	Build maxed Windows API distribution	2026-08-10T06:28:57.7607821Z [60/61] Linking C executable mini-skred.exe
windows	Build maxed Windows API distribution	2026-08-10T06:28:57.7630092Z [61/61] Linking C shared library libapi.dll
windows	Build maxed Windows API distribution	2026-08-10T06:28:57.7649493Z cmake --install build_cross_windows_zig_maxed --prefix ../dist/windows-x86_64/skred-0.55.17-maxed
windows	Build maxed Windows API distribution	2026-08-10T06:28:57.7670690Z -- Install configuration: "Release"
windows	Build maxed Windows API distribution	2026-08-10T06:28:57.8245927Z -- Installing: /home/runner/work/pulp/pulp/parts/../dist/windows-x86_64/skred-0.55.17-maxed/lib/libapi.a
windows	Build maxed Windows API distribution	2026-08-10T06:28:57.8340765Z -- Installing: /home/runner/work/pulp/pulp/parts/../dist/windows-x86_64/skred-0.55.17-maxed/lib/libapi.dll.a
windows	Build maxed Windows API distribution	2026-08-10T06:28:57.8347840Z -- Installing: /home/runner/work/pulp/pulp/parts/../dist/windows-x86_64/skred-0.55.17-maxed/bin/libapi.dll
windows	Build maxed Windows API distribution	2026-08-10T06:28:57.8375223Z -- Installing: /home/runner/work/pulp/pulp/parts/../dist/windows-x86_64/skred-0.55.17-maxed/bin/mini-skred.exe
windows	Build maxed Windows API distribution	2026-08-10T06:28:57.8403050Z -- Installing: /home/runner/work/pulp/pulp/parts/../dist/windows-x86_64/skred-0.55.17-maxed/include/skred/api.h
windows	Build maxed Windows API distribution	2026-08-10T06:28:57.8404968Z -- Installing: /home/runner/work/pulp/pulp/parts/../dist/windows-x86_64/skred-0.55.17-maxed/include/skred/polyphony.h
windows	Build maxed Windows API distribution	2026-08-10T06:28:57.8406505Z -- Installing: /home/runner/work/pulp/pulp/parts/../dist/windows-x86_64/skred-0.55.17-maxed/include/skred/skred_vfs.h
windows	Build maxed Windows API distribution	2026-08-10T06:28:57.8408199Z -- Installing: /home/runner/work/pulp/pulp/parts/../dist/windows-x86_64/skred-0.55.17-maxed/include/skred/skred-version.h
windows	Build maxed Windows API distribution	2026-08-10T06:28:57.8419019Z cmake -E chdir ../dist/windows-x86_64 cmake -E tar cf skred-0.55.17-maxed.zip \
windows	Build maxed Windows API distribution	2026-08-10T06:28:57.8419695Z 	--format=zip skred-0.55.17-maxed
windows	Build maxed Windows API distribution	2026-08-10T06:28:58.5410612Z make: Leaving directory '/home/runner/work/pulp/pulp/parts'
windows	Verify and name release asset	﻿2026-08-10T06:28:58.5454242Z ##[group]Run set -euo pipefail
windows	Verify and name release asset	2026-08-10T06:28:58.5454603Z [36;1mset -euo pipefail[0m
windows	Verify and name release asset	2026-08-10T06:28:58.5454947Z [36;1msource="dist/windows-x86_64/skred-${VERSION}-maxed.zip"[0m
windows	Verify and name release asset	2026-08-10T06:28:58.5455359Z [36;1masset="skred-${VERSION}-maxed-windows-x86_64.zip"[0m
windows	Verify and name release asset	2026-08-10T06:28:58.5455687Z [36;1mtest -f "$source"[0m
windows	Verify and name release asset	2026-08-10T06:28:58.5455970Z [36;1munzip -l "$source" > archive-contents.txt[0m
windows	Verify and name release asset	2026-08-10T06:28:58.5456406Z [36;1mgrep -q "skred-${VERSION}-maxed/include/skred/api.h" archive-contents.txt[0m
windows	Verify and name release asset	2026-08-10T06:28:58.5456908Z [36;1mgrep -q "skred-${VERSION}-maxed/lib/libapi.a" archive-contents.txt[0m
windows	Verify and name release asset	2026-08-10T06:28:58.5457408Z [36;1mgrep -q "skred-${VERSION}-maxed/bin/libapi.dll" archive-contents.txt[0m
windows	Verify and name release asset	2026-08-10T06:28:58.5457801Z [36;1mmkdir -p release-assets[0m
windows	Verify and name release asset	2026-08-10T06:28:58.5458093Z [36;1mcp "$source" "release-assets/$asset"[0m
windows	Verify and name release asset	2026-08-10T06:28:58.5508229Z shell: /usr/bin/bash --noprofile --norc -e -o pipefail {0}
windows	Verify and name release asset	2026-08-10T06:28:58.5508594Z env:
windows	Verify and name release asset	2026-08-10T06:28:58.5508818Z   VERSION: 0.55.17
windows	Verify and name release asset	2026-08-10T06:28:58.5509115Z   ZIG_GLOBAL_CACHE_DIR: /home/runner/work/pulp/pulp/.zig-cache
windows	Verify and name release asset	2026-08-10T06:28:58.5509510Z   ZIG_LOCAL_CACHE_DIR: /home/runner/work/pulp/pulp/.zig-cache
windows	Verify and name release asset	2026-08-10T06:28:58.5509831Z ##[endgroup]
windows	Run actions/upload-artifact@v4	﻿2026-08-10T06:28:58.5804620Z Node 20 is being deprecated. This workflow is running with Node 24 by default. If you need to temporarily use Node 20, you can set the ACTIONS_ALLOW_USE_UNSECURE_NODE_VERSION=true environment variable. For more information see: https://github.blog/changelog/2025-09-19-deprecation-of-node-20-on-github-actions-runners/
windows	Run actions/upload-artifact@v4	2026-08-10T06:28:58.5806050Z ##[group]Run actions/upload-artifact@v4
windows	Run actions/upload-artifact@v4	2026-08-10T06:28:58.5806327Z with:
windows	Run actions/upload-artifact@v4	2026-08-10T06:28:58.5806538Z   name: api-windows-x86_64
windows	Run actions/upload-artifact@v4	2026-08-10T06:28:58.5806789Z   path: release-assets/*
windows	Run actions/upload-artifact@v4	2026-08-10T06:28:58.5807029Z   if-no-files-found: error
windows	Run actions/upload-artifact@v4	2026-08-10T06:28:58.5807265Z   compression-level: 6
windows	Run actions/upload-artifact@v4	2026-08-10T06:28:58.5807497Z   overwrite: false
windows	Run actions/upload-artifact@v4	2026-08-10T06:28:58.5807727Z   include-hidden-files: false
windows	Run actions/upload-artifact@v4	2026-08-10T06:28:58.5807971Z env:
windows	Run actions/upload-artifact@v4	2026-08-10T06:28:58.5808165Z   VERSION: 0.55.17
windows	Run actions/upload-artifact@v4	2026-08-10T06:28:58.5808449Z   ZIG_GLOBAL_CACHE_DIR: /home/runner/work/pulp/pulp/.zig-cache
windows	Run actions/upload-artifact@v4	2026-08-10T06:28:58.5808841Z   ZIG_LOCAL_CACHE_DIR: /home/runner/work/pulp/pulp/.zig-cache
windows	Run actions/upload-artifact@v4	2026-08-10T06:28:58.5809188Z ##[endgroup]
windows	Run actions/upload-artifact@v4	2026-08-10T06:28:58.7528398Z (node:4241) [DEP0040] DeprecationWarning: The `punycode` module is deprecated. Please use a userland alternative instead.
windows	Run actions/upload-artifact@v4	2026-08-10T06:28:58.7529301Z (Use `node --trace-deprecation ...` to show where the warning was created)
windows	Run actions/upload-artifact@v4	2026-08-10T06:28:58.7593237Z With the provided path, there will be 1 file uploaded
windows	Run actions/upload-artifact@v4	2026-08-10T06:28:58.7599333Z Artifact name is valid!
windows	Run actions/upload-artifact@v4	2026-08-10T06:28:58.7600347Z Root directory input is valid!
windows	Run actions/upload-artifact@v4	2026-08-10T06:28:58.9641612Z Beginning upload of artifact content to blob storage
windows	Run actions/upload-artifact@v4	2026-08-10T06:28:59.0989938Z (node:4241) [DEP0169] DeprecationWarning: `url.parse()` behavior is not standardized and prone to errors that have security implications. Use the WHATWG URL API instead. CVEs are not issued for `url.parse()` vulnerabilities.
windows	Run actions/upload-artifact@v4	2026-08-10T06:28:59.5440982Z Uploaded bytes 3442351
windows	Run actions/upload-artifact@v4	2026-08-10T06:28:59.6075625Z Finished uploading artifact content to blob storage!
windows	Run actions/upload-artifact@v4	2026-08-10T06:28:59.6076616Z SHA256 digest of uploaded artifact zip is 010663f8660d315975bbabe4e46dd9f14b9ed27708f55361c4042ab458bc7dad
windows	Run actions/upload-artifact@v4	2026-08-10T06:28:59.6078314Z Finalizing artifact upload
windows	Run actions/upload-artifact@v4	2026-08-10T06:28:59.7841480Z Artifact api-windows-x86_64.zip successfully finalized. Artifact ID 9052728491
windows	Run actions/upload-artifact@v4	2026-08-10T06:28:59.7842638Z Artifact api-windows-x86_64 has been successfully uploaded! Final size is 3442351 bytes. Artifact ID is 9052728491
windows	Run actions/upload-artifact@v4	2026-08-10T06:28:59.7849637Z Artifact download URL: https://github.com/octetta/pulp/actions/runs/31361988095/artifacts/9052728491
windows	Post Run mlugg/setup-zig@v2	﻿2026-08-10T06:28:59.8018576Z Node 20 is being deprecated. This workflow is running with Node 24 by default. If you need to temporarily use Node 20, you can set the ACTIONS_ALLOW_USE_UNSECURE_NODE_VERSION=true environment variable. For more information see: https://github.blog/changelog/2025-09-19-deprecation-of-node-20-on-github-actions-runners/
windows	Post Run mlugg/setup-zig@v2	2026-08-10T06:28:59.8019766Z Post job cleanup.
windows	Post Run mlugg/setup-zig@v2	2026-08-10T06:29:00.0275924Z Checking size of cache directory at /home/runner/work/pulp/pulp/.zig-cache
windows	Post Run mlugg/setup-zig@v2	2026-08-10T06:29:04.1920215Z Cache directory is 1549828832 bytes, below limit of 2147483648 bytes; keeping intact
windows	Post Run mlugg/setup-zig@v2	2026-08-10T06:29:04.1926955Z Saving Zig cache with key 'setup-zig-cache-v2-windows-zig-linux-x86_64-0.13.0--31361988095-1'
windows	Post Run mlugg/setup-zig@v2	2026-08-10T06:29:04.2125169Z [command]/usr/bin/tar --posix -cf cache.tzst --exclude cache.tzst -P -C /home/runner/work/pulp/pulp --files-from manifest.txt --use-compress-program zstdmt
windows	Post Run mlugg/setup-zig@v2	2026-08-10T06:29:08.8770076Z Sent 0 of 189357937 (0.0%), 0.0 MBs/sec
windows	Post Run mlugg/setup-zig@v2	2026-08-10T06:29:09.7505304Z Sent 189357937 of 189357937 (100.0%), 96.4 MBs/sec
windows	Post Run actions/checkout@v4	﻿2026-08-10T06:29:09.9537292Z Node 20 is being deprecated. This workflow is running with Node 24 by default. If you need to temporarily use Node 20, you can set the ACTIONS_ALLOW_USE_UNSECURE_NODE_VERSION=true environment variable. For more information see: https://github.blog/changelog/2025-09-19-deprecation-of-node-20-on-github-actions-runners/
windows	Post Run actions/checkout@v4	2026-08-10T06:29:09.9538517Z Post job cleanup.
windows	Post Run actions/checkout@v4	2026-08-10T06:29:10.0386612Z [command]/usr/bin/git version
windows	Post Run actions/checkout@v4	2026-08-10T06:29:10.0460022Z git version 2.54.0
windows	Post Run actions/checkout@v4	2026-08-10T06:29:10.0507819Z Temporarily overriding HOME='/home/runner/work/_temp/32376773-446d-4747-8123-cec2323258e6' before making global git config changes
windows	Post Run actions/checkout@v4	2026-08-10T06:29:10.0514879Z Adding repository directory to the temporary git global config as a safe directory
windows	Post Run actions/checkout@v4	2026-08-10T06:29:10.0518899Z [command]/usr/bin/git config --global --add safe.directory /home/runner/work/pulp/pulp
windows	Post Run actions/checkout@v4	2026-08-10T06:29:10.0554718Z [command]/usr/bin/git config --local --name-only --get-regexp core\.sshCommand
windows	Post Run actions/checkout@v4	2026-08-10T06:29:10.0597675Z [command]/usr/bin/git submodule foreach --recursive sh -c "git config --local --name-only --get-regexp 'core\.sshCommand' && git config --local --unset-all 'core.sshCommand' || :"
windows	Post Run actions/checkout@v4	2026-08-10T06:29:10.0879043Z [command]/usr/bin/git config --local --name-only --get-regexp http\.https\:\/\/github\.com\/\.extraheader
windows	Post Run actions/checkout@v4	2026-08-10T06:29:10.0911297Z http.https://github.com/.extraheader
windows	Post Run actions/checkout@v4	2026-08-10T06:29:10.0926993Z [command]/usr/bin/git config --local --unset-all http.https://github.com/.extraheader
windows	Post Run actions/checkout@v4	2026-08-10T06:29:10.0967419Z [command]/usr/bin/git submodule foreach --recursive sh -c "git config --local --name-only --get-regexp 'http\.https\:\/\/github\.com\/\.extraheader' && git config --local --unset-all 'http.https://github.com/.extraheader' || :"
windows	Post Run actions/checkout@v4	2026-08-10T06:29:10.1264629Z [command]/usr/bin/git config --local --name-only --get-regexp ^includeIf\.gitdir:
windows	Post Run actions/checkout@v4	2026-08-10T06:29:10.1297244Z [command]/usr/bin/git submodule foreach --recursive git config --local --show-origin --name-only --get-regexp remote.origin.url
windows	Complete job	﻿2026-08-10T06:29:10.1725695Z Cleaning up orphan processes
windows	Complete job	2026-08-10T06:29:10.2034353Z ##[warning]Node.js 20 is deprecated. The following actions target Node.js 20 but are being forced to run on Node.js 24: actions/checkout@v4, actions/upload-artifact@v4, mlugg/setup-zig@v2. For more information see: https://github.blog/changelog/2025-09-19-deprecation-of-node-20-on-github-actions-runners/
macos	Set up job	﻿2026-08-10T06:26:57.5619860Z Current runner version: '2.336.0'
macos	Set up job	2026-08-10T06:26:57.5633950Z ##[group]Runner Image Provisioner
macos	Set up job	2026-08-10T06:26:57.5634420Z Hosted Compute Agent
macos	Set up job	2026-08-10T06:26:57.5634770Z Version: 20260707.563
macos	Set up job	2026-08-10T06:26:57.5635130Z Commit: 02667638d2b423fbc733a8e32a88b44996a3ba6e
macos	Set up job	2026-08-10T06:26:57.5635560Z Build Date: 2026-07-07T19:33:50Z
macos	Set up job	2026-08-10T06:26:57.5635970Z Worker ID: {794875d0-7c7f-497f-b57f-c85f4e121343}
macos	Set up job	2026-08-10T06:26:57.5636390Z Azure Region: westus
macos	Set up job	2026-08-10T06:26:57.5636730Z ##[endgroup]
macos	Set up job	2026-08-10T06:26:57.5637700Z ##[group]Operating System
macos	Set up job	2026-08-10T06:26:57.5638060Z macOS
macos	Set up job	2026-08-10T06:26:57.5638350Z 26.5.2
macos	Set up job	2026-08-10T06:26:57.5638640Z 25F84
macos	Set up job	2026-08-10T06:26:57.5638940Z ##[endgroup]
macos	Set up job	2026-08-10T06:26:57.5639260Z ##[group]Runner Image
macos	Set up job	2026-08-10T06:26:57.5639610Z Image: macos-26-arm64
macos	Set up job	2026-08-10T06:26:57.5639950Z Version: 20260728.0273.1
macos	Set up job	2026-08-10T06:26:57.5640640Z Included Software: https://github.com/actions/runner-images/blob/macos-26-arm64/20260728.0273/images/macos/macos-26-arm64-Readme.md
macos	Set up job	2026-08-10T06:26:57.5641660Z Image Release: https://github.com/actions/runner-images/releases/tag/macos-26-arm64%2F20260728.0273
macos	Set up job	2026-08-10T06:26:57.5642270Z ##[endgroup]
macos	Set up job	2026-08-10T06:26:57.5642910Z ##[group]GITHUB_TOKEN Permissions
macos	Set up job	2026-08-10T06:26:57.5643810Z Contents: read
macos	Set up job	2026-08-10T06:26:57.5644140Z Metadata: read
macos	Set up job	2026-08-10T06:26:57.5644450Z ##[endgroup]
macos	Set up job	2026-08-10T06:26:57.5645640Z Secret source: Actions
macos	Set up job	2026-08-10T06:26:57.5646230Z Prepare workflow directory
macos	Set up job	2026-08-10T06:26:57.5967550Z Prepare all required actions
macos	Set up job	2026-08-10T06:26:57.6000990Z Getting action download info
macos	Set up job	2026-08-10T06:26:57.7549120Z Download action repository 'actions/checkout@v4' (SHA:11d5960a326750d5838078e36cf38b85af677262)
macos	Set up job	2026-08-10T06:26:58.0290780Z Download action repository 'actions/upload-artifact@v4' (SHA:ea165f8d65b6e75b540449e92b4886f43607fa02)
macos	Set up job	2026-08-10T06:26:58.2117340Z Complete job name: macos
macos	Run actions/checkout@v4	﻿2026-08-10T06:26:58.2464600Z Node 20 is being deprecated. This workflow is running with Node 24 by default. If you need to temporarily use Node 20, you can set the ACTIONS_ALLOW_USE_UNSECURE_NODE_VERSION=true environment variable. For more information see: https://github.blog/changelog/2025-09-19-deprecation-of-node-20-on-github-actions-runners/
macos	Run actions/checkout@v4	2026-08-10T06:26:58.2470260Z ##[group]Run actions/checkout@v4
macos	Run actions/checkout@v4	2026-08-10T06:26:58.2470700Z with:
macos	Run actions/checkout@v4	2026-08-10T06:26:58.2470990Z   repository: octetta/pulp
macos	Run actions/checkout@v4	2026-08-10T06:26:58.2474100Z   token: ***
macos	Run actions/checkout@v4	2026-08-10T06:26:58.2474480Z   ssh-strict: true
macos	Run actions/checkout@v4	2026-08-10T06:26:58.2474800Z   ssh-user: git
macos	Run actions/checkout@v4	2026-08-10T06:26:58.2475130Z   persist-credentials: true
macos	Run actions/checkout@v4	2026-08-10T06:26:58.2475480Z   clean: true
macos	Run actions/checkout@v4	2026-08-10T06:26:58.2475810Z   sparse-checkout-cone-mode: true
macos	Run actions/checkout@v4	2026-08-10T06:26:58.2476180Z   fetch-depth: 1
macos	Run actions/checkout@v4	2026-08-10T06:26:58.2476490Z   fetch-tags: false
macos	Run actions/checkout@v4	2026-08-10T06:26:58.2476810Z   show-progress: true
macos	Run actions/checkout@v4	2026-08-10T06:26:58.2477130Z   lfs: false
macos	Run actions/checkout@v4	2026-08-10T06:26:58.2477430Z   submodules: false
macos	Run actions/checkout@v4	2026-08-10T06:26:58.2477770Z   set-safe-directory: true
macos	Run actions/checkout@v4	2026-08-10T06:26:58.2478110Z   allow-unsafe-pr-checkout: false
macos	Run actions/checkout@v4	2026-08-10T06:26:58.2478710Z env:
macos	Run actions/checkout@v4	2026-08-10T06:26:58.2478990Z   VERSION: 0.55.17
macos	Run actions/checkout@v4	2026-08-10T06:26:58.2479290Z ##[endgroup]
macos	Run actions/checkout@v4	2026-08-10T06:26:58.6625210Z Syncing repository: octetta/pulp
macos	Run actions/checkout@v4	2026-08-10T06:26:58.6629300Z ##[group]Getting Git version info
macos	Run actions/checkout@v4	2026-08-10T06:26:58.6630160Z Working directory is '/Users/runner/work/pulp/pulp'
macos	Run actions/checkout@v4	2026-08-10T06:26:58.6631680Z [command]/opt/homebrew/bin/git version
macos	Run actions/checkout@v4	2026-08-10T06:26:58.6835000Z git version 2.55.0
macos	Run actions/checkout@v4	2026-08-10T06:26:58.6846260Z ##[endgroup]
macos	Run actions/checkout@v4	2026-08-10T06:26:58.6870610Z Copying '/Users/runner/.gitconfig' to '/Users/runner/work/_temp/93e3b324-48f0-42c9-9e06-24394c109030/.gitconfig'
macos	Run actions/checkout@v4	2026-08-10T06:26:58.6874500Z Temporarily overriding HOME='/Users/runner/work/_temp/93e3b324-48f0-42c9-9e06-24394c109030' before making global git config changes
macos	Run actions/checkout@v4	2026-08-10T06:26:58.6876000Z Adding repository directory to the temporary git global config as a safe directory
macos	Run actions/checkout@v4	2026-08-10T06:26:58.6877190Z [command]/opt/homebrew/bin/git config --global --add safe.directory /Users/runner/work/pulp/pulp
macos	Run actions/checkout@v4	2026-08-10T06:26:58.6974340Z Deleting the contents of '/Users/runner/work/pulp/pulp'
macos	Run actions/checkout@v4	2026-08-10T06:26:58.6977160Z ##[group]Initializing the repository
macos	Run actions/checkout@v4	2026-08-10T06:26:58.6980640Z [command]/opt/homebrew/bin/git init /Users/runner/work/pulp/pulp
macos	Run actions/checkout@v4	2026-08-10T06:26:58.7186450Z hint: Using 'master' as the name for the initial branch. This default branch name
macos	Run actions/checkout@v4	2026-08-10T06:26:58.7188250Z hint: will change to "main" in Git 3.0. To configure the initial branch name
macos	Run actions/checkout@v4	2026-08-10T06:26:58.7189470Z hint: to use in all of your new repositories, which will suppress this warning,
macos	Run actions/checkout@v4	2026-08-10T06:26:58.7190340Z hint: call:
macos	Run actions/checkout@v4	2026-08-10T06:26:58.7190710Z hint:
macos	Run actions/checkout@v4	2026-08-10T06:26:58.7191230Z hint: 	git config --global init.defaultBranch <name>
macos	Run actions/checkout@v4	2026-08-10T06:26:58.7191970Z hint:
macos	Run actions/checkout@v4	2026-08-10T06:26:58.7192570Z hint: Names commonly chosen instead of 'master' are 'main', 'trunk' and
macos	Run actions/checkout@v4	2026-08-10T06:26:58.7193470Z hint: 'development'. The just-created branch can be renamed via this command:
macos	Run actions/checkout@v4	2026-08-10T06:26:58.7194100Z hint:
macos	Run actions/checkout@v4	2026-08-10T06:26:58.7194600Z hint: 	git branch -m <name>
macos	Run actions/checkout@v4	2026-08-10T06:26:58.7195010Z hint:
macos	Run actions/checkout@v4	2026-08-10T06:26:58.7195610Z hint: Disable this message with "git config set advice.defaultBranchName false"
macos	Run actions/checkout@v4	2026-08-10T06:26:58.7196570Z Initialized empty Git repository in /Users/runner/work/pulp/pulp/.git/
macos	Run actions/checkout@v4	2026-08-10T06:26:58.7198310Z [command]/opt/homebrew/bin/git remote add origin https://github.com/octetta/pulp
macos	Run actions/checkout@v4	2026-08-10T06:26:58.7310510Z ##[endgroup]
macos	Run actions/checkout@v4	2026-08-10T06:26:58.7342370Z ##[group]Disabling automatic garbage collection
macos	Run actions/checkout@v4	2026-08-10T06:26:58.7412760Z [command]/opt/homebrew/bin/git config --local gc.auto 0
macos	Run actions/checkout@v4	2026-08-10T06:26:58.7517060Z ##[endgroup]
macos	Run actions/checkout@v4	2026-08-10T06:26:58.7518230Z ##[group]Setting up auth
macos	Run actions/checkout@v4	2026-08-10T06:26:58.7519490Z [command]/opt/homebrew/bin/git config --local --name-only --get-regexp core\.sshCommand
macos	Run actions/checkout@v4	2026-08-10T06:26:58.7563730Z [command]/opt/homebrew/bin/git submodule foreach --recursive sh -c "git config --local --name-only --get-regexp 'core\.sshCommand' && git config --local --unset-all 'core.sshCommand' || :"
macos	Run actions/checkout@v4	2026-08-10T06:26:58.8535770Z [command]/opt/homebrew/bin/git config --local --name-only --get-regexp http\.https\:\/\/github\.com\/\.extraheader
macos	Run actions/checkout@v4	2026-08-10T06:26:58.8596840Z [command]/opt/homebrew/bin/git submodule foreach --recursive sh -c "git config --local --name-only --get-regexp 'http\.https\:\/\/github\.com\/\.extraheader' && git config --local --unset-all 'http.https://github.com/.extraheader' || :"
macos	Run actions/checkout@v4	2026-08-10T06:26:58.9339780Z [command]/opt/homebrew/bin/git config --local --name-only --get-regexp ^includeIf\.gitdir:
macos	Run actions/checkout@v4	2026-08-10T06:26:58.9397260Z [command]/opt/homebrew/bin/git submodule foreach --recursive git config --local --show-origin --name-only --get-regexp remote.origin.url
macos	Run actions/checkout@v4	2026-08-10T06:26:59.0044700Z [command]/opt/homebrew/bin/git config --local http.https://github.com/.extraheader AUTHORIZATION: basic ***
macos	Run actions/checkout@v4	2026-08-10T06:26:59.0106430Z ##[endgroup]
macos	Run actions/checkout@v4	2026-08-10T06:26:59.0107300Z ##[group]Fetching the repository
macos	Run actions/checkout@v4	2026-08-10T06:26:59.0111920Z [command]/opt/homebrew/bin/git -c protocol.version=2 fetch --no-tags --prune --no-recurse-submodules --depth=1 origin +7921ae56f27343d8efcd131a047e6148d8c92c89:refs/remotes/origin/main
macos	Run actions/checkout@v4	2026-08-10T06:27:12.6265090Z From https://github.com/octetta/pulp
macos	Run actions/checkout@v4	2026-08-10T06:27:12.6265790Z  * [new ref]         7921ae56f27343d8efcd131a047e6148d8c92c89 -> origin/main
macos	Run actions/checkout@v4	2026-08-10T06:27:12.6269500Z ##[endgroup]
macos	Run actions/checkout@v4	2026-08-10T06:27:12.6269960Z ##[group]Determining the checkout info
macos	Run actions/checkout@v4	2026-08-10T06:27:12.6271030Z ##[endgroup]
macos	Run actions/checkout@v4	2026-08-10T06:27:12.6275660Z [command]/opt/homebrew/bin/git sparse-checkout disable
macos	Run actions/checkout@v4	2026-08-10T06:27:12.6356910Z [command]/opt/homebrew/bin/git config --local --unset-all extensions.worktreeConfig
macos	Run actions/checkout@v4	2026-08-10T06:27:12.6420610Z ##[group]Checking out the ref
macos	Run actions/checkout@v4	2026-08-10T06:27:12.6423340Z [command]/opt/homebrew/bin/git checkout --progress --force -B main refs/remotes/origin/main
macos	Run actions/checkout@v4	2026-08-10T06:27:13.7436990Z Updating files:  51% (589/1133)
macos	Run actions/checkout@v4	2026-08-10T06:27:13.7588730Z Updating files:  52% (590/1133)
macos	Run actions/checkout@v4	2026-08-10T06:27:13.7710140Z Updating files:  53% (601/1133)
macos	Run actions/checkout@v4	2026-08-10T06:27:13.7808990Z Updating files:  54% (612/1133)
macos	Run actions/checkout@v4	2026-08-10T06:27:13.7877090Z Updating files:  55% (624/1133)
macos	Run actions/checkout@v4	2026-08-10T06:27:13.7929340Z Updating files:  56% (635/1133)
macos	Run actions/checkout@v4	2026-08-10T06:27:13.8097480Z Updating files:  57% (646/1133)
macos	Run actions/checkout@v4	2026-08-10T06:27:13.8348570Z Updating files:  58% (658/1133)
macos	Run actions/checkout@v4	2026-08-10T06:27:13.8369460Z Updating files:  59% (669/1133)
macos	Run actions/checkout@v4	2026-08-10T06:27:13.8392740Z Updating files:  60% (680/1133)
macos	Run actions/checkout@v4	2026-08-10T06:27:13.8412070Z Updating files:  61% (692/1133)
macos	Run actions/checkout@v4	2026-08-10T06:27:13.8450140Z Updating files:  62% (703/1133)
macos	Run actions/checkout@v4	2026-08-10T06:27:13.8481980Z Updating files:  63% (714/1133)
macos	Run actions/checkout@v4	2026-08-10T06:27:13.8566060Z Updating files:  64% (726/1133)
macos	Run actions/checkout@v4	2026-08-10T06:27:13.8586820Z Updating files:  65% (737/1133)
macos	Run actions/checkout@v4	2026-08-10T06:27:13.8708470Z Updating files:  66% (748/1133)
macos	Run actions/checkout@v4	2026-08-10T06:27:13.8794650Z Updating files:  67% (760/1133)
macos	Run actions/checkout@v4	2026-08-10T06:27:13.8806680Z Updating files:  68% (771/1133)
macos	Run actions/checkout@v4	2026-08-10T06:27:13.8819880Z Updating files:  69% (782/1133)
macos	Run actions/checkout@v4	2026-08-10T06:27:13.8828550Z Updating files:  70% (794/1133)
macos	Run actions/checkout@v4	2026-08-10T06:27:13.8840770Z Updating files:  71% (805/1133)
macos	Run actions/checkout@v4	2026-08-10T06:27:13.8854920Z Updating files:  72% (816/1133)
macos	Run actions/checkout@v4	2026-08-10T06:27:13.8868690Z Updating files:  73% (828/1133)
macos	Run actions/checkout@v4	2026-08-10T06:27:13.8876150Z Updating files:  74% (839/1133)
macos	Run actions/checkout@v4	2026-08-10T06:27:13.8902150Z Updating files:  75% (850/1133)
macos	Run actions/checkout@v4	2026-08-10T06:27:13.8902620Z Updating files:  76% (862/1133)
macos	Run actions/checkout@v4	2026-08-10T06:27:13.8908690Z Updating files:  77% (873/1133)
macos	Run actions/checkout@v4	2026-08-10T06:27:13.8917850Z Updating files:  78% (884/1133)
macos	Run actions/checkout@v4	2026-08-10T06:27:13.8925890Z Updating files:  79% (896/1133)
macos	Run actions/checkout@v4	2026-08-10T06:27:13.8938070Z Updating files:  80% (907/1133)
macos	Run actions/checkout@v4	2026-08-10T06:27:13.8948190Z Updating files:  81% (918/1133)
macos	Run actions/checkout@v4	2026-08-10T06:27:13.8958040Z Updating files:  82% (930/1133)
macos	Run actions/checkout@v4	2026-08-10T06:27:13.8970710Z Updating files:  83% (941/1133)
macos	Run actions/checkout@v4	2026-08-10T06:27:13.8981630Z Updating files:  84% (952/1133)
macos	Run actions/checkout@v4	2026-08-10T06:27:13.8991160Z Updating files:  85% (964/1133)
macos	Run actions/checkout@v4	2026-08-10T06:27:13.9003800Z Updating files:  86% (975/1133)
macos	Run actions/checkout@v4	2026-08-10T06:27:13.9012710Z Updating files:  87% (986/1133)
macos	Run actions/checkout@v4	2026-08-10T06:27:13.9023750Z Updating files:  88% (998/1133)
macos	Run actions/checkout@v4	2026-08-10T06:27:13.9034260Z Updating files:  89% (1009/1133)
macos	Run actions/checkout@v4	2026-08-10T06:27:13.9043510Z Updating files:  90% (1020/1133)
macos	Run actions/checkout@v4	2026-08-10T06:27:13.9053030Z Updating files:  91% (1032/1133)
macos	Run actions/checkout@v4	2026-08-10T06:27:13.9063190Z Updating files:  92% (1043/1133)
macos	Run actions/checkout@v4	2026-08-10T06:27:13.9072330Z Updating files:  93% (1054/1133)
macos	Run actions/checkout@v4	2026-08-10T06:27:13.9101370Z Updating files:  94% (1066/1133)
macos	Run actions/checkout@v4	2026-08-10T06:27:13.9327150Z Updating files:  95% (1077/1133)
macos	Run actions/checkout@v4	2026-08-10T06:27:13.9371030Z Updating files:  96% (1088/1133)
macos	Run actions/checkout@v4	2026-08-10T06:27:13.9426470Z Updating files:  97% (1100/1133)
macos	Run actions/checkout@v4	2026-08-10T06:27:13.9463880Z Updating files:  98% (1111/1133)
macos	Run actions/checkout@v4	2026-08-10T06:27:13.9487750Z Updating files:  99% (1122/1133)
macos	Run actions/checkout@v4	2026-08-10T06:27:13.9488260Z Updating files: 100% (1133/1133)
macos	Run actions/checkout@v4	2026-08-10T06:27:13.9488650Z Updating files: 100% (1133/1133), done.
macos	Run actions/checkout@v4	2026-08-10T06:27:13.9562840Z Switched to a new branch 'main'
macos	Run actions/checkout@v4	2026-08-10T06:27:13.9578510Z branch 'main' set up to track 'origin/main'.
macos	Run actions/checkout@v4	2026-08-10T06:27:13.9635090Z ##[endgroup]
macos	Run actions/checkout@v4	2026-08-10T06:27:13.9793400Z [command]/opt/homebrew/bin/git log -1 --format=%H
macos	Run actions/checkout@v4	2026-08-10T06:27:13.9884030Z 7921ae56f27343d8efcd131a047e6148d8c92c89
macos	Build maxed universal macOS API distribution	﻿2026-08-10T06:27:14.0131190Z ##[group]Run make -C parts dist-api MACOS_UNIVERSAL=1
macos	Build maxed universal macOS API distribution	2026-08-10T06:27:14.0131570Z [36;1mmake -C parts dist-api MACOS_UNIVERSAL=1[0m
macos	Build maxed universal macOS API distribution	2026-08-10T06:27:14.0182740Z shell: /bin/bash -e {0}
macos	Build maxed universal macOS API distribution	2026-08-10T06:27:14.0182960Z env:
macos	Build maxed universal macOS API distribution	2026-08-10T06:27:14.0183100Z   VERSION: 0.55.17
macos	Build maxed universal macOS API distribution	2026-08-10T06:27:14.0183320Z ##[endgroup]
macos	Build maxed universal macOS API distribution	2026-08-10T06:27:15.1820510Z cmake -B build_maxed -S . -DCMAKE_BUILD_TYPE=Release -DCMAKE_OSX_ARCHITECTURES="x86_64;arm64" \
macos	Build maxed universal macOS API distribution	2026-08-10T06:27:15.1821730Z 		-DKIT_OPTS="KSYNTH=1 MIDI=1 AM=1 XM=1 CRUSH=1 GLISS=1 FILT=1 FADSR=1 FM=1 PANMOD=1 PD=1 SAH=1 SEQ=1 SMOOTHER=1 UDP=1 RECORD=1 SCOPE=1"
macos	Build maxed universal macOS API distribution	2026-08-10T06:27:16.5018460Z -- The C compiler identification is AppleClang 21.0.0.21000101
macos	Build maxed universal macOS API distribution	2026-08-10T06:27:17.1343840Z -- Detecting C compiler ABI info
macos	Build maxed universal macOS API distribution	2026-08-10T06:27:17.3870000Z -- Detecting C compiler ABI info - done
macos	Build maxed universal macOS API distribution	2026-08-10T06:27:17.4027140Z -- Check for working C compiler: /usr/bin/cc - skipped
macos	Build maxed universal macOS API distribution	2026-08-10T06:27:17.4033530Z -- Detecting C compile features
macos	Build maxed universal macOS API distribution	2026-08-10T06:27:17.4040810Z -- Detecting C compile features - done
macos	Build maxed universal macOS API distribution	2026-08-10T06:27:17.4115650Z -- DEBUG: Module (C) api using KIT_OPTS: KSYNTH=1 MIDI=1 AM=1 XM=1 CRUSH=1 GLISS=1 FILT=1 FADSR=1 FM=1 PANMOD=1 PD=1 SAH=1 SEQ=1 SMOOTHER=1 UDP=1 RECORD=1 SCOPE=1
macos	Build maxed universal macOS API distribution	2026-08-10T06:27:17.4116820Z -- DEBUG: Module (C) synth using KIT_OPTS: KSYNTH=1 MIDI=1 AM=1 XM=1 CRUSH=1 GLISS=1 FILT=1 FADSR=1 FM=1 PANMOD=1 PD=1 SAH=1 SEQ=1 SMOOTHER=1 UDP=1 RECORD=1 SCOPE=1
macos	Build maxed universal macOS API distribution	2026-08-10T06:27:17.4117790Z -- DEBUG: Module (H) synth using KIT_OPTS: KSYNTH=1 MIDI=1 AM=1 XM=1 CRUSH=1 GLISS=1 FILT=1 FADSR=1 FM=1 PANMOD=1 PD=1 SAH=1 SEQ=1 SMOOTHER=1 UDP=1 RECORD=1 SCOPE=1
macos	Build maxed universal macOS API distribution	2026-08-10T06:27:17.4118810Z -- DEBUG: Module (C) skode using KIT_OPTS: KSYNTH=1 MIDI=1 AM=1 XM=1 CRUSH=1 GLISS=1 FILT=1 FADSR=1 FM=1 PANMOD=1 PD=1 SAH=1 SEQ=1 SMOOTHER=1 UDP=1 RECORD=1 SCOPE=1
macos	Build maxed universal macOS API distribution	2026-08-10T06:27:17.4119820Z -- DEBUG: Module (C) polyphony using KIT_OPTS: KSYNTH=1 MIDI=1 AM=1 XM=1 CRUSH=1 GLISS=1 FILT=1 FADSR=1 FM=1 PANMOD=1 PD=1 SAH=1 SEQ=1 SMOOTHER=1 UDP=1 RECORD=1 SCOPE=1
macos	Build maxed universal macOS API distribution	2026-08-10T06:27:17.4120810Z -- DEBUG: Module (C) synth-alloc using KIT_OPTS: KSYNTH=1 MIDI=1 AM=1 XM=1 CRUSH=1 GLISS=1 FILT=1 FADSR=1 FM=1 PANMOD=1 PD=1 SAH=1 SEQ=1 SMOOTHER=1 UDP=1 RECORD=1 SCOPE=1
macos	Build maxed universal macOS API distribution	2026-08-10T06:27:17.4121700Z -- DEBUG: Module (C) seq using KIT_OPTS: KSYNTH=1 MIDI=1 AM=1 XM=1 CRUSH=1 GLISS=1 FILT=1 FADSR=1 FM=1 PANMOD=1 PD=1 SAH=1 SEQ=1 SMOOTHER=1 UDP=1 RECORD=1 SCOPE=1
macos	Build maxed universal macOS API distribution	2026-08-10T06:27:17.4122530Z -- DEBUG: Module (H) seq using KIT_OPTS: KSYNTH=1 MIDI=1 AM=1 XM=1 CRUSH=1 GLISS=1 FILT=1 FADSR=1 FM=1 PANMOD=1 PD=1 SAH=1 SEQ=1 SMOOTHER=1 UDP=1 RECORD=1 SCOPE=1
macos	Build maxed universal macOS API distribution	2026-08-10T06:27:17.4123520Z -- DEBUG: Module (C) recorder using KIT_OPTS: KSYNTH=1 MIDI=1 AM=1 XM=1 CRUSH=1 GLISS=1 FILT=1 FADSR=1 FM=1 PANMOD=1 PD=1 SAH=1 SEQ=1 SMOOTHER=1 UDP=1 RECORD=1 SCOPE=1
macos	Build maxed universal macOS API distribution	2026-08-10T06:27:17.4124350Z -- DEBUG: Module (H) recorder using KIT_OPTS: KSYNTH=1 MIDI=1 AM=1 XM=1 CRUSH=1 GLISS=1 FILT=1 FADSR=1 FM=1 PANMOD=1 PD=1 SAH=1 SEQ=1 SMOOTHER=1 UDP=1 RECORD=1 SCOPE=1
macos	Build maxed universal macOS API distribution	2026-08-10T06:27:17.4168140Z -- DEBUG: Executable Module (C) mini-skred using KIT_OPTS: KSYNTH=1 MIDI=1 AM=1 XM=1 CRUSH=1 GLISS=1 FILT=1 FADSR=1 FM=1 PANMOD=1 PD=1 SAH=1 SEQ=1 SMOOTHER=1 UDP=1 RECORD=1 SCOPE=1
macos	Build maxed universal macOS API distribution	2026-08-10T06:27:17.4202820Z -- Configuring done (2.1s)
macos	Build maxed universal macOS API distribution	2026-08-10T06:27:17.9921850Z -- Generating done (0.6s)
macos	Build maxed universal macOS API distribution	2026-08-10T06:27:17.9932850Z -- Build files have been written to: /Users/runner/work/pulp/pulp/parts/build_maxed
macos	Build maxed universal macOS API distribution	2026-08-10T06:27:17.9944310Z cmake --build build_maxed --target api api_shared mini-skred
macos	Build maxed universal macOS API distribution	2026-08-10T06:27:18.0480790Z ! KIT FEATURES
macos	Build maxed universal macOS API distribution	2026-08-10T06:27:18.0558560Z ! KIT_OPTS (Raw): KSYNTH=1 MIDI=1 AM=1 XM=1 CRUSH=1 GLISS=1 FILT=1 FADSR=1 FM=1 PANMOD=1 PD=1 SAH=1 SEQ=1 SMOOTHER=1 UDP=1 RECORD=1 SCOPE=1
macos	Build maxed universal macOS API distribution	2026-08-10T06:27:18.0635780Z ! KIT_OPTS_LIST:  KSYNTH=1;MIDI=1;AM=1;XM=1;CRUSH=1;GLISS=1;FILT=1;FADSR=1;FM=1;PANMOD=1;PD=1;SAH=1;SEQ=1;SMOOTHER=1;UDP=1;RECORD=1;SCOPE=1;TRACKS=1;ADSR=1
macos	Build maxed universal macOS API distribution	2026-08-10T06:27:18.0712420Z [  0%] Built target check_opts
macos	Build maxed universal macOS API distribution	2026-08-10T06:27:18.0911400Z [  2%] Building C object CMakeFiles/kit_tool.dir/kit.c.o
macos	Build maxed universal macOS API distribution	2026-08-10T06:27:18.4650610Z [  5%] Linking C executable kit_tool
macos	Build maxed universal macOS API distribution	2026-08-10T06:27:18.5557520Z [  5%] Built target kit_tool
macos	Build maxed universal macOS API distribution	2026-08-10T06:27:18.5680270Z [  8%] Generating synth-state.h
macos	Build maxed universal macOS API distribution	2026-08-10T06:27:18.5895680Z [ 11%] Generating synth.h
macos	Build maxed universal macOS API distribution	2026-08-10T06:27:18.6055300Z [ 14%] Generating api.c
macos	Build maxed universal macOS API distribution	2026-08-10T06:27:18.6354270Z [ 17%] Generating polyphony.c
macos	Build maxed universal macOS API distribution	2026-08-10T06:27:18.6507860Z [ 20%] Generating recorder.c
macos	Build maxed universal macOS API distribution	2026-08-10T06:27:18.6669030Z [ 23%] Generating recorder.h
macos	Build maxed universal macOS API distribution	2026-08-10T06:27:18.6825650Z [ 26%] Generating seq.c
macos	Build maxed universal macOS API distribution	2026-08-10T06:27:18.6950580Z [ 26%] Generating seq.h
macos	Build maxed universal macOS API distribution	2026-08-10T06:27:18.7123540Z [ 29%] Generating skode.c, skode-doc.inc
macos	Build maxed universal macOS API distribution	2026-08-10T06:27:18.7486900Z [ 32%] Generating synth-alloc.c
macos	Build maxed universal macOS API distribution	2026-08-10T06:27:18.7656660Z [ 35%] Generating synth.c
macos	Build maxed universal macOS API distribution	2026-08-10T06:27:18.7947520Z [ 38%] Building C object CMakeFiles/api.dir/ands.c.o
macos	Build maxed universal macOS API distribution	2026-08-10T06:27:19.1593180Z [ 41%] Building C object CMakeFiles/api.dir/miniaudio.c.o
macos	Build maxed universal macOS API distribution	2026-08-10T06:27:29.9746860Z [ 44%] Building C object CMakeFiles/api.dir/midi.c.o
macos	Build maxed universal macOS API distribution	2026-08-10T06:27:30.4575650Z [ 47%] Building C object CMakeFiles/api.dir/util.c.o
macos	Build maxed universal macOS API distribution	2026-08-10T06:27:30.5372510Z [ 50%] Building C object CMakeFiles/api.dir/miniwav.c.o
macos	Build maxed universal macOS API distribution	2026-08-10T06:27:30.6743940Z [ 50%] Building C object CMakeFiles/api.dir/exp-vfs/miniz.c.o
macos	Build maxed universal macOS API distribution	2026-08-10T06:27:30.8029430Z [ 52%] Building C object CMakeFiles/api.dir/exp-vfs/miniz_tdef.c.o
macos	Build maxed universal macOS API distribution	2026-08-10T06:27:31.2649470Z [ 55%] Building C object CMakeFiles/api.dir/exp-vfs/miniz_tinfl.c.o
macos	Build maxed universal macOS API distribution	2026-08-10T06:27:31.5338500Z [ 58%] Building C object CMakeFiles/api.dir/exp-vfs/miniz_zip.c.o
macos	Build maxed universal macOS API distribution	2026-08-10T06:27:32.1397240Z [ 61%] Building C object CMakeFiles/api.dir/exp-vfs/skred_vfs.c.o
macos	Build maxed universal macOS API distribution	2026-08-10T06:27:32.2785710Z [ 64%] Building C object CMakeFiles/api.dir/skode-event.c.o
macos	Build maxed universal macOS API distribution	2026-08-10T06:27:32.4608320Z [ 67%] Building C object CMakeFiles/api.dir/skode-dict.c.o
macos	Build maxed universal macOS API distribution	2026-08-10T06:27:32.6559560Z [ 70%] Building C object CMakeFiles/api.dir/skqueue.c.o
macos	Build maxed universal macOS API distribution	2026-08-10T06:27:32.7770340Z [ 73%] Building C object CMakeFiles/api.dir/udp.c.o
macos	Build maxed universal macOS API distribution	2026-08-10T06:27:32.8865500Z [ 76%] Building C object CMakeFiles/api.dir/scope-ipc.c.o
macos	Build maxed universal macOS API distribution	2026-08-10T06:27:33.0142550Z [ 76%] Building C object CMakeFiles/api.dir/vendor/ksynth/ksynth.c.o
macos	Build maxed universal macOS API distribution	2026-08-10T06:27:33.3630450Z [ 79%] Building C object CMakeFiles/api.dir/api.c.o
macos	Build maxed universal macOS API distribution	2026-08-10T06:27:33.7199060Z [ 82%] Building C object CMakeFiles/api.dir/synth.c.o
macos	Build maxed universal macOS API distribution	2026-08-10T06:27:34.5571970Z [ 85%] Building C object CMakeFiles/api.dir/skode.c.o
macos	Build maxed universal macOS API distribution	2026-08-10T06:27:36.1977670Z [ 88%] Building C object CMakeFiles/api.dir/polyphony.c.o
macos	Build maxed universal macOS API distribution	2026-08-10T06:27:36.5113840Z [ 91%] Building C object CMakeFiles/api.dir/synth-alloc.c.o
macos	Build maxed universal macOS API distribution	2026-08-10T06:27:36.6685050Z [ 94%] Building C object CMakeFiles/api.dir/seq.c.o
macos	Build maxed universal macOS API distribution	2026-08-10T06:27:36.8181520Z [ 97%] Building C object CMakeFiles/api.dir/recorder.c.o
macos	Build maxed universal macOS API distribution	2026-08-10T06:27:36.9349290Z [100%] Linking C static library libapi.a
macos	Build maxed universal macOS API distribution	2026-08-10T06:27:38.0403630Z [100%] Built target api
macos	Build maxed universal macOS API distribution	2026-08-10T06:27:38.1022230Z ! KIT FEATURES
macos	Build maxed universal macOS API distribution	2026-08-10T06:27:38.1111680Z ! KIT_OPTS (Raw): KSYNTH=1 MIDI=1 AM=1 XM=1 CRUSH=1 GLISS=1 FILT=1 FADSR=1 FM=1 PANMOD=1 PD=1 SAH=1 SEQ=1 SMOOTHER=1 UDP=1 RECORD=1 SCOPE=1
macos	Build maxed universal macOS API distribution	2026-08-10T06:27:38.1212590Z ! KIT_OPTS_LIST:  KSYNTH=1;MIDI=1;AM=1;XM=1;CRUSH=1;GLISS=1;FILT=1;FADSR=1;FM=1;PANMOD=1;PD=1;SAH=1;SEQ=1;SMOOTHER=1;UDP=1;RECORD=1;SCOPE=1;TRACKS=1;ADSR=1
macos	Build maxed universal macOS API distribution	2026-08-10T06:27:38.1315550Z [  0%] Built target check_opts
macos	Build maxed universal macOS API distribution	2026-08-10T06:27:38.1613560Z [  6%] Built target kit_tool
macos	Build maxed universal macOS API distribution	2026-08-10T06:27:38.1873510Z [  9%] Building C object CMakeFiles/api_shared.dir/ands.c.o
macos	Build maxed universal macOS API distribution	2026-08-10T06:27:38.5662300Z [ 12%] Building C object CMakeFiles/api_shared.dir/miniaudio.c.o
macos	Build maxed universal macOS API distribution	2026-08-10T06:27:49.5980900Z [ 15%] Building C object CMakeFiles/api_shared.dir/midi.c.o
macos	Build maxed universal macOS API distribution	2026-08-10T06:27:50.0848000Z [ 18%] Building C object CMakeFiles/api_shared.dir/util.c.o
macos	Build maxed universal macOS API distribution	2026-08-10T06:27:50.1605160Z [ 21%] Building C object CMakeFiles/api_shared.dir/miniwav.c.o
macos	Build maxed universal macOS API distribution	2026-08-10T06:27:50.3005010Z [ 24%] Building C object CMakeFiles/api_shared.dir/exp-vfs/miniz.c.o
macos	Build maxed universal macOS API distribution	2026-08-10T06:27:50.4325840Z [ 27%] Building C object CMakeFiles/api_shared.dir/exp-vfs/miniz_tdef.c.o
macos	Build maxed universal macOS API distribution	2026-08-10T06:27:50.8818330Z [ 30%] Building C object CMakeFiles/api_shared.dir/exp-vfs/miniz_tinfl.c.o
macos	Build maxed universal macOS API distribution	2026-08-10T06:27:51.1306420Z [ 30%] Building C object CMakeFiles/api_shared.dir/exp-vfs/miniz_zip.c.o
macos	Build maxed universal macOS API distribution	2026-08-10T06:27:51.7589930Z [ 33%] Building C object CMakeFiles/api_shared.dir/exp-vfs/skred_vfs.c.o
macos	Build maxed universal macOS API distribution	2026-08-10T06:27:51.8951450Z [ 36%] Building C object CMakeFiles/api_shared.dir/skode-event.c.o
macos	Build maxed universal macOS API distribution	2026-08-10T06:27:52.0792190Z [ 39%] Building C object CMakeFiles/api_shared.dir/skode-dict.c.o
macos	Build maxed universal macOS API distribution	2026-08-10T06:27:52.2783890Z [ 42%] Building C object CMakeFiles/api_shared.dir/skqueue.c.o
macos	Build maxed universal macOS API distribution	2026-08-10T06:27:52.4038990Z [ 45%] Building C object CMakeFiles/api_shared.dir/udp.c.o
macos	Build maxed universal macOS API distribution	2026-08-10T06:27:52.5180870Z [ 48%] Building C object CMakeFiles/api_shared.dir/scope-ipc.c.o
macos	Build maxed universal macOS API distribution	2026-08-10T06:27:52.6462370Z [ 51%] Building C object CMakeFiles/api_shared.dir/vendor/ksynth/ksynth.c.o
macos	Build maxed universal macOS API distribution	2026-08-10T06:27:52.9938550Z [ 54%] Building C object CMakeFiles/api_shared.dir/api.c.o
macos	Build maxed universal macOS API distribution	2026-08-10T06:27:53.3532580Z [ 54%] Building C object CMakeFiles/api_shared.dir/synth.c.o
macos	Build maxed universal macOS API distribution	2026-08-10T06:27:54.2651120Z [ 57%] Building C object CMakeFiles/api_shared.dir/skode.c.o
macos	Build maxed universal macOS API distribution	2026-08-10T06:27:55.8643290Z [ 60%] Building C object CMakeFiles/api_shared.dir/polyphony.c.o
macos	Build maxed universal macOS API distribution	2026-08-10T06:27:56.1500590Z [ 63%] Building C object CMakeFiles/api_shared.dir/synth-alloc.c.o
macos	Build maxed universal macOS API distribution	2026-08-10T06:27:56.3065010Z [ 66%] Building C object CMakeFiles/api_shared.dir/seq.c.o
macos	Build maxed universal macOS API distribution	2026-08-10T06:27:56.4852230Z [ 69%] Building C object CMakeFiles/api_shared.dir/recorder.c.o
macos	Build maxed universal macOS API distribution	2026-08-10T06:27:56.6176450Z [ 72%] Linking C shared library libapi.dylib
macos	Build maxed universal macOS API distribution	2026-08-10T06:27:56.7489920Z [100%] Built target api_shared
macos	Build maxed universal macOS API distribution	2026-08-10T06:27:56.8054440Z ! KIT FEATURES
macos	Build maxed universal macOS API distribution	2026-08-10T06:27:56.8154640Z ! KIT_OPTS (Raw): KSYNTH=1 MIDI=1 AM=1 XM=1 CRUSH=1 GLISS=1 FILT=1 FADSR=1 FM=1 PANMOD=1 PD=1 SAH=1 SEQ=1 SMOOTHER=1 UDP=1 RECORD=1 SCOPE=1
macos	Build maxed universal macOS API distribution	2026-08-10T06:27:56.8246380Z ! KIT_OPTS_LIST:  KSYNTH=1;MIDI=1;AM=1;XM=1;CRUSH=1;GLISS=1;FILT=1;FADSR=1;FM=1;PANMOD=1;PD=1;SAH=1;SEQ=1;SMOOTHER=1;UDP=1;RECORD=1;SCOPE=1;TRACKS=1;ADSR=1
macos	Build maxed universal macOS API distribution	2026-08-10T06:27:56.8341130Z [  0%] Built target check_opts
macos	Build maxed universal macOS API distribution	2026-08-10T06:27:56.8613280Z [  5%] Built target kit_tool
macos	Build maxed universal macOS API distribution	2026-08-10T06:27:56.9267730Z [ 91%] Built target api
macos	Build maxed universal macOS API distribution	2026-08-10T06:27:56.9480870Z [ 94%] Generating mini-skred.c
macos	Build maxed universal macOS API distribution	2026-08-10T06:27:56.9819400Z [ 97%] Building C object CMakeFiles/mini-skred.dir/mini-skred.c.o
macos	Build maxed universal macOS API distribution	2026-08-10T06:27:57.1365240Z [100%] Linking C executable mini-skred
macos	Build maxed universal macOS API distribution	2026-08-10T06:27:57.2760350Z [100%] Built target mini-skred
macos	Build maxed universal macOS API distribution	2026-08-10T06:27:57.2875650Z cmake --install build_maxed --prefix ../dist/macos-universal/skred-0.55.17-maxed
macos	Build maxed universal macOS API distribution	2026-08-10T06:27:57.2944910Z -- Install configuration: "Release"
macos	Build maxed universal macOS API distribution	2026-08-10T06:27:57.2946650Z -- Installing: /Users/runner/work/pulp/pulp/parts/../dist/macos-universal/skred-0.55.17-maxed/lib/libapi.a
macos	Build maxed universal macOS API distribution	2026-08-10T06:27:57.3127660Z -- Installing: /Users/runner/work/pulp/pulp/parts/../dist/macos-universal/skred-0.55.17-maxed/lib/libapi.0.55.17.dylib
macos	Build maxed universal macOS API distribution	2026-08-10T06:27:57.3128930Z -- Installing: /Users/runner/work/pulp/pulp/parts/../dist/macos-universal/skred-0.55.17-maxed/lib/libapi.0.dylib
macos	Build maxed universal macOS API distribution	2026-08-10T06:27:57.3131190Z -- Installing: /Users/runner/work/pulp/pulp/parts/../dist/macos-universal/skred-0.55.17-maxed/lib/libapi.dylib
macos	Build maxed universal macOS API distribution	2026-08-10T06:27:57.3135070Z -- Installing: /Users/runner/work/pulp/pulp/parts/../dist/macos-universal/skred-0.55.17-maxed/bin/mini-skred
macos	Build maxed universal macOS API distribution	2026-08-10T06:27:57.3138220Z -- Installing: /Users/runner/work/pulp/pulp/parts/../dist/macos-universal/skred-0.55.17-maxed/include/skred/api.h
macos	Build maxed universal macOS API distribution	2026-08-10T06:27:57.3140770Z -- Installing: /Users/runner/work/pulp/pulp/parts/../dist/macos-universal/skred-0.55.17-maxed/include/skred/polyphony.h
macos	Build maxed universal macOS API distribution	2026-08-10T06:27:57.3144380Z -- Installing: /Users/runner/work/pulp/pulp/parts/../dist/macos-universal/skred-0.55.17-maxed/include/skred/skred_vfs.h
macos	Build maxed universal macOS API distribution	2026-08-10T06:27:57.3147460Z -- Installing: /Users/runner/work/pulp/pulp/parts/../dist/macos-universal/skred-0.55.17-maxed/include/skred/skred-version.h
macos	Build maxed universal macOS API distribution	2026-08-10T06:27:57.3158500Z cmake -E chdir ../dist/macos-universal cmake -E tar czf skred-0.55.17-maxed.tar.gz \
macos	Build maxed universal macOS API distribution	2026-08-10T06:27:57.3159640Z 		--format=gnutar skred-0.55.17-maxed
macos	Verify and name release asset	﻿2026-08-10T06:27:57.6752510Z ##[group]Run set -euo pipefail
macos	Verify and name release asset	2026-08-10T06:27:57.6752910Z [36;1mset -euo pipefail[0m
macos	Verify and name release asset	2026-08-10T06:27:57.6753340Z [36;1msource="dist/macos-universal/skred-${VERSION}-maxed.tar.gz"[0m
macos	Verify and name release asset	2026-08-10T06:27:57.6753890Z [36;1masset="skred-${VERSION}-maxed-macos-universal.tar.gz"[0m
macos	Verify and name release asset	2026-08-10T06:27:57.6754310Z [36;1mtest -f "$source"[0m
macos	Verify and name release asset	2026-08-10T06:27:57.6754620Z [36;1mtar -tzf "$source" > archive-contents.txt[0m
macos	Verify and name release asset	2026-08-10T06:27:57.6755140Z [36;1mgrep -q "skred-${VERSION}-maxed/include/skred/api.h" archive-contents.txt[0m
macos	Verify and name release asset	2026-08-10T06:27:57.6755660Z [36;1mgrep -q "skred-${VERSION}-maxed/lib/libapi.a" archive-contents.txt[0m
macos	Verify and name release asset	2026-08-10T06:27:57.6756320Z [36;1mlipo -info "dist/macos-universal/skred-${VERSION}-maxed/lib/libapi.a" | grep -q "x86_64\|arm64"[0m
macos	Verify and name release asset	2026-08-10T06:27:57.6756980Z [36;1mnm -gU \[0m
macos	Verify and name release asset	2026-08-10T06:27:57.6757250Z [36;1m  "dist/macos-universal/skred-${VERSION}-maxed/lib/libapi.a" \[0m
macos	Verify and name release asset	2026-08-10T06:27:57.6757660Z [36;1m  > api-symbols.txt[0m
macos	Verify and name release asset	2026-08-10T06:27:57.6757970Z [36;1mgrep -q "_skred_midi_init" api-symbols.txt[0m
macos	Verify and name release asset	2026-08-10T06:27:57.6758340Z [36;1mmkdir -p release-assets[0m
macos	Verify and name release asset	2026-08-10T06:27:57.6758740Z [36;1mcp "$source" "release-assets/$asset"[0m
macos	Verify and name release asset	2026-08-10T06:27:57.6811670Z shell: /bin/bash --noprofile --norc -e -o pipefail {0}
macos	Verify and name release asset	2026-08-10T06:27:57.6812000Z env:
macos	Verify and name release asset	2026-08-10T06:27:57.6812240Z   VERSION: 0.55.17
macos	Verify and name release asset	2026-08-10T06:27:57.6812430Z ##[endgroup]
macos	Run actions/upload-artifact@v4	﻿2026-08-10T06:27:59.0349540Z Node 20 is being deprecated. This workflow is running with Node 24 by default. If you need to temporarily use Node 20, you can set the ACTIONS_ALLOW_USE_UNSECURE_NODE_VERSION=true environment variable. For more information see: https://github.blog/changelog/2025-09-19-deprecation-of-node-20-on-github-actions-runners/
macos	Run actions/upload-artifact@v4	2026-08-10T06:27:59.0350720Z ##[group]Run actions/upload-artifact@v4
macos	Run actions/upload-artifact@v4	2026-08-10T06:27:59.0350920Z with:
macos	Run actions/upload-artifact@v4	2026-08-10T06:27:59.0351050Z   name: api-macos-universal
macos	Run actions/upload-artifact@v4	2026-08-10T06:27:59.0351310Z   path: release-assets/*
macos	Run actions/upload-artifact@v4	2026-08-10T06:27:59.0351480Z   if-no-files-found: error
macos	Run actions/upload-artifact@v4	2026-08-10T06:27:59.0351650Z   compression-level: 6
macos	Run actions/upload-artifact@v4	2026-08-10T06:27:59.0351790Z   overwrite: false
macos	Run actions/upload-artifact@v4	2026-08-10T06:27:59.0351950Z   include-hidden-files: false
macos	Run actions/upload-artifact@v4	2026-08-10T06:27:59.0352110Z env:
macos	Run actions/upload-artifact@v4	2026-08-10T06:27:59.0352250Z   VERSION: 0.55.17
macos	Run actions/upload-artifact@v4	2026-08-10T06:27:59.0352380Z ##[endgroup]
macos	Run actions/upload-artifact@v4	2026-08-10T06:27:59.3268940Z (node:3251) [DEP0040] DeprecationWarning: The `punycode` module is deprecated. Please use a userland alternative instead.
macos	Run actions/upload-artifact@v4	2026-08-10T06:27:59.3269660Z (Use `node --trace-deprecation ...` to show where the warning was created)
macos	Run actions/upload-artifact@v4	2026-08-10T06:27:59.3309790Z With the provided path, there will be 1 file uploaded
macos	Run actions/upload-artifact@v4	2026-08-10T06:27:59.3312160Z Artifact name is valid!
macos	Run actions/upload-artifact@v4	2026-08-10T06:27:59.3312700Z Root directory input is valid!
macos	Run actions/upload-artifact@v4	2026-08-10T06:27:59.4692010Z Beginning upload of artifact content to blob storage
macos	Run actions/upload-artifact@v4	2026-08-10T06:27:59.6052250Z (node:3251) [DEP0169] DeprecationWarning: `url.parse()` behavior is not standardized and prone to errors that have security implications. Use the WHATWG URL API instead. CVEs are not issued for `url.parse()` vulnerabilities.
macos	Run actions/upload-artifact@v4	2026-08-10T06:27:59.7562610Z Uploaded bytes 4709957
macos	Run actions/upload-artifact@v4	2026-08-10T06:27:59.7735880Z Finished uploading artifact content to blob storage!
macos	Run actions/upload-artifact@v4	2026-08-10T06:27:59.7736540Z SHA256 digest of uploaded artifact zip is b7a4a9c0b5e68a6dc8c1e9c019fbd165258b8386218d868af7535b10afe5e6c7
macos	Run actions/upload-artifact@v4	2026-08-10T06:27:59.7737150Z Finalizing artifact upload
macos	Run actions/upload-artifact@v4	2026-08-10T06:27:59.9264560Z Artifact api-macos-universal.zip successfully finalized. Artifact ID 9052705085
macos	Run actions/upload-artifact@v4	2026-08-10T06:27:59.9266270Z Artifact api-macos-universal has been successfully uploaded! Final size is 4709957 bytes. Artifact ID is 9052705085
macos	Run actions/upload-artifact@v4	2026-08-10T06:27:59.9283490Z Artifact download URL: https://github.com/octetta/pulp/actions/runs/31361988095/artifacts/9052705085
macos	Post Run actions/checkout@v4	﻿2026-08-10T06:27:59.9520300Z Node 20 is being deprecated. This workflow is running with Node 24 by default. If you need to temporarily use Node 20, you can set the ACTIONS_ALLOW_USE_UNSECURE_NODE_VERSION=true environment variable. For more information see: https://github.blog/changelog/2025-09-19-deprecation-of-node-20-on-github-actions-runners/
macos	Post Run actions/checkout@v4	2026-08-10T06:27:59.9521700Z Post job cleanup.
macos	Post Run actions/checkout@v4	2026-08-10T06:28:00.0767080Z [command]/opt/homebrew/bin/git version
macos	Post Run actions/checkout@v4	2026-08-10T06:28:00.0942230Z git version 2.55.0
macos	Post Run actions/checkout@v4	2026-08-10T06:28:00.0964820Z Copying '/Users/runner/.gitconfig' to '/Users/runner/work/_temp/c647fe12-5916-434c-a75f-b42f6b02ce79/.gitconfig'
macos	Post Run actions/checkout@v4	2026-08-10T06:28:00.0966790Z Temporarily overriding HOME='/Users/runner/work/_temp/c647fe12-5916-434c-a75f-b42f6b02ce79' before making global git config changes
macos	Post Run actions/checkout@v4	2026-08-10T06:28:00.0967530Z Adding repository directory to the temporary git global config as a safe directory
macos	Post Run actions/checkout@v4	2026-08-10T06:28:00.0971190Z [command]/opt/homebrew/bin/git config --global --add safe.directory /Users/runner/work/pulp/pulp
macos	Post Run actions/checkout@v4	2026-08-10T06:28:00.1075580Z [command]/opt/homebrew/bin/git config --local --name-only --get-regexp core\.sshCommand
macos	Post Run actions/checkout@v4	2026-08-10T06:28:00.1131830Z [command]/opt/homebrew/bin/git submodule foreach --recursive sh -c "git config --local --name-only --get-regexp 'core\.sshCommand' && git config --local --unset-all 'core.sshCommand' || :"
macos	Post Run actions/checkout@v4	2026-08-10T06:28:00.1861730Z [command]/opt/homebrew/bin/git config --local --name-only --get-regexp http\.https\:\/\/github\.com\/\.extraheader
macos	Post Run actions/checkout@v4	2026-08-10T06:28:00.1910670Z http.https://github.com/.extraheader
macos	Post Run actions/checkout@v4	2026-08-10T06:28:00.1917870Z [command]/opt/homebrew/bin/git config --local --unset-all http.https://github.com/.extraheader
macos	Post Run actions/checkout@v4	2026-08-10T06:28:00.1972560Z [command]/opt/homebrew/bin/git submodule foreach --recursive sh -c "git config --local --name-only --get-regexp 'http\.https\:\/\/github\.com\/\.extraheader' && git config --local --unset-all 'http.https://github.com/.extraheader' || :"
macos	Post Run actions/checkout@v4	2026-08-10T06:28:00.2963420Z [command]/opt/homebrew/bin/git config --local --name-only --get-regexp ^includeIf\.gitdir:
macos	Post Run actions/checkout@v4	2026-08-10T06:28:00.3021410Z [command]/opt/homebrew/bin/git submodule foreach --recursive git config --local --show-origin --name-only --get-regexp remote.origin.url
macos	Complete job	﻿2026-08-10T06:28:00.3804310Z Cleaning up orphan processes
macos	Complete job	2026-08-10T06:28:00.9872000Z ##[warning]Node.js 20 is deprecated. The following actions target Node.js 20 but are being forced to run on Node.js 24: actions/checkout@v4, actions/upload-artifact@v4. For more information see: https://github.blog/changelog/2025-09-19-deprecation-of-node-20-on-github-actions-runners/
linux	Set up job	﻿2026-08-10T06:26:58.5197480Z Current runner version: '2.336.0'
linux	Set up job	2026-08-10T06:26:58.5223544Z ##[group]Runner Image Provisioner
linux	Set up job	2026-08-10T06:26:58.5224670Z Hosted Compute Agent
linux	Set up job	2026-08-10T06:26:58.5225597Z Version: 20260707.563
linux	Set up job	2026-08-10T06:26:58.5226233Z Commit: 02667638d2b423fbc733a8e32a88b44996a3ba6e
linux	Set up job	2026-08-10T06:26:58.5226977Z Build Date: 2026-07-07T19:33:50Z
linux	Set up job	2026-08-10T06:26:58.5227663Z Worker ID: {b6012e47-df50-4e6d-8c85-095b0c7b74ef}
linux	Set up job	2026-08-10T06:26:58.5228402Z Azure Region: westus3
linux	Set up job	2026-08-10T06:26:58.5229011Z ##[endgroup]
linux	Set up job	2026-08-10T06:26:58.5230577Z ##[group]Operating System
linux	Set up job	2026-08-10T06:26:58.5231227Z Ubuntu
linux	Set up job	2026-08-10T06:26:58.5231828Z 24.04.4
linux	Set up job	2026-08-10T06:26:58.5232362Z LTS
linux	Set up job	2026-08-10T06:26:58.5232901Z ##[endgroup]
linux	Set up job	2026-08-10T06:26:58.5233455Z ##[group]Runner Image
linux	Set up job	2026-08-10T06:26:58.5234041Z Image: ubuntu-24.04
linux	Set up job	2026-08-10T06:26:58.5234917Z Version: 20260720.247.2
linux	Set up job	2026-08-10T06:26:58.5236053Z Included Software: https://github.com/actions/runner-images/blob/ubuntu24/20260720.247/images/ubuntu/Ubuntu2404-Readme.md
linux	Set up job	2026-08-10T06:26:58.5237796Z Image Release: https://github.com/actions/runner-images/releases/tag/ubuntu24%2F20260720.247
linux	Set up job	2026-08-10T06:26:58.5238894Z ##[endgroup]
linux	Set up job	2026-08-10T06:26:58.5240000Z ##[group]GITHUB_TOKEN Permissions
linux	Set up job	2026-08-10T06:26:58.5241885Z Contents: read
linux	Set up job	2026-08-10T06:26:58.5242976Z Metadata: read
linux	Set up job	2026-08-10T06:26:58.5243573Z ##[endgroup]
linux	Set up job	2026-08-10T06:26:58.5245958Z Secret source: Actions
linux	Set up job	2026-08-10T06:26:58.5247183Z Prepare workflow directory
linux	Set up job	2026-08-10T06:26:58.5797695Z Prepare all required actions
linux	Set up job	2026-08-10T06:26:58.5846444Z Getting action download info
linux	Set up job	2026-08-10T06:26:58.8769848Z Download action repository 'actions/checkout@v4' (SHA:11d5960a326750d5838078e36cf38b85af677262)
linux	Set up job	2026-08-10T06:26:59.5167790Z Download action repository 'actions/upload-artifact@v4' (SHA:ea165f8d65b6e75b540449e92b4886f43607fa02)
linux	Set up job	2026-08-10T06:26:59.7174095Z Complete job name: linux
linux	Run actions/checkout@v4	﻿2026-08-10T06:26:59.7907244Z Node 20 is being deprecated. This workflow is running with Node 24 by default. If you need to temporarily use Node 20, you can set the ACTIONS_ALLOW_USE_UNSECURE_NODE_VERSION=true environment variable. For more information see: https://github.blog/changelog/2025-09-19-deprecation-of-node-20-on-github-actions-runners/
linux	Run actions/checkout@v4	2026-08-10T06:26:59.7916604Z ##[group]Run actions/checkout@v4
linux	Run actions/checkout@v4	2026-08-10T06:26:59.7917360Z with:
linux	Run actions/checkout@v4	2026-08-10T06:26:59.7917807Z   repository: octetta/pulp
linux	Run actions/checkout@v4	2026-08-10T06:26:59.7921572Z   token: ***
linux	Run actions/checkout@v4	2026-08-10T06:26:59.7921994Z   ssh-strict: true
linux	Run actions/checkout@v4	2026-08-10T06:26:59.7922418Z   ssh-user: git
linux	Run actions/checkout@v4	2026-08-10T06:26:59.7922850Z   persist-credentials: true
linux	Run actions/checkout@v4	2026-08-10T06:26:59.7923325Z   clean: true
linux	Run actions/checkout@v4	2026-08-10T06:26:59.7923749Z   sparse-checkout-cone-mode: true
linux	Run actions/checkout@v4	2026-08-10T06:26:59.7924263Z   fetch-depth: 1
linux	Run actions/checkout@v4	2026-08-10T06:26:59.7924900Z   fetch-tags: false
linux	Run actions/checkout@v4	2026-08-10T06:26:59.7925333Z   show-progress: true
linux	Run actions/checkout@v4	2026-08-10T06:26:59.7925763Z   lfs: false
linux	Run actions/checkout@v4	2026-08-10T06:26:59.7926167Z   submodules: false
linux	Run actions/checkout@v4	2026-08-10T06:26:59.7926645Z   set-safe-directory: true
linux	Run actions/checkout@v4	2026-08-10T06:26:59.7927139Z   allow-unsafe-pr-checkout: false
linux	Run actions/checkout@v4	2026-08-10T06:26:59.7927896Z env:
linux	Run actions/checkout@v4	2026-08-10T06:26:59.7928296Z   VERSION: 0.55.17
linux	Run actions/checkout@v4	2026-08-10T06:26:59.7928712Z ##[endgroup]
linux	Run actions/checkout@v4	2026-08-10T06:26:59.8961561Z Syncing repository: octetta/pulp
linux	Run actions/checkout@v4	2026-08-10T06:26:59.8964234Z ##[group]Getting Git version info
linux	Run actions/checkout@v4	2026-08-10T06:26:59.8965604Z Working directory is '/home/runner/work/pulp/pulp'
linux	Run actions/checkout@v4	2026-08-10T06:26:59.8967156Z [command]/usr/bin/git version
linux	Run actions/checkout@v4	2026-08-10T06:26:59.9041546Z git version 2.54.0
linux	Run actions/checkout@v4	2026-08-10T06:26:59.9063715Z ##[endgroup]
linux	Run actions/checkout@v4	2026-08-10T06:26:59.9080409Z Temporarily overriding HOME='/home/runner/work/_temp/2a982023-16c2-48eb-b3c1-94a3c51831c9' before making global git config changes
linux	Run actions/checkout@v4	2026-08-10T06:26:59.9082828Z Adding repository directory to the temporary git global config as a safe directory
linux	Run actions/checkout@v4	2026-08-10T06:26:59.9087716Z [command]/usr/bin/git config --global --add safe.directory /home/runner/work/pulp/pulp
linux	Run actions/checkout@v4	2026-08-10T06:26:59.9141491Z Deleting the contents of '/home/runner/work/pulp/pulp'
linux	Run actions/checkout@v4	2026-08-10T06:26:59.9146686Z ##[group]Initializing the repository
linux	Run actions/checkout@v4	2026-08-10T06:26:59.9150826Z [command]/usr/bin/git init /home/runner/work/pulp/pulp
linux	Run actions/checkout@v4	2026-08-10T06:26:59.9290914Z hint: Using 'master' as the name for the initial branch. This default branch name
linux	Run actions/checkout@v4	2026-08-10T06:26:59.9292604Z hint: will change to "main" in Git 3.0. To configure the initial branch name
linux	Run actions/checkout@v4	2026-08-10T06:26:59.9294087Z hint: to use in all of your new repositories, which will suppress this warning,
linux	Run actions/checkout@v4	2026-08-10T06:26:59.9295471Z hint: call:
linux	Run actions/checkout@v4	2026-08-10T06:26:59.9296121Z hint:
linux	Run actions/checkout@v4	2026-08-10T06:26:59.9296910Z hint: 	git config --global init.defaultBranch <name>
linux	Run actions/checkout@v4	2026-08-10T06:26:59.9297870Z hint:
linux	Run actions/checkout@v4	2026-08-10T06:26:59.9298764Z hint: Names commonly chosen instead of 'master' are 'main', 'trunk' and
linux	Run actions/checkout@v4	2026-08-10T06:26:59.9300240Z hint: 'development'. The just-created branch can be renamed via this command:
linux	Run actions/checkout@v4	2026-08-10T06:26:59.9301421Z hint:
linux	Run actions/checkout@v4	2026-08-10T06:26:59.9302055Z hint: 	git branch -m <name>
linux	Run actions/checkout@v4	2026-08-10T06:26:59.9302839Z hint:
linux	Run actions/checkout@v4	2026-08-10T06:26:59.9303812Z hint: Disable this message with "git config set advice.defaultBranchName false"
linux	Run actions/checkout@v4	2026-08-10T06:26:59.9305780Z Initialized empty Git repository in /home/runner/work/pulp/pulp/.git/
linux	Run actions/checkout@v4	2026-08-10T06:26:59.9315595Z [command]/usr/bin/git remote add origin https://github.com/octetta/pulp
linux	Run actions/checkout@v4	2026-08-10T06:26:59.9369657Z ##[endgroup]
linux	Run actions/checkout@v4	2026-08-10T06:26:59.9371229Z ##[group]Disabling automatic garbage collection
linux	Run actions/checkout@v4	2026-08-10T06:26:59.9375037Z [command]/usr/bin/git config --local gc.auto 0
linux	Run actions/checkout@v4	2026-08-10T06:26:59.9407001Z ##[endgroup]
linux	Run actions/checkout@v4	2026-08-10T06:26:59.9408396Z ##[group]Setting up auth
linux	Run actions/checkout@v4	2026-08-10T06:26:59.9415096Z [command]/usr/bin/git config --local --name-only --get-regexp core\.sshCommand
linux	Run actions/checkout@v4	2026-08-10T06:26:59.9457101Z [command]/usr/bin/git submodule foreach --recursive sh -c "git config --local --name-only --get-regexp 'core\.sshCommand' && git config --local --unset-all 'core.sshCommand' || :"
linux	Run actions/checkout@v4	2026-08-10T06:26:59.9850874Z [command]/usr/bin/git config --local --name-only --get-regexp http\.https\:\/\/github\.com\/\.extraheader
linux	Run actions/checkout@v4	2026-08-10T06:26:59.9892752Z [command]/usr/bin/git submodule foreach --recursive sh -c "git config --local --name-only --get-regexp 'http\.https\:\/\/github\.com\/\.extraheader' && git config --local --unset-all 'http.https://github.com/.extraheader' || :"
linux	Run actions/checkout@v4	2026-08-10T06:27:00.0135991Z [command]/usr/bin/git config --local --name-only --get-regexp ^includeIf\.gitdir:
linux	Run actions/checkout@v4	2026-08-10T06:27:00.0174007Z [command]/usr/bin/git submodule foreach --recursive git config --local --show-origin --name-only --get-regexp remote.origin.url
linux	Run actions/checkout@v4	2026-08-10T06:27:00.0408272Z [command]/usr/bin/git config --local http.https://github.com/.extraheader AUTHORIZATION: basic ***
linux	Run actions/checkout@v4	2026-08-10T06:27:00.0450659Z ##[endgroup]
linux	Run actions/checkout@v4	2026-08-10T06:27:00.0451549Z ##[group]Fetching the repository
linux	Run actions/checkout@v4	2026-08-10T06:27:00.0461447Z [command]/usr/bin/git -c protocol.version=2 fetch --no-tags --prune --no-recurse-submodules --depth=1 origin +7921ae56f27343d8efcd131a047e6148d8c92c89:refs/remotes/origin/main
linux	Run actions/checkout@v4	2026-08-10T06:27:14.1192977Z From https://github.com/octetta/pulp
linux	Run actions/checkout@v4	2026-08-10T06:27:14.1194171Z  * [new ref]         7921ae56f27343d8efcd131a047e6148d8c92c89 -> origin/main
linux	Run actions/checkout@v4	2026-08-10T06:27:14.1216555Z ##[endgroup]
linux	Run actions/checkout@v4	2026-08-10T06:27:14.1217131Z ##[group]Determining the checkout info
linux	Run actions/checkout@v4	2026-08-10T06:27:14.1219365Z ##[endgroup]
linux	Run actions/checkout@v4	2026-08-10T06:27:14.1225368Z [command]/usr/bin/git sparse-checkout disable
linux	Run actions/checkout@v4	2026-08-10T06:27:14.1272774Z [command]/usr/bin/git config --local --unset-all extensions.worktreeConfig
linux	Run actions/checkout@v4	2026-08-10T06:27:14.1304616Z ##[group]Checking out the ref
linux	Run actions/checkout@v4	2026-08-10T06:27:14.1308959Z [command]/usr/bin/git checkout --progress --force -B main refs/remotes/origin/main
linux	Run actions/checkout@v4	2026-08-10T06:27:15.1294048Z Switched to a new branch 'main'
linux	Run actions/checkout@v4	2026-08-10T06:27:15.1295820Z branch 'main' set up to track 'origin/main'.
linux	Run actions/checkout@v4	2026-08-10T06:27:15.1432556Z ##[endgroup]
linux	Run actions/checkout@v4	2026-08-10T06:27:15.1481568Z [command]/usr/bin/git log -1 --format=%H
linux	Run actions/checkout@v4	2026-08-10T06:27:15.1509865Z 7921ae56f27343d8efcd131a047e6148d8c92c89
linux	Install Linux build dependencies	﻿2026-08-10T06:27:15.1726297Z ##[group]Run sudo apt-get update
linux	Install Linux build dependencies	2026-08-10T06:27:15.1726769Z [36;1msudo apt-get update[0m
linux	Install Linux build dependencies	2026-08-10T06:27:15.1727157Z [36;1msudo apt-get install -y libasound2-dev ninja-build[0m
linux	Install Linux build dependencies	2026-08-10T06:27:15.1777429Z shell: /usr/bin/bash -e {0}
linux	Install Linux build dependencies	2026-08-10T06:27:15.1777770Z env:
linux	Install Linux build dependencies	2026-08-10T06:27:15.1778004Z   VERSION: 0.55.17
linux	Install Linux build dependencies	2026-08-10T06:27:15.1778255Z ##[endgroup]
linux	Install Linux build dependencies	2026-08-10T06:27:15.2675145Z Get:1 file:/etc/apt/apt-mirrors.txt Mirrorlist [144 B]
linux	Install Linux build dependencies	2026-08-10T06:27:15.3070218Z Hit:2 http://azure.archive.ubuntu.com/ubuntu noble InRelease
linux	Install Linux build dependencies	2026-08-10T06:27:15.3086596Z Get:3 http://azure.archive.ubuntu.com/ubuntu noble-updates InRelease [126 kB]
linux	Install Linux build dependencies	2026-08-10T06:27:15.3141341Z Get:6 https://packages.microsoft.com/repos/azure-cli noble InRelease [3564 B]
linux	Install Linux build dependencies	2026-08-10T06:27:15.3146192Z Get:4 http://azure.archive.ubuntu.com/ubuntu noble-backports InRelease [126 kB]
linux	Install Linux build dependencies	2026-08-10T06:27:15.3157283Z Get:5 http://azure.archive.ubuntu.com/ubuntu noble-security InRelease [126 kB]
linux	Install Linux build dependencies	2026-08-10T06:27:15.3213002Z Get:7 https://packages.microsoft.com/ubuntu/24.04/prod noble InRelease [3600 B]
linux	Install Linux build dependencies	2026-08-10T06:27:15.3514636Z Get:8 https://dl.google.com/linux/chrome-stable/deb stable InRelease [2548 B]
linux	Install Linux build dependencies	2026-08-10T06:27:15.4387329Z Get:9 http://azure.archive.ubuntu.com/ubuntu noble-updates/main amd64 Packages [1184 kB]
linux	Install Linux build dependencies	2026-08-10T06:27:15.4532544Z Get:10 http://azure.archive.ubuntu.com/ubuntu noble-updates/main Translation-en [281 kB]
linux	Install Linux build dependencies	2026-08-10T06:27:15.4546024Z Get:11 http://azure.archive.ubuntu.com/ubuntu noble-updates/main amd64 Components [180 kB]
linux	Install Linux build dependencies	2026-08-10T06:27:15.4565812Z Get:12 http://azure.archive.ubuntu.com/ubuntu noble-updates/universe amd64 Packages [1682 kB]
linux	Install Linux build dependencies	2026-08-10T06:27:15.4659881Z Get:13 http://azure.archive.ubuntu.com/ubuntu noble-updates/universe Translation-en [335 kB]
linux	Install Linux build dependencies	2026-08-10T06:27:15.4682152Z Get:14 http://azure.archive.ubuntu.com/ubuntu noble-updates/universe amd64 Components [388 kB]
linux	Install Linux build dependencies	2026-08-10T06:27:15.4709153Z Get:15 http://azure.archive.ubuntu.com/ubuntu noble-updates/restricted amd64 Packages [1414 kB]
linux	Install Linux build dependencies	2026-08-10T06:27:15.4788942Z Get:16 http://azure.archive.ubuntu.com/ubuntu noble-updates/restricted Translation-en [320 kB]
linux	Install Linux build dependencies	2026-08-10T06:27:15.4810840Z Get:17 http://azure.archive.ubuntu.com/ubuntu noble-updates/multiverse amd64 Packages [45.4 kB]
linux	Install Linux build dependencies	2026-08-10T06:27:15.4820361Z Get:18 http://azure.archive.ubuntu.com/ubuntu noble-updates/multiverse Translation-en [12.3 kB]
linux	Install Linux build dependencies	2026-08-10T06:27:15.4970566Z Get:20 https://packages.microsoft.com/repos/azure-cli noble/main amd64 Packages [2375 B]
linux	Install Linux build dependencies	2026-08-10T06:27:15.5268352Z Get:19 http://azure.archive.ubuntu.com/ubuntu noble-updates/multiverse amd64 Components [940 B]
linux	Install Linux build dependencies	2026-08-10T06:27:15.5439914Z Get:21 http://azure.archive.ubuntu.com/ubuntu noble-backports/main amd64 Components [5776 B]
linux	Install Linux build dependencies	2026-08-10T06:27:15.5451674Z Get:22 http://azure.archive.ubuntu.com/ubuntu noble-backports/universe amd64 Packages [31.0 kB]
linux	Install Linux build dependencies	2026-08-10T06:27:15.5462122Z Get:23 http://azure.archive.ubuntu.com/ubuntu noble-backports/universe amd64 Components [12.6 kB]
linux	Install Linux build dependencies	2026-08-10T06:27:15.6096137Z Get:24 http://azure.archive.ubuntu.com/ubuntu noble-security/main amd64 Packages [927 kB]
linux	Install Linux build dependencies	2026-08-10T06:27:15.6150509Z Get:25 http://azure.archive.ubuntu.com/ubuntu noble-security/main Translation-en [201 kB]
linux	Install Linux build dependencies	2026-08-10T06:27:15.6170182Z Get:26 http://azure.archive.ubuntu.com/ubuntu noble-security/main amd64 Components [46.3 kB]
linux	Install Linux build dependencies	2026-08-10T06:27:15.6180980Z Get:27 http://azure.archive.ubuntu.com/ubuntu noble-security/universe amd64 Packages [1199 kB]
linux	Install Linux build dependencies	2026-08-10T06:27:15.6245857Z Get:28 http://azure.archive.ubuntu.com/ubuntu noble-security/universe Translation-en [239 kB]
linux	Install Linux build dependencies	2026-08-10T06:27:15.6274823Z Get:29 http://azure.archive.ubuntu.com/ubuntu noble-security/universe amd64 Components [76.2 kB]
linux	Install Linux build dependencies	2026-08-10T06:27:15.6286486Z Get:30 http://azure.archive.ubuntu.com/ubuntu noble-security/restricted amd64 Packages [1320 kB]
linux	Install Linux build dependencies	2026-08-10T06:27:15.6343656Z Get:31 http://azure.archive.ubuntu.com/ubuntu noble-security/restricted Translation-en [302 kB]
linux	Install Linux build dependencies	2026-08-10T06:27:15.6389725Z Get:32 http://azure.archive.ubuntu.com/ubuntu noble-security/multiverse amd64 Packages [40.3 kB]
linux	Install Linux build dependencies	2026-08-10T06:27:15.6392026Z Get:33 http://azure.archive.ubuntu.com/ubuntu noble-security/multiverse Translation-en [10.6 kB]
linux	Install Linux build dependencies	2026-08-10T06:27:15.6730966Z Get:34 https://packages.microsoft.com/ubuntu/24.04/prod noble/main amd64 Packages [314 kB]
linux	Install Linux build dependencies	2026-08-10T06:27:15.6888986Z Get:35 https://packages.microsoft.com/ubuntu/24.04/prod noble/main all Packages [643 B]
linux	Install Linux build dependencies	2026-08-10T06:27:15.6957237Z Get:36 https://packages.microsoft.com/ubuntu/24.04/prod noble/main arm64 Packages [274 kB]
linux	Install Linux build dependencies	2026-08-10T06:27:15.7072226Z Get:37 https://packages.microsoft.com/ubuntu/24.04/prod noble/main armhf Packages [12.2 kB]
linux	Install Linux build dependencies	2026-08-10T06:27:15.7475679Z Get:38 https://dl.google.com/linux/chrome-stable/deb stable/main amd64 Packages [1403 B]
linux	Install Linux build dependencies	2026-08-10T06:27:19.6263532Z Fetched 11.2 MB in 1s (8921 kB/s)
linux	Install Linux build dependencies	2026-08-10T06:27:20.3557825Z Reading package lists...
linux	Install Linux build dependencies	2026-08-10T06:27:20.3866259Z Reading package lists...
linux	Install Linux build dependencies	2026-08-10T06:27:20.5488238Z Building dependency tree...
linux	Install Linux build dependencies	2026-08-10T06:27:20.5494063Z Reading state information...
linux	Install Linux build dependencies	2026-08-10T06:27:20.6891458Z Suggested packages:
linux	Install Linux build dependencies	2026-08-10T06:27:20.6891987Z   libasound2-doc
linux	Install Linux build dependencies	2026-08-10T06:27:20.7043351Z The following NEW packages will be installed:
linux	Install Linux build dependencies	2026-08-10T06:27:20.7048636Z   libasound2-dev ninja-build
linux	Install Linux build dependencies	2026-08-10T06:27:20.7216218Z 0 upgraded, 2 newly installed, 0 to remove and 86 not upgraded.
linux	Install Linux build dependencies	2026-08-10T06:27:20.7216989Z Need to get 244 kB of archives.
linux	Install Linux build dependencies	2026-08-10T06:27:20.7217625Z After this operation, 1078 kB of additional disk space will be used.
linux	Install Linux build dependencies	2026-08-10T06:27:20.7218526Z Get:1 file:/etc/apt/apt-mirrors.txt Mirrorlist [144 B]
linux	Install Linux build dependencies	2026-08-10T06:27:20.7903391Z Get:2 http://azure.archive.ubuntu.com/ubuntu noble-updates/main amd64 libasound2-dev amd64 1.2.11-1ubuntu0.3 [115 kB]
linux	Install Linux build dependencies	2026-08-10T06:27:20.8436175Z Get:3 http://azure.archive.ubuntu.com/ubuntu noble/universe amd64 ninja-build amd64 1.11.1-2 [129 kB]
linux	Install Linux build dependencies	2026-08-10T06:27:21.0898601Z Fetched 244 kB in 0s (1833 kB/s)
linux	Install Linux build dependencies	2026-08-10T06:27:21.1126431Z Selecting previously unselected package libasound2-dev:amd64.
linux	Install Linux build dependencies	2026-08-10T06:27:21.1398302Z (Reading database ... 
linux	Install Linux build dependencies	2026-08-10T06:27:21.1398833Z (Reading database ... 5%
linux	Install Linux build dependencies	2026-08-10T06:27:21.1399288Z (Reading database ... 10%
linux	Install Linux build dependencies	2026-08-10T06:27:21.1399764Z (Reading database ... 15%
linux	Install Linux build dependencies	2026-08-10T06:27:21.1400258Z (Reading database ... 20%
linux	Install Linux build dependencies	2026-08-10T06:27:21.1400719Z (Reading database ... 25%
linux	Install Linux build dependencies	2026-08-10T06:27:21.1401181Z (Reading database ... 30%
linux	Install Linux build dependencies	2026-08-10T06:27:21.1401638Z (Reading database ... 35%
linux	Install Linux build dependencies	2026-08-10T06:27:21.1402112Z (Reading database ... 40%
linux	Install Linux build dependencies	2026-08-10T06:27:21.1402558Z (Reading database ... 45%
linux	Install Linux build dependencies	2026-08-10T06:27:21.1403005Z (Reading database ... 50%
linux	Install Linux build dependencies	2026-08-10T06:27:21.1481357Z (Reading database ... 55%
linux	Install Linux build dependencies	2026-08-10T06:27:21.2565673Z (Reading database ... 60%
linux	Install Linux build dependencies	2026-08-10T06:27:21.4597127Z (Reading database ... 65%
linux	Install Linux build dependencies	2026-08-10T06:27:21.6142572Z (Reading database ... 70%
linux	Install Linux build dependencies	2026-08-10T06:27:21.7588911Z (Reading database ... 75%
linux	Install Linux build dependencies	2026-08-10T06:27:21.9077705Z (Reading database ... 80%
linux	Install Linux build dependencies	2026-08-10T06:27:22.1722825Z (Reading database ... 85%
linux	Install Linux build dependencies	2026-08-10T06:27:22.3608598Z (Reading database ... 90%
linux	Install Linux build dependencies	2026-08-10T06:27:22.5110968Z (Reading database ... 95%
linux	Install Linux build dependencies	2026-08-10T06:27:22.5111446Z (Reading database ... 100%
linux	Install Linux build dependencies	2026-08-10T06:27:22.5112017Z (Reading database ... 202954 files and directories currently installed.)
linux	Install Linux build dependencies	2026-08-10T06:27:22.5154042Z Preparing to unpack .../libasound2-dev_1.2.11-1ubuntu0.3_amd64.deb ...
linux	Install Linux build dependencies	2026-08-10T06:27:22.5212138Z Unpacking libasound2-dev:amd64 (1.2.11-1ubuntu0.3) ...
linux	Install Linux build dependencies	2026-08-10T06:27:22.5667356Z Selecting previously unselected package ninja-build.
linux	Install Linux build dependencies	2026-08-10T06:27:22.5793450Z Preparing to unpack .../ninja-build_1.11.1-2_amd64.deb ...
linux	Install Linux build dependencies	2026-08-10T06:27:22.5882276Z Unpacking ninja-build (1.11.1-2) ...
linux	Install Linux build dependencies	2026-08-10T06:27:22.6411746Z Setting up ninja-build (1.11.1-2) ...
linux	Install Linux build dependencies	2026-08-10T06:27:22.6441248Z Setting up libasound2-dev:amd64 (1.2.11-1ubuntu0.3) ...
linux	Install Linux build dependencies	2026-08-10T06:27:22.6472847Z Processing triggers for man-db (2.12.0-4build2) ...
linux	Install Linux build dependencies	2026-08-10T06:27:22.6499345Z Not building database; man-db/auto-update is not 'true'.
linux	Install Linux build dependencies	2026-08-10T06:27:23.2803785Z 
linux	Install Linux build dependencies	2026-08-10T06:27:23.2804848Z Running kernel seems to be up-to-date.
linux	Install Linux build dependencies	2026-08-10T06:27:23.2805848Z 
linux	Install Linux build dependencies	2026-08-10T06:27:23.2806015Z No services need to be restarted.
linux	Install Linux build dependencies	2026-08-10T06:27:23.2806469Z 
linux	Install Linux build dependencies	2026-08-10T06:27:23.2806620Z No containers need to be restarted.
linux	Install Linux build dependencies	2026-08-10T06:27:23.2806904Z 
linux	Install Linux build dependencies	2026-08-10T06:27:23.2807085Z No user sessions are running outdated binaries.
linux	Install Linux build dependencies	2026-08-10T06:27:23.2807425Z 
linux	Install Linux build dependencies	2026-08-10T06:27:23.2807731Z No VM guests are running outdated hypervisor (qemu) binaries on this host.
linux	Build maxed Linux API distribution	﻿2026-08-10T06:27:24.1216502Z ##[group]Run make -C parts dist-api
linux	Build maxed Linux API distribution	2026-08-10T06:27:24.1216837Z [36;1mmake -C parts dist-api[0m
linux	Build maxed Linux API distribution	2026-08-10T06:27:24.1261890Z shell: /usr/bin/bash -e {0}
linux	Build maxed Linux API distribution	2026-08-10T06:27:24.1262134Z env:
linux	Build maxed Linux API distribution	2026-08-10T06:27:24.1262315Z   VERSION: 0.55.17
linux	Build maxed Linux API distribution	2026-08-10T06:27:24.1262511Z ##[endgroup]
linux	Build maxed Linux API distribution	2026-08-10T06:27:24.1348091Z make: Entering directory '/home/runner/work/pulp/pulp/parts'
linux	Build maxed Linux API distribution	2026-08-10T06:27:24.1386138Z cmake -B build_maxed -S . -DCMAKE_BUILD_TYPE=Release  \
linux	Build maxed Linux API distribution	2026-08-10T06:27:24.1387220Z 	-DKIT_OPTS="KSYNTH=1 MIDI=1 AM=1 XM=1 CRUSH=1 GLISS=1 FILT=1 FADSR=1 FM=1 PANMOD=1 PD=1 SAH=1 SEQ=1 SMOOTHER=1 UDP=1 RECORD=1 SCOPE=1"
linux	Build maxed Linux API distribution	2026-08-10T06:27:25.0376745Z -- The C compiler identification is GNU 13.3.0
linux	Build maxed Linux API distribution	2026-08-10T06:27:25.0531778Z -- Detecting C compiler ABI info
linux	Build maxed Linux API distribution	2026-08-10T06:27:25.1546605Z -- Detecting C compiler ABI info - done
linux	Build maxed Linux API distribution	2026-08-10T06:27:25.1722236Z -- Check for working C compiler: /usr/bin/cc - skipped
linux	Build maxed Linux API distribution	2026-08-10T06:27:25.1728262Z -- Detecting C compile features
linux	Build maxed Linux API distribution	2026-08-10T06:27:25.1735563Z -- Detecting C compile features - done
linux	Build maxed Linux API distribution	2026-08-10T06:27:25.1849158Z -- DEBUG: Module (C) api using KIT_OPTS: KSYNTH=1 MIDI=1 AM=1 XM=1 CRUSH=1 GLISS=1 FILT=1 FADSR=1 FM=1 PANMOD=1 PD=1 SAH=1 SEQ=1 SMOOTHER=1 UDP=1 RECORD=1 SCOPE=1
linux	Build maxed Linux API distribution	2026-08-10T06:27:25.1851016Z -- DEBUG: Module (C) synth using KIT_OPTS: KSYNTH=1 MIDI=1 AM=1 XM=1 CRUSH=1 GLISS=1 FILT=1 FADSR=1 FM=1 PANMOD=1 PD=1 SAH=1 SEQ=1 SMOOTHER=1 UDP=1 RECORD=1 SCOPE=1
linux	Build maxed Linux API distribution	2026-08-10T06:27:25.1852814Z -- DEBUG: Module (H) synth using KIT_OPTS: KSYNTH=1 MIDI=1 AM=1 XM=1 CRUSH=1 GLISS=1 FILT=1 FADSR=1 FM=1 PANMOD=1 PD=1 SAH=1 SEQ=1 SMOOTHER=1 UDP=1 RECORD=1 SCOPE=1
linux	Build maxed Linux API distribution	2026-08-10T06:27:25.1855903Z -- DEBUG: Module (C) skode using KIT_OPTS: KSYNTH=1 MIDI=1 AM=1 XM=1 CRUSH=1 GLISS=1 FILT=1 FADSR=1 FM=1 PANMOD=1 PD=1 SAH=1 SEQ=1 SMOOTHER=1 UDP=1 RECORD=1 SCOPE=1
linux	Build maxed Linux API distribution	2026-08-10T06:27:25.1857804Z -- DEBUG: Module (C) polyphony using KIT_OPTS: KSYNTH=1 MIDI=1 AM=1 XM=1 CRUSH=1 GLISS=1 FILT=1 FADSR=1 FM=1 PANMOD=1 PD=1 SAH=1 SEQ=1 SMOOTHER=1 UDP=1 RECORD=1 SCOPE=1
linux	Build maxed Linux API distribution	2026-08-10T06:27:25.1859549Z -- DEBUG: Module (C) synth-alloc using KIT_OPTS: KSYNTH=1 MIDI=1 AM=1 XM=1 CRUSH=1 GLISS=1 FILT=1 FADSR=1 FM=1 PANMOD=1 PD=1 SAH=1 SEQ=1 SMOOTHER=1 UDP=1 RECORD=1 SCOPE=1
linux	Build maxed Linux API distribution	2026-08-10T06:27:25.1860797Z -- DEBUG: Module (C) seq using KIT_OPTS: KSYNTH=1 MIDI=1 AM=1 XM=1 CRUSH=1 GLISS=1 FILT=1 FADSR=1 FM=1 PANMOD=1 PD=1 SAH=1 SEQ=1 SMOOTHER=1 UDP=1 RECORD=1 SCOPE=1
linux	Build maxed Linux API distribution	2026-08-10T06:27:25.1862086Z -- DEBUG: Module (H) seq using KIT_OPTS: KSYNTH=1 MIDI=1 AM=1 XM=1 CRUSH=1 GLISS=1 FILT=1 FADSR=1 FM=1 PANMOD=1 PD=1 SAH=1 SEQ=1 SMOOTHER=1 UDP=1 RECORD=1 SCOPE=1
linux	Build maxed Linux API distribution	2026-08-10T06:27:25.1863296Z -- DEBUG: Module (C) recorder using KIT_OPTS: KSYNTH=1 MIDI=1 AM=1 XM=1 CRUSH=1 GLISS=1 FILT=1 FADSR=1 FM=1 PANMOD=1 PD=1 SAH=1 SEQ=1 SMOOTHER=1 UDP=1 RECORD=1 SCOPE=1
linux	Build maxed Linux API distribution	2026-08-10T06:27:25.1864833Z -- DEBUG: Module (H) recorder using KIT_OPTS: KSYNTH=1 MIDI=1 AM=1 XM=1 CRUSH=1 GLISS=1 FILT=1 FADSR=1 FM=1 PANMOD=1 PD=1 SAH=1 SEQ=1 SMOOTHER=1 UDP=1 RECORD=1 SCOPE=1
linux	Build maxed Linux API distribution	2026-08-10T06:27:25.1937782Z -- Found ALSA: /usr/lib/x86_64-linux-gnu/libasound.so (found version "1.2.11")
linux	Build maxed Linux API distribution	2026-08-10T06:27:25.1939539Z -- DEBUG: Executable Module (C) mini-skred using KIT_OPTS: KSYNTH=1 MIDI=1 AM=1 XM=1 CRUSH=1 GLISS=1 FILT=1 FADSR=1 FM=1 PANMOD=1 PD=1 SAH=1 SEQ=1 SMOOTHER=1 UDP=1 RECORD=1 SCOPE=1
linux	Build maxed Linux API distribution	2026-08-10T06:27:25.1963597Z -- Configuring done (1.0s)
linux	Build maxed Linux API distribution	2026-08-10T06:27:25.2499454Z -- Generating done (0.1s)
linux	Build maxed Linux API distribution	2026-08-10T06:27:25.2502670Z -- Build files have been written to: /home/runner/work/pulp/pulp/parts/build_maxed
linux	Build maxed Linux API distribution	2026-08-10T06:27:25.2535335Z cmake --build build_maxed --target api api_shared mini-skred
linux	Build maxed Linux API distribution	2026-08-10T06:27:25.2575067Z gmake[1]: Entering directory '/home/runner/work/pulp/pulp/parts/build_maxed'
linux	Build maxed Linux API distribution	2026-08-10T06:27:25.2613785Z gmake[2]: Entering directory '/home/runner/work/pulp/pulp/parts/build_maxed'
linux	Build maxed Linux API distribution	2026-08-10T06:27:25.2667755Z gmake[3]: Entering directory '/home/runner/work/pulp/pulp/parts/build_maxed'
linux	Build maxed Linux API distribution	2026-08-10T06:27:25.2677996Z gmake[4]: Entering directory '/home/runner/work/pulp/pulp/parts/build_maxed'
linux	Build maxed Linux API distribution	2026-08-10T06:27:25.2704160Z gmake[4]: Leaving directory '/home/runner/work/pulp/pulp/parts/build_maxed'
linux	Build maxed Linux API distribution	2026-08-10T06:27:25.2715629Z gmake[4]: Entering directory '/home/runner/work/pulp/pulp/parts/build_maxed'
linux	Build maxed Linux API distribution	2026-08-10T06:27:25.2731553Z ! KIT FEATURES
linux	Build maxed Linux API distribution	2026-08-10T06:27:25.2752362Z ! KIT_OPTS (Raw): KSYNTH=1 MIDI=1 AM=1 XM=1 CRUSH=1 GLISS=1 FILT=1 FADSR=1 FM=1 PANMOD=1 PD=1 SAH=1 SEQ=1 SMOOTHER=1 UDP=1 RECORD=1 SCOPE=1
linux	Build maxed Linux API distribution	2026-08-10T06:27:25.2772379Z ! KIT_OPTS_LIST:  KSYNTH=1;MIDI=1;AM=1;XM=1;CRUSH=1;GLISS=1;FILT=1;FADSR=1;FM=1;PANMOD=1;PD=1;SAH=1;SEQ=1;SMOOTHER=1;UDP=1;RECORD=1;SCOPE=1;TRACKS=1;ADSR=1
linux	Build maxed Linux API distribution	2026-08-10T06:27:25.2776487Z gmake[4]: Leaving directory '/home/runner/work/pulp/pulp/parts/build_maxed'
linux	Build maxed Linux API distribution	2026-08-10T06:27:25.2795252Z [  0%] Built target check_opts
linux	Build maxed Linux API distribution	2026-08-10T06:27:25.2810074Z gmake[4]: Entering directory '/home/runner/work/pulp/pulp/parts/build_maxed'
linux	Build maxed Linux API distribution	2026-08-10T06:27:25.2836195Z gmake[4]: Leaving directory '/home/runner/work/pulp/pulp/parts/build_maxed'
linux	Build maxed Linux API distribution	2026-08-10T06:27:25.2850490Z gmake[4]: Entering directory '/home/runner/work/pulp/pulp/parts/build_maxed'
linux	Build maxed Linux API distribution	2026-08-10T06:27:25.2868382Z [  2%] Building C object CMakeFiles/kit_tool.dir/kit.c.o
linux	Build maxed Linux API distribution	2026-08-10T06:27:25.8581940Z [  5%] Linking C executable kit_tool
linux	Build maxed Linux API distribution	2026-08-10T06:27:25.8798021Z gmake[4]: Leaving directory '/home/runner/work/pulp/pulp/parts/build_maxed'
linux	Build maxed Linux API distribution	2026-08-10T06:27:25.8818536Z [  5%] Built target kit_tool
linux	Build maxed Linux API distribution	2026-08-10T06:27:25.8837671Z gmake[4]: Entering directory '/home/runner/work/pulp/pulp/parts/build_maxed'
linux	Build maxed Linux API distribution	2026-08-10T06:27:25.8855139Z [  8%] Generating synth-state.h
linux	Build maxed Linux API distribution	2026-08-10T06:27:25.8884014Z [ 11%] Generating synth.h
linux	Build maxed Linux API distribution	2026-08-10T06:27:25.8912298Z [ 14%] Generating api.c
linux	Build maxed Linux API distribution	2026-08-10T06:27:25.8944209Z [ 17%] Generating polyphony.c
linux	Build maxed Linux API distribution	2026-08-10T06:27:25.8973353Z [ 20%] Generating recorder.c
linux	Build maxed Linux API distribution	2026-08-10T06:27:25.9001034Z [ 23%] Generating recorder.h
linux	Build maxed Linux API distribution	2026-08-10T06:27:25.9028502Z [ 26%] Generating seq.c
linux	Build maxed Linux API distribution	2026-08-10T06:27:25.9056495Z [ 26%] Generating seq.h
linux	Build maxed Linux API distribution	2026-08-10T06:27:25.9083306Z [ 29%] Generating skode.c, skode-doc.inc
linux	Build maxed Linux API distribution	2026-08-10T06:27:25.9145135Z [ 32%] Generating synth-alloc.c
linux	Build maxed Linux API distribution	2026-08-10T06:27:25.9173385Z [ 35%] Generating synth.c
linux	Build maxed Linux API distribution	2026-08-10T06:27:25.9216185Z gmake[4]: Leaving directory '/home/runner/work/pulp/pulp/parts/build_maxed'
linux	Build maxed Linux API distribution	2026-08-10T06:27:25.9232758Z gmake[4]: Entering directory '/home/runner/work/pulp/pulp/parts/build_maxed'
linux	Build maxed Linux API distribution	2026-08-10T06:27:25.9250994Z [ 38%] Building C object CMakeFiles/api.dir/ands.c.o
linux	Build maxed Linux API distribution	2026-08-10T06:27:26.3571895Z [ 41%] Building C object CMakeFiles/api.dir/miniaudio.c.o
linux	Build maxed Linux API distribution	2026-08-10T06:27:39.1720026Z [ 44%] Building C object CMakeFiles/api.dir/midi.c.o
linux	Build maxed Linux API distribution	2026-08-10T06:27:39.2240195Z In file included from /home/runner/work/pulp/pulp/parts/midi.c:589:
linux	Build maxed Linux API distribution	2026-08-10T06:27:39.2241792Z /home/runner/work/pulp/pulp/parts/vendor/minimidio/minimidio.h: In function ‘mm__alsa_recv_thread’:
linux	Build maxed Linux API distribution	2026-08-10T06:27:39.2243481Z /home/runner/work/pulp/pulp/parts/vendor/minimidio/minimidio.h:1612:27: warning: ignoring return value of ‘read’ declared with attribute ‘warn_unused_result’ [-Wunused-result]
linux	Build maxed Linux API distribution	2026-08-10T06:27:39.2244920Z  1612 |             char c; (void)read(da->wake_pipe[0], &c, 1); break;
linux	Build maxed Linux API distribution	2026-08-10T06:27:39.2245396Z       |                           ^~~~~~~~~~~~~~~~~~~~~~~~~~~~~
linux	Build maxed Linux API distribution	2026-08-10T06:27:39.2247043Z /home/runner/work/pulp/pulp/parts/vendor/minimidio/minimidio.h: In function ‘mm_in_stop’:
linux	Build maxed Linux API distribution	2026-08-10T06:27:39.2248902Z /home/runner/work/pulp/pulp/parts/vendor/minimidio/minimidio.h:1967:21: warning: ignoring return value of ‘write’ declared with attribute ‘warn_unused_result’ [-Wunused-result]
linux	Build maxed Linux API distribution	2026-08-10T06:27:39.2249889Z  1967 |     char c=1; (void)write(dev->al.wake_pipe[1], &c, 1); /* wake the poll() */
linux	Build maxed Linux API distribution	2026-08-10T06:27:39.2250286Z       |                     ^~~~~~~~~~~~~~~~~~~~~~~~~~~~~~~~~~
linux	Build maxed Linux API distribution	2026-08-10T06:27:39.7865544Z [ 47%] Building C object CMakeFiles/api.dir/util.c.o
linux	Build maxed Linux API distribution	2026-08-10T06:27:39.8293485Z [ 50%] Building C object CMakeFiles/api.dir/miniwav.c.o
linux	Build maxed Linux API distribution	2026-08-10T06:27:39.9660300Z [ 50%] Building C object CMakeFiles/api.dir/exp-vfs/miniz.c.o
linux	Build maxed Linux API distribution	2026-08-10T06:27:40.0933144Z [ 52%] Building C object CMakeFiles/api.dir/exp-vfs/miniz_tdef.c.o
linux	Build maxed Linux API distribution	2026-08-10T06:27:40.6674157Z [ 55%] Building C object CMakeFiles/api.dir/exp-vfs/miniz_tinfl.c.o
linux	Build maxed Linux API distribution	2026-08-10T06:27:41.0056966Z [ 58%] Building C object CMakeFiles/api.dir/exp-vfs/miniz_zip.c.o
linux	Build maxed Linux API distribution	2026-08-10T06:27:41.0250763Z /home/runner/work/pulp/pulp/parts/exp-vfs/miniz_zip.c:132:9: note: ‘#pragma message: Using fopen, ftello, fseeko, stat() etc. path for file I/O - this path may not support large files.’
linux	Build maxed Linux API distribution	2026-08-10T06:27:41.0252128Z   132 | #pragma message("Using fopen, ftello, fseeko, stat() etc. path for file I/O - this path may not support large files.")
linux	Build maxed Linux API distribution	2026-08-10T06:27:41.0252939Z       |         ^~~~~~~
linux	Build maxed Linux API distribution	2026-08-10T06:27:41.9485704Z [ 61%] Building C object CMakeFiles/api.dir/exp-vfs/skred_vfs.c.o
linux	Build maxed Linux API distribution	2026-08-10T06:27:42.0066258Z /home/runner/work/pulp/pulp/parts/exp-vfs/skred_vfs.c: In function ‘vfs_disk_root.constprop’:
linux	Build maxed Linux API distribution	2026-08-10T06:27:42.0068314Z /home/runner/work/pulp/pulp/parts/exp-vfs/skred_vfs.c:80:39: warning: ‘__builtin___snprintf_chk’ output may be truncated before the last format character [-Wformat-truncation=]
linux	Build maxed Linux API distribution	2026-08-10T06:27:42.0070088Z    80 |     else snprintf(out, out_len, "%s/%s", cwd, path);
linux	Build maxed Linux API distribution	2026-08-10T06:27:42.0070799Z       |                                       ^
linux	Build maxed Linux API distribution	2026-08-10T06:27:42.0071579Z In file included from /usr/include/stdio.h:980,
linux	Build maxed Linux API distribution	2026-08-10T06:27:42.0072434Z                  from /home/runner/work/pulp/pulp/parts/exp-vfs/skred_vfs.h:4,
linux	Build maxed Linux API distribution	2026-08-10T06:27:42.0073428Z                  from /home/runner/work/pulp/pulp/parts/exp-vfs/skred_vfs.c:1:
linux	Build maxed Linux API distribution	2026-08-10T06:27:42.0074244Z In function ‘snprintf’,
linux	Build maxed Linux API distribution	2026-08-10T06:27:42.0075682Z     inlined from ‘vfs_disk_root.constprop’ at /home/runner/work/pulp/pulp/parts/exp-vfs/skred_vfs.c:80:10:
linux	Build maxed Linux API distribution	2026-08-10T06:27:42.0078055Z /usr/include/x86_64-linux-gnu/bits/stdio2.h:54:10: note: ‘__builtin___snprintf_chk’ output 2 or more bytes (assuming 1025) into a destination of size 1024
linux	Build maxed Linux API distribution	2026-08-10T06:27:42.0079810Z    54 |   return __builtin___snprintf_chk (__s, __n, __USE_FORTIFY_LEVEL - 1,
linux	Build maxed Linux API distribution	2026-08-10T06:27:42.0080690Z       |          ^~~~~~~~~~~~~~~~~~~~~~~~~~~~~~~~~~~~~~~~~~~~~~~~~~~~~~~~~~~~
linux	Build maxed Linux API distribution	2026-08-10T06:27:42.0081516Z    55 |                                    __glibc_objsize (__s), __fmt,
linux	Build maxed Linux API distribution	2026-08-10T06:27:42.0082330Z       |                                    ~~~~~~~~~~~~~~~~~~~~~~~~~~~~~
linux	Build maxed Linux API distribution	2026-08-10T06:27:42.0083062Z    56 |                                    __va_arg_pack ());
linux	Build maxed Linux API distribution	2026-08-10T06:27:42.0083760Z       |                                    ~~~~~~~~~~~~~~~~~
linux	Build maxed Linux API distribution	2026-08-10T06:27:42.0323040Z /home/runner/work/pulp/pulp/parts/exp-vfs/skred_vfs.c: In function ‘skred_chdir’:
linux	Build maxed Linux API distribution	2026-08-10T06:27:42.0324974Z /home/runner/work/pulp/pulp/parts/exp-vfs/skred_vfs.c:148:53: warning: ‘%s’ directive output may be truncated writing up to 511 bytes into a region of size 256 [-Wformat-truncation=]
linux	Build maxed Linux API distribution	2026-08-10T06:27:42.0326725Z   148 |     snprintf(search_prefix, sizeof(search_prefix), "%s/", prefix);
linux	Build maxed Linux API distribution	2026-08-10T06:27:42.0327525Z       |                                                     ^~
linux	Build maxed Linux API distribution	2026-08-10T06:27:42.0328089Z ......
linux	Build maxed Linux API distribution	2026-08-10T06:27:42.0328539Z   280 |         if (zip_dir_exists(target_path)) {
linux	Build maxed Linux API distribution	2026-08-10T06:27:42.0329187Z       |             ~~~~~~~~~~~~~~~~~~~~~~~~~~~              
linux	Build maxed Linux API distribution	2026-08-10T06:27:42.0329884Z In function ‘snprintf’,
linux	Build maxed Linux API distribution	2026-08-10T06:27:42.0330653Z     inlined from ‘zip_dir_exists’ at /home/runner/work/pulp/pulp/parts/exp-vfs/skred_vfs.c:148:5,
linux	Build maxed Linux API distribution	2026-08-10T06:27:42.0331765Z     inlined from ‘skred_chdir’ at /home/runner/work/pulp/pulp/parts/exp-vfs/skred_vfs.c:280:13:
linux	Build maxed Linux API distribution	2026-08-10T06:27:42.0332868Z /usr/include/x86_64-linux-gnu/bits/stdio2.h:54:10: note: ‘__builtin___snprintf_chk’ output between 2 and 513 bytes into a destination of size 256
linux	Build maxed Linux API distribution	2026-08-10T06:27:42.0333836Z    54 |   return __builtin___snprintf_chk (__s, __n, __USE_FORTIFY_LEVEL - 1,
linux	Build maxed Linux API distribution	2026-08-10T06:27:42.0335143Z       |          ^~~~~~~~~~~~~~~~~~~~~~~~~~~~~~~~~~~~~~~~~~~~~~~~~~~~~~~~~~~~
linux	Build maxed Linux API distribution	2026-08-10T06:27:42.0335592Z    55 |                                    __glibc_objsize (__s), __fmt,
linux	Build maxed Linux API distribution	2026-08-10T06:27:42.0335993Z       |                                    ~~~~~~~~~~~~~~~~~~~~~~~~~~~~~
linux	Build maxed Linux API distribution	2026-08-10T06:27:42.0336557Z    56 |                                    __va_arg_pack ());
linux	Build maxed Linux API distribution	2026-08-10T06:27:42.0336926Z       |                                    ~~~~~~~~~~~~~~~~~
linux	Build maxed Linux API distribution	2026-08-10T06:27:42.0337554Z /home/runner/work/pulp/pulp/parts/exp-vfs/skred_vfs.c: In function ‘skred_chdir’:
linux	Build maxed Linux API distribution	2026-08-10T06:27:42.0338869Z /home/runner/work/pulp/pulp/parts/exp-vfs/skred_vfs.c:269:62: warning: ‘%s’ directive output may be truncated writing up to 511 bytes into a region of size between 0 and 1023 [-Wformat-truncation=]
linux	Build maxed Linux API distribution	2026-08-10T06:27:42.0340038Z   269 |         if (target_path[0]) snprintf(full, sizeof(full), "%s/%s", g_vfs.base_path, target_path);
linux	Build maxed Linux API distribution	2026-08-10T06:27:42.0340644Z       |                                                              ^~                    ~~~~~~~~~~~
linux	Build maxed Linux API distribution	2026-08-10T06:27:42.0341098Z In function ‘snprintf’,
linux	Build maxed Linux API distribution	2026-08-10T06:27:42.0341676Z     inlined from ‘skred_chdir’ at /home/runner/work/pulp/pulp/parts/exp-vfs/skred_vfs.c:269:29:
linux	Build maxed Linux API distribution	2026-08-10T06:27:42.0342672Z /usr/include/x86_64-linux-gnu/bits/stdio2.h:54:10: note: ‘__builtin___snprintf_chk’ output between 2 and 1536 bytes into a destination of size 1024
linux	Build maxed Linux API distribution	2026-08-10T06:27:42.0343616Z    54 |   return __builtin___snprintf_chk (__s, __n, __USE_FORTIFY_LEVEL - 1,
linux	Build maxed Linux API distribution	2026-08-10T06:27:42.0344334Z       |          ^~~~~~~~~~~~~~~~~~~~~~~~~~~~~~~~~~~~~~~~~~~~~~~~~~~~~~~~~~~~
linux	Build maxed Linux API distribution	2026-08-10T06:27:42.0345190Z    55 |                                    __glibc_objsize (__s), __fmt,
linux	Build maxed Linux API distribution	2026-08-10T06:27:42.0345781Z       |                                    ~~~~~~~~~~~~~~~~~~~~~~~~~~~~~
linux	Build maxed Linux API distribution	2026-08-10T06:27:42.0346291Z    56 |                                    __va_arg_pack ());
linux	Build maxed Linux API distribution	2026-08-10T06:27:42.0346809Z       |                                    ~~~~~~~~~~~~~~~~~
linux	Build maxed Linux API distribution	2026-08-10T06:27:42.0430000Z /home/runner/work/pulp/pulp/parts/exp-vfs/skred_vfs.c: In function ‘skred_fopen’:
linux	Build maxed Linux API distribution	2026-08-10T06:27:42.0432228Z /home/runner/work/pulp/pulp/parts/exp-vfs/skred_vfs.c:310:56: warning: ‘%s’ directive output may be truncated writing up to 511 bytes into a region of size between 0 and 1023 [-Wformat-truncation=]
linux	Build maxed Linux API distribution	2026-08-10T06:27:42.0433424Z   310 |             snprintf(full_path, sizeof(full_path), "%s/%s", g_vfs.base_path, file->resolved_path);
linux	Build maxed Linux API distribution	2026-08-10T06:27:42.0433900Z       |                                                        ^~
linux	Build maxed Linux API distribution	2026-08-10T06:27:42.0434254Z In function ‘snprintf’,
linux	Build maxed Linux API distribution	2026-08-10T06:27:42.0435029Z     inlined from ‘skred_fopen’ at /home/runner/work/pulp/pulp/parts/exp-vfs/skred_vfs.c:310:13:
linux	Build maxed Linux API distribution	2026-08-10T06:27:42.0435927Z /usr/include/x86_64-linux-gnu/bits/stdio2.h:54:10: note: ‘__builtin___snprintf_chk’ output between 2 and 1536 bytes into a destination of size 1024
linux	Build maxed Linux API distribution	2026-08-10T06:27:42.0436636Z    54 |   return __builtin___snprintf_chk (__s, __n, __USE_FORTIFY_LEVEL - 1,
linux	Build maxed Linux API distribution	2026-08-10T06:27:42.0437067Z       |          ^~~~~~~~~~~~~~~~~~~~~~~~~~~~~~~~~~~~~~~~~~~~~~~~~~~~~~~~~~~~
linux	Build maxed Linux API distribution	2026-08-10T06:27:42.0437768Z    55 |                                    __glibc_objsize (__s), __fmt,
linux	Build maxed Linux API distribution	2026-08-10T06:27:42.0438392Z       |                                    ~~~~~~~~~~~~~~~~~~~~~~~~~~~~~
linux	Build maxed Linux API distribution	2026-08-10T06:27:42.0439022Z    56 |                                    __va_arg_pack ());
linux	Build maxed Linux API distribution	2026-08-10T06:27:42.0439568Z       |                                    ~~~~~~~~~~~~~~~~~
linux	Build maxed Linux API distribution	2026-08-10T06:27:42.0636671Z /home/runner/work/pulp/pulp/parts/exp-vfs/skred_vfs.c: In function ‘skred_opendir’:
linux	Build maxed Linux API distribution	2026-08-10T06:27:42.0638282Z /home/runner/work/pulp/pulp/parts/exp-vfs/skred_vfs.c:427:59: warning: ‘%s’ directive output may be truncated writing up to 511 bytes into a region of size 256 [-Wformat-truncation=]
linux	Build maxed Linux API distribution	2026-08-10T06:27:42.0639558Z   427 |             snprintf(dir->handle.zip.filter_prefix, 256, "%s/", target_path);
linux	Build maxed Linux API distribution	2026-08-10T06:27:42.0640177Z       |                                                           ^~    ~~~~~~~~~~~
linux	Build maxed Linux API distribution	2026-08-10T06:27:42.0640921Z In function ‘snprintf’,
linux	Build maxed Linux API distribution	2026-08-10T06:27:42.0641660Z     inlined from ‘skred_opendir’ at /home/runner/work/pulp/pulp/parts/exp-vfs/skred_vfs.c:427:13:
linux	Build maxed Linux API distribution	2026-08-10T06:27:42.0643084Z /usr/include/x86_64-linux-gnu/bits/stdio2.h:54:10: note: ‘__builtin___snprintf_chk’ output between 2 and 513 bytes into a destination of size 256
linux	Build maxed Linux API distribution	2026-08-10T06:27:42.0644279Z    54 |   return __builtin___snprintf_chk (__s, __n, __USE_FORTIFY_LEVEL - 1,
linux	Build maxed Linux API distribution	2026-08-10T06:27:42.0645204Z       |          ^~~~~~~~~~~~~~~~~~~~~~~~~~~~~~~~~~~~~~~~~~~~~~~~~~~~~~~~~~~~
linux	Build maxed Linux API distribution	2026-08-10T06:27:42.0645723Z    55 |                                    __glibc_objsize (__s), __fmt,
linux	Build maxed Linux API distribution	2026-08-10T06:27:42.0646210Z       |                                    ~~~~~~~~~~~~~~~~~~~~~~~~~~~~~
linux	Build maxed Linux API distribution	2026-08-10T06:27:42.0646669Z    56 |                                    __va_arg_pack ());
linux	Build maxed Linux API distribution	2026-08-10T06:27:42.0647108Z       |                                    ~~~~~~~~~~~~~~~~~
linux	Build maxed Linux API distribution	2026-08-10T06:27:42.0647860Z /home/runner/work/pulp/pulp/parts/exp-vfs/skred_vfs.c: In function ‘skred_opendir’:
linux	Build maxed Linux API distribution	2026-08-10T06:27:42.0649445Z /home/runner/work/pulp/pulp/parts/exp-vfs/skred_vfs.c:420:62: warning: ‘%s’ directive output may be truncated writing up to 511 bytes into a region of size between 0 and 1023 [-Wformat-truncation=]
linux	Build maxed Linux API distribution	2026-08-10T06:27:42.0650858Z   420 |         if (target_path[0]) snprintf(path, sizeof(path), "%s/%s", g_vfs.base_path, target_path);
linux	Build maxed Linux API distribution	2026-08-10T06:27:42.0651603Z       |                                                              ^~                    ~~~~~~~~~~~
linux	Build maxed Linux API distribution	2026-08-10T06:27:42.0652131Z In function ‘snprintf’,
linux	Build maxed Linux API distribution	2026-08-10T06:27:42.0652780Z     inlined from ‘skred_opendir’ at /home/runner/work/pulp/pulp/parts/exp-vfs/skred_vfs.c:420:29:
linux	Build maxed Linux API distribution	2026-08-10T06:27:42.0653729Z /usr/include/x86_64-linux-gnu/bits/stdio2.h:54:10: note: ‘__builtin___snprintf_chk’ output between 2 and 1536 bytes into a destination of size 1024
linux	Build maxed Linux API distribution	2026-08-10T06:27:42.0654801Z    54 |   return __builtin___snprintf_chk (__s, __n, __USE_FORTIFY_LEVEL - 1,
linux	Build maxed Linux API distribution	2026-08-10T06:27:42.0655254Z       |          ^~~~~~~~~~~~~~~~~~~~~~~~~~~~~~~~~~~~~~~~~~~~~~~~~~~~~~~~~~~~
linux	Build maxed Linux API distribution	2026-08-10T06:27:42.0655627Z    55 |                                    __glibc_objsize (__s), __fmt,
linux	Build maxed Linux API distribution	2026-08-10T06:27:42.0655976Z       |                                    ~~~~~~~~~~~~~~~~~~~~~~~~~~~~~
linux	Build maxed Linux API distribution	2026-08-10T06:27:42.0656324Z    56 |                                    __va_arg_pack ());
linux	Build maxed Linux API distribution	2026-08-10T06:27:42.0656650Z       |                                    ~~~~~~~~~~~~~~~~~
linux	Build maxed Linux API distribution	2026-08-10T06:27:42.1008441Z [ 64%] Building C object CMakeFiles/api.dir/skode-event.c.o
linux	Build maxed Linux API distribution	2026-08-10T06:27:42.3276706Z [ 67%] Building C object CMakeFiles/api.dir/skode-dict.c.o
linux	Build maxed Linux API distribution	2026-08-10T06:27:42.5428221Z [ 70%] Building C object CMakeFiles/api.dir/skqueue.c.o
linux	Build maxed Linux API distribution	2026-08-10T06:27:42.6599348Z [ 73%] Building C object CMakeFiles/api.dir/udp.c.o
linux	Build maxed Linux API distribution	2026-08-10T06:27:42.7385665Z [ 76%] Building C object CMakeFiles/api.dir/scope-ipc.c.o
linux	Build maxed Linux API distribution	2026-08-10T06:27:42.8663002Z [ 76%] Building C object CMakeFiles/api.dir/vendor/ksynth/ksynth.c.o
linux	Build maxed Linux API distribution	2026-08-10T06:27:43.3085172Z [ 79%] Building C object CMakeFiles/api.dir/api.c.o
linux	Build maxed Linux API distribution	2026-08-10T06:27:43.8076665Z [ 82%] Building C object CMakeFiles/api.dir/synth.c.o
linux	Build maxed Linux API distribution	2026-08-10T06:27:44.9762265Z [ 85%] Building C object CMakeFiles/api.dir/skode.c.o
linux	Build maxed Linux API distribution	2026-08-10T06:27:45.5559032Z /home/runner/work/pulp/pulp/parts/build_maxed/skode.c: In function ‘skode_asset_read’:
linux	Build maxed Linux API distribution	2026-08-10T06:27:45.5560936Z /home/runner/work/pulp/pulp/parts/build_maxed/skode.c:114:54: warning: ‘__builtin___snprintf_chk’ output may be truncated before the last format character [-Wformat-truncation=]
linux	Build maxed Linux API distribution	2026-08-10T06:27:45.5562349Z   114 |   snprintf(vfs_candidate, sizeof(vfs_candidate), "/%s", candidate);
linux	Build maxed Linux API distribution	2026-08-10T06:27:45.5562978Z       |                                                      ^
linux	Build maxed Linux API distribution	2026-08-10T06:27:45.5563484Z In file included from /usr/include/stdio.h:980,
linux	Build maxed Linux API distribution	2026-08-10T06:27:45.5564098Z                  from /home/runner/work/pulp/pulp/parts/exp-vfs/skred_vfs.h:4,
linux	Build maxed Linux API distribution	2026-08-10T06:27:45.5565004Z                  from /home/runner/work/pulp/pulp/parts/api.h:6,
linux	Build maxed Linux API distribution	2026-08-10T06:27:45.5565971Z                  from /home/runner/work/pulp/pulp/parts/build_maxed/skode.c:2:
linux	Build maxed Linux API distribution	2026-08-10T06:27:45.5566599Z In function ‘snprintf’,
linux	Build maxed Linux API distribution	2026-08-10T06:27:45.5567368Z     inlined from ‘skode_asset_read’ at /home/runner/work/pulp/pulp/parts/build_maxed/skode.c:114:3:
linux	Build maxed Linux API distribution	2026-08-10T06:27:45.5568852Z /usr/include/x86_64-linux-gnu/bits/stdio2.h:54:10: note: ‘__builtin___snprintf_chk’ output between 2 and 1025 bytes into a destination of size 1024
linux	Build maxed Linux API distribution	2026-08-10T06:27:45.5569804Z    54 |   return __builtin___snprintf_chk (__s, __n, __USE_FORTIFY_LEVEL - 1,
linux	Build maxed Linux API distribution	2026-08-10T06:27:45.5570354Z       |          ^~~~~~~~~~~~~~~~~~~~~~~~~~~~~~~~~~~~~~~~~~~~~~~~~~~~~~~~~~~~
linux	Build maxed Linux API distribution	2026-08-10T06:27:45.5570805Z    55 |                                    __glibc_objsize (__s), __fmt,
linux	Build maxed Linux API distribution	2026-08-10T06:27:45.5571226Z       |                                    ~~~~~~~~~~~~~~~~~~~~~~~~~~~~~
linux	Build maxed Linux API distribution	2026-08-10T06:27:45.5571637Z    56 |                                    __va_arg_pack ());
linux	Build maxed Linux API distribution	2026-08-10T06:27:45.5572036Z       |                                    ~~~~~~~~~~~~~~~~~
linux	Build maxed Linux API distribution	2026-08-10T06:27:47.1198350Z [ 88%] Building C object CMakeFiles/api.dir/polyphony.c.o
linux	Build maxed Linux API distribution	2026-08-10T06:27:47.4955482Z [ 91%] Building C object CMakeFiles/api.dir/synth-alloc.c.o
linux	Build maxed Linux API distribution	2026-08-10T06:27:47.6512974Z [ 94%] Building C object CMakeFiles/api.dir/seq.c.o
linux	Build maxed Linux API distribution	2026-08-10T06:27:47.8339481Z [ 97%] Building C object CMakeFiles/api.dir/recorder.c.o
linux	Build maxed Linux API distribution	2026-08-10T06:27:47.9430529Z [100%] Linking C static library libapi.a
linux	Build maxed Linux API distribution	2026-08-10T06:27:48.6212445Z gmake[4]: Leaving directory '/home/runner/work/pulp/pulp/parts/build_maxed'
linux	Build maxed Linux API distribution	2026-08-10T06:27:48.6255889Z [100%] Built target api
linux	Build maxed Linux API distribution	2026-08-10T06:27:48.6260466Z gmake[3]: Leaving directory '/home/runner/work/pulp/pulp/parts/build_maxed'
linux	Build maxed Linux API distribution	2026-08-10T06:27:48.6287033Z gmake[2]: Leaving directory '/home/runner/work/pulp/pulp/parts/build_maxed'
linux	Build maxed Linux API distribution	2026-08-10T06:27:48.6306080Z gmake[2]: Entering directory '/home/runner/work/pulp/pulp/parts/build_maxed'
linux	Build maxed Linux API distribution	2026-08-10T06:27:48.6373845Z gmake[3]: Entering directory '/home/runner/work/pulp/pulp/parts/build_maxed'
linux	Build maxed Linux API distribution	2026-08-10T06:27:48.6384810Z gmake[4]: Entering directory '/home/runner/work/pulp/pulp/parts/build_maxed'
linux	Build maxed Linux API distribution	2026-08-10T06:27:48.6411137Z gmake[4]: Leaving directory '/home/runner/work/pulp/pulp/parts/build_maxed'
linux	Build maxed Linux API distribution	2026-08-10T06:27:48.6423383Z gmake[4]: Entering directory '/home/runner/work/pulp/pulp/parts/build_maxed'
linux	Build maxed Linux API distribution	2026-08-10T06:27:48.6441061Z ! KIT FEATURES
linux	Build maxed Linux API distribution	2026-08-10T06:27:48.6464278Z ! KIT_OPTS (Raw): KSYNTH=1 MIDI=1 AM=1 XM=1 CRUSH=1 GLISS=1 FILT=1 FADSR=1 FM=1 PANMOD=1 PD=1 SAH=1 SEQ=1 SMOOTHER=1 UDP=1 RECORD=1 SCOPE=1
linux	Build maxed Linux API distribution	2026-08-10T06:27:48.6485726Z ! KIT_OPTS_LIST:  KSYNTH=1;MIDI=1;AM=1;XM=1;CRUSH=1;GLISS=1;FILT=1;FADSR=1;FM=1;PANMOD=1;PD=1;SAH=1;SEQ=1;SMOOTHER=1;UDP=1;RECORD=1;SCOPE=1;TRACKS=1;ADSR=1
linux	Build maxed Linux API distribution	2026-08-10T06:27:48.6490739Z gmake[4]: Leaving directory '/home/runner/work/pulp/pulp/parts/build_maxed'
linux	Build maxed Linux API distribution	2026-08-10T06:27:48.6510679Z [  0%] Built target check_opts
linux	Build maxed Linux API distribution	2026-08-10T06:27:48.6527024Z gmake[4]: Entering directory '/home/runner/work/pulp/pulp/parts/build_maxed'
linux	Build maxed Linux API distribution	2026-08-10T06:27:48.6568139Z gmake[4]: Leaving directory '/home/runner/work/pulp/pulp/parts/build_maxed'
linux	Build maxed Linux API distribution	2026-08-10T06:27:48.6607248Z [  6%] Built target kit_tool
linux	Build maxed Linux API distribution	2026-08-10T06:27:48.6627319Z gmake[4]: Entering directory '/home/runner/work/pulp/pulp/parts/build_maxed'
linux	Build maxed Linux API distribution	2026-08-10T06:27:48.6656926Z gmake[4]: Leaving directory '/home/runner/work/pulp/pulp/parts/build_maxed'
linux	Build maxed Linux API distribution	2026-08-10T06:27:48.6673757Z gmake[4]: Entering directory '/home/runner/work/pulp/pulp/parts/build_maxed'
linux	Build maxed Linux API distribution	2026-08-10T06:27:48.6692099Z [  9%] Building C object CMakeFiles/api_shared.dir/ands.c.o
linux	Build maxed Linux API distribution	2026-08-10T06:27:49.0733110Z [ 12%] Building C object CMakeFiles/api_shared.dir/miniaudio.c.o
linux	Build maxed Linux API distribution	2026-08-10T06:28:01.9305820Z [ 15%] Building C object CMakeFiles/api_shared.dir/midi.c.o
linux	Build maxed Linux API distribution	2026-08-10T06:28:01.9784923Z In file included from /home/runner/work/pulp/pulp/parts/midi.c:589:
linux	Build maxed Linux API distribution	2026-08-10T06:28:01.9787254Z /home/runner/work/pulp/pulp/parts/vendor/minimidio/minimidio.h: In function ‘mm__alsa_recv_thread’:
linux	Build maxed Linux API distribution	2026-08-10T06:28:01.9789367Z /home/runner/work/pulp/pulp/parts/vendor/minimidio/minimidio.h:1612:27: warning: ignoring return value of ‘read’ declared with attribute ‘warn_unused_result’ [-Wunused-result]
linux	Build maxed Linux API distribution	2026-08-10T06:28:01.9791335Z  1612 |             char c; (void)read(da->wake_pipe[0], &c, 1); break;
linux	Build maxed Linux API distribution	2026-08-10T06:28:01.9791983Z       |                           ^~~~~~~~~~~~~~~~~~~~~~~~~~~~~
linux	Build maxed Linux API distribution	2026-08-10T06:28:01.9794916Z /home/runner/work/pulp/pulp/parts/vendor/minimidio/minimidio.h: In function ‘mm_in_stop’:
linux	Build maxed Linux API distribution	2026-08-10T06:28:01.9796966Z /home/runner/work/pulp/pulp/parts/vendor/minimidio/minimidio.h:1967:21: warning: ignoring return value of ‘write’ declared with attribute ‘warn_unused_result’ [-Wunused-result]
linux	Build maxed Linux API distribution	2026-08-10T06:28:01.9798530Z  1967 |     char c=1; (void)write(dev->al.wake_pipe[1], &c, 1); /* wake the poll() */
linux	Build maxed Linux API distribution	2026-08-10T06:28:01.9799272Z       |                     ^~~~~~~~~~~~~~~~~~~~~~~~~~~~~~~~~~
linux	Build maxed Linux API distribution	2026-08-10T06:28:02.5410040Z [ 18%] Building C object CMakeFiles/api_shared.dir/util.c.o
linux	Build maxed Linux API distribution	2026-08-10T06:28:02.5801845Z [ 21%] Building C object CMakeFiles/api_shared.dir/miniwav.c.o
linux	Build maxed Linux API distribution	2026-08-10T06:28:02.7153192Z [ 24%] Building C object CMakeFiles/api_shared.dir/exp-vfs/miniz.c.o
linux	Build maxed Linux API distribution	2026-08-10T06:28:02.8430534Z [ 27%] Building C object CMakeFiles/api_shared.dir/exp-vfs/miniz_tdef.c.o
linux	Build maxed Linux API distribution	2026-08-10T06:28:03.4216921Z [ 30%] Building C object CMakeFiles/api_shared.dir/exp-vfs/miniz_tinfl.c.o
linux	Build maxed Linux API distribution	2026-08-10T06:28:03.7600731Z [ 30%] Building C object CMakeFiles/api_shared.dir/exp-vfs/miniz_zip.c.o
linux	Build maxed Linux API distribution	2026-08-10T06:28:03.7796223Z /home/runner/work/pulp/pulp/parts/exp-vfs/miniz_zip.c:132:9: note: ‘#pragma message: Using fopen, ftello, fseeko, stat() etc. path for file I/O - this path may not support large files.’
linux	Build maxed Linux API distribution	2026-08-10T06:28:03.7797654Z   132 | #pragma message("Using fopen, ftello, fseeko, stat() etc. path for file I/O - this path may not support large files.")
linux	Build maxed Linux API distribution	2026-08-10T06:28:03.7798342Z       |         ^~~~~~~
linux	Build maxed Linux API distribution	2026-08-10T06:28:04.7078612Z [ 33%] Building C object CMakeFiles/api_shared.dir/exp-vfs/skred_vfs.c.o
linux	Build maxed Linux API distribution	2026-08-10T06:28:04.7671963Z /home/runner/work/pulp/pulp/parts/exp-vfs/skred_vfs.c: In function ‘vfs_disk_root.constprop’:
linux	Build maxed Linux API distribution	2026-08-10T06:28:04.7673621Z /home/runner/work/pulp/pulp/parts/exp-vfs/skred_vfs.c:80:39: warning: ‘__builtin___snprintf_chk’ output may be truncated before the last format character [-Wformat-truncation=]
linux	Build maxed Linux API distribution	2026-08-10T06:28:04.7675189Z    80 |     else snprintf(out, out_len, "%s/%s", cwd, path);
linux	Build maxed Linux API distribution	2026-08-10T06:28:04.7675651Z       |                                       ^
linux	Build maxed Linux API distribution	2026-08-10T06:28:04.7676053Z In file included from /usr/include/stdio.h:980,
linux	Build maxed Linux API distribution	2026-08-10T06:28:04.7676568Z                  from /home/runner/work/pulp/pulp/parts/exp-vfs/skred_vfs.h:4,
linux	Build maxed Linux API distribution	2026-08-10T06:28:04.7677182Z                  from /home/runner/work/pulp/pulp/parts/exp-vfs/skred_vfs.c:1:
linux	Build maxed Linux API distribution	2026-08-10T06:28:04.7677724Z In function ‘snprintf’,
linux	Build maxed Linux API distribution	2026-08-10T06:28:04.7678438Z     inlined from ‘vfs_disk_root.constprop’ at /home/runner/work/pulp/pulp/parts/exp-vfs/skred_vfs.c:80:10:
linux	Build maxed Linux API distribution	2026-08-10T06:28:04.7679808Z /usr/include/x86_64-linux-gnu/bits/stdio2.h:54:10: note: ‘__builtin___snprintf_chk’ output 2 or more bytes (assuming 1025) into a destination of size 1024
linux	Build maxed Linux API distribution	2026-08-10T06:28:04.7680785Z    54 |   return __builtin___snprintf_chk (__s, __n, __USE_FORTIFY_LEVEL - 1,
linux	Build maxed Linux API distribution	2026-08-10T06:28:04.7681323Z       |          ^~~~~~~~~~~~~~~~~~~~~~~~~~~~~~~~~~~~~~~~~~~~~~~~~~~~~~~~~~~~
linux	Build maxed Linux API distribution	2026-08-10T06:28:04.7681771Z    55 |                                    __glibc_objsize (__s), __fmt,
linux	Build maxed Linux API distribution	2026-08-10T06:28:04.7682198Z       |                                    ~~~~~~~~~~~~~~~~~~~~~~~~~~~~~
linux	Build maxed Linux API distribution	2026-08-10T06:28:04.7682600Z    56 |                                    __va_arg_pack ());
linux	Build maxed Linux API distribution	2026-08-10T06:28:04.7682989Z       |                                    ~~~~~~~~~~~~~~~~~
linux	Build maxed Linux API distribution	2026-08-10T06:28:04.7925082Z /home/runner/work/pulp/pulp/parts/exp-vfs/skred_vfs.c: In function ‘skred_chdir’:
linux	Build maxed Linux API distribution	2026-08-10T06:28:04.7926882Z /home/runner/work/pulp/pulp/parts/exp-vfs/skred_vfs.c:148:53: warning: ‘%s’ directive output may be truncated writing up to 511 bytes into a region of size 256 [-Wformat-truncation=]
linux	Build maxed Linux API distribution	2026-08-10T06:28:04.7928252Z   148 |     snprintf(search_prefix, sizeof(search_prefix), "%s/", prefix);
linux	Build maxed Linux API distribution	2026-08-10T06:28:04.7928747Z       |                                                     ^~
linux	Build maxed Linux API distribution	2026-08-10T06:28:04.7929093Z ......
linux	Build maxed Linux API distribution	2026-08-10T06:28:04.7929349Z   280 |         if (zip_dir_exists(target_path)) {
linux	Build maxed Linux API distribution	2026-08-10T06:28:04.7929741Z       |             ~~~~~~~~~~~~~~~~~~~~~~~~~~~              
linux	Build maxed Linux API distribution	2026-08-10T06:28:04.7930339Z In function ‘snprintf’,
linux	Build maxed Linux API distribution	2026-08-10T06:28:04.7930957Z     inlined from ‘zip_dir_exists’ at /home/runner/work/pulp/pulp/parts/exp-vfs/skred_vfs.c:148:5,
linux	Build maxed Linux API distribution	2026-08-10T06:28:04.7931862Z     inlined from ‘skred_chdir’ at /home/runner/work/pulp/pulp/parts/exp-vfs/skred_vfs.c:280:13:
linux	Build maxed Linux API distribution	2026-08-10T06:28:04.7933030Z /usr/include/x86_64-linux-gnu/bits/stdio2.h:54:10: note: ‘__builtin___snprintf_chk’ output between 2 and 513 bytes into a destination of size 256
linux	Build maxed Linux API distribution	2026-08-10T06:28:04.7933963Z    54 |   return __builtin___snprintf_chk (__s, __n, __USE_FORTIFY_LEVEL - 1,
linux	Build maxed Linux API distribution	2026-08-10T06:28:04.7934670Z       |          ^~~~~~~~~~~~~~~~~~~~~~~~~~~~~~~~~~~~~~~~~~~~~~~~~~~~~~~~~~~~
linux	Build maxed Linux API distribution	2026-08-10T06:28:04.7935133Z    55 |                                    __glibc_objsize (__s), __fmt,
linux	Build maxed Linux API distribution	2026-08-10T06:28:04.7935559Z       |                                    ~~~~~~~~~~~~~~~~~~~~~~~~~~~~~
linux	Build maxed Linux API distribution	2026-08-10T06:28:04.7935958Z    56 |                                    __va_arg_pack ());
linux	Build maxed Linux API distribution	2026-08-10T06:28:04.7936353Z       |                                    ~~~~~~~~~~~~~~~~~
linux	Build maxed Linux API distribution	2026-08-10T06:28:04.7936976Z /home/runner/work/pulp/pulp/parts/exp-vfs/skred_vfs.c: In function ‘skred_chdir’:
linux	Build maxed Linux API distribution	2026-08-10T06:28:04.7938371Z /home/runner/work/pulp/pulp/parts/exp-vfs/skred_vfs.c:269:62: warning: ‘%s’ directive output may be truncated writing up to 511 bytes into a region of size between 0 and 1023 [-Wformat-truncation=]
linux	Build maxed Linux API distribution	2026-08-10T06:28:04.7939623Z   269 |         if (target_path[0]) snprintf(full, sizeof(full), "%s/%s", g_vfs.base_path, target_path);
linux	Build maxed Linux API distribution	2026-08-10T06:28:04.7940276Z       |                                                              ^~                    ~~~~~~~~~~~
linux	Build maxed Linux API distribution	2026-08-10T06:28:04.7940727Z In function ‘snprintf’,
linux	Build maxed Linux API distribution	2026-08-10T06:28:04.7941193Z     inlined from ‘skred_chdir’ at /home/runner/work/pulp/pulp/parts/exp-vfs/skred_vfs.c:269:29:
linux	Build maxed Linux API distribution	2026-08-10T06:28:04.7942089Z /usr/include/x86_64-linux-gnu/bits/stdio2.h:54:10: note: ‘__builtin___snprintf_chk’ output between 2 and 1536 bytes into a destination of size 1024
linux	Build maxed Linux API distribution	2026-08-10T06:28:04.7942796Z    54 |   return __builtin___snprintf_chk (__s, __n, __USE_FORTIFY_LEVEL - 1,
linux	Build maxed Linux API distribution	2026-08-10T06:28:04.7943191Z       |          ^~~~~~~~~~~~~~~~~~~~~~~~~~~~~~~~~~~~~~~~~~~~~~~~~~~~~~~~~~~~
linux	Build maxed Linux API distribution	2026-08-10T06:28:04.7943524Z    55 |                                    __glibc_objsize (__s), __fmt,
linux	Build maxed Linux API distribution	2026-08-10T06:28:04.7943836Z       |                                    ~~~~~~~~~~~~~~~~~~~~~~~~~~~~~
linux	Build maxed Linux API distribution	2026-08-10T06:28:04.7944138Z    56 |                                    __va_arg_pack ());
linux	Build maxed Linux API distribution	2026-08-10T06:28:04.7944557Z       |                                    ~~~~~~~~~~~~~~~~~
linux	Build maxed Linux API distribution	2026-08-10T06:28:04.8019851Z /home/runner/work/pulp/pulp/parts/exp-vfs/skred_vfs.c: In function ‘skred_fopen’:
linux	Build maxed Linux API distribution	2026-08-10T06:28:04.8021764Z /home/runner/work/pulp/pulp/parts/exp-vfs/skred_vfs.c:310:56: warning: ‘%s’ directive output may be truncated writing up to 511 bytes into a region of size between 0 and 1023 [-Wformat-truncation=]
linux	Build maxed Linux API distribution	2026-08-10T06:28:04.8023429Z   310 |             snprintf(full_path, sizeof(full_path), "%s/%s", g_vfs.base_path, file->resolved_path);
linux	Build maxed Linux API distribution	2026-08-10T06:28:04.8023943Z       |                                                        ^~
linux	Build maxed Linux API distribution	2026-08-10T06:28:04.8024278Z In function ‘snprintf’,
linux	Build maxed Linux API distribution	2026-08-10T06:28:04.8024970Z     inlined from ‘skred_fopen’ at /home/runner/work/pulp/pulp/parts/exp-vfs/skred_vfs.c:310:13:
linux	Build maxed Linux API distribution	2026-08-10T06:28:04.8025922Z /usr/include/x86_64-linux-gnu/bits/stdio2.h:54:10: note: ‘__builtin___snprintf_chk’ output between 2 and 1536 bytes into a destination of size 1024
linux	Build maxed Linux API distribution	2026-08-10T06:28:04.8026687Z    54 |   return __builtin___snprintf_chk (__s, __n, __USE_FORTIFY_LEVEL - 1,
linux	Build maxed Linux API distribution	2026-08-10T06:28:04.8027303Z       |          ^~~~~~~~~~~~~~~~~~~~~~~~~~~~~~~~~~~~~~~~~~~~~~~~~~~~~~~~~~~~
linux	Build maxed Linux API distribution	2026-08-10T06:28:04.8027663Z    55 |                                    __glibc_objsize (__s), __fmt,
linux	Build maxed Linux API distribution	2026-08-10T06:28:04.8028004Z       |                                    ~~~~~~~~~~~~~~~~~~~~~~~~~~~~~
linux	Build maxed Linux API distribution	2026-08-10T06:28:04.8028329Z    56 |                                    __va_arg_pack ());
linux	Build maxed Linux API distribution	2026-08-10T06:28:04.8028774Z       |                                    ~~~~~~~~~~~~~~~~~
linux	Build maxed Linux API distribution	2026-08-10T06:28:04.8225480Z /home/runner/work/pulp/pulp/parts/exp-vfs/skred_vfs.c: In function ‘skred_opendir’:
linux	Build maxed Linux API distribution	2026-08-10T06:28:04.8227931Z /home/runner/work/pulp/pulp/parts/exp-vfs/skred_vfs.c:427:59: warning: ‘%s’ directive output may be truncated writing up to 511 bytes into a region of size 256 [-Wformat-truncation=]
linux	Build maxed Linux API distribution	2026-08-10T06:28:04.8229945Z   427 |             snprintf(dir->handle.zip.filter_prefix, 256, "%s/", target_path);
linux	Build maxed Linux API distribution	2026-08-10T06:28:04.8230573Z       |                                                           ^~    ~~~~~~~~~~~
linux	Build maxed Linux API distribution	2026-08-10T06:28:04.8231070Z In function ‘snprintf’,
linux	Build maxed Linux API distribution	2026-08-10T06:28:04.8231743Z     inlined from ‘skred_opendir’ at /home/runner/work/pulp/pulp/parts/exp-vfs/skred_vfs.c:427:13:
linux	Build maxed Linux API distribution	2026-08-10T06:28:04.8233035Z /usr/include/x86_64-linux-gnu/bits/stdio2.h:54:10: note: ‘__builtin___snprintf_chk’ output between 2 and 513 bytes into a destination of size 256
linux	Build maxed Linux API distribution	2026-08-10T06:28:04.8234077Z    54 |   return __builtin___snprintf_chk (__s, __n, __USE_FORTIFY_LEVEL - 1,
linux	Build maxed Linux API distribution	2026-08-10T06:28:04.8234856Z       |          ^~~~~~~~~~~~~~~~~~~~~~~~~~~~~~~~~~~~~~~~~~~~~~~~~~~~~~~~~~~~
linux	Build maxed Linux API distribution	2026-08-10T06:28:04.8235346Z    55 |                                    __glibc_objsize (__s), __fmt,
linux	Build maxed Linux API distribution	2026-08-10T06:28:04.8235803Z       |                                    ~~~~~~~~~~~~~~~~~~~~~~~~~~~~~
linux	Build maxed Linux API distribution	2026-08-10T06:28:04.8236242Z    56 |                                    __va_arg_pack ());
linux	Build maxed Linux API distribution	2026-08-10T06:28:04.8236669Z       |                                    ~~~~~~~~~~~~~~~~~
linux	Build maxed Linux API distribution	2026-08-10T06:28:04.8237366Z /home/runner/work/pulp/pulp/parts/exp-vfs/skred_vfs.c: In function ‘skred_opendir’:
linux	Build maxed Linux API distribution	2026-08-10T06:28:04.8238927Z /home/runner/work/pulp/pulp/parts/exp-vfs/skred_vfs.c:420:62: warning: ‘%s’ directive output may be truncated writing up to 511 bytes into a region of size between 0 and 1023 [-Wformat-truncation=]
linux	Build maxed Linux API distribution	2026-08-10T06:28:04.8240309Z   420 |         if (target_path[0]) snprintf(path, sizeof(path), "%s/%s", g_vfs.base_path, target_path);
linux	Build maxed Linux API distribution	2026-08-10T06:28:04.8241032Z       |                                                              ^~                    ~~~~~~~~~~~
linux	Build maxed Linux API distribution	2026-08-10T06:28:04.8241404Z In function ‘snprintf’,
linux	Build maxed Linux API distribution	2026-08-10T06:28:04.8241874Z     inlined from ‘skred_opendir’ at /home/runner/work/pulp/pulp/parts/exp-vfs/skred_vfs.c:420:29:
linux	Build maxed Linux API distribution	2026-08-10T06:28:04.8242763Z /usr/include/x86_64-linux-gnu/bits/stdio2.h:54:10: note: ‘__builtin___snprintf_chk’ output between 2 and 1536 bytes into a destination of size 1024
linux	Build maxed Linux API distribution	2026-08-10T06:28:04.8243452Z    54 |   return __builtin___snprintf_chk (__s, __n, __USE_FORTIFY_LEVEL - 1,
linux	Build maxed Linux API distribution	2026-08-10T06:28:04.8243870Z       |          ^~~~~~~~~~~~~~~~~~~~~~~~~~~~~~~~~~~~~~~~~~~~~~~~~~~~~~~~~~~~
linux	Build maxed Linux API distribution	2026-08-10T06:28:04.8244213Z    55 |                                    __glibc_objsize (__s), __fmt,
linux	Build maxed Linux API distribution	2026-08-10T06:28:04.8244657Z       |                                    ~~~~~~~~~~~~~~~~~~~~~~~~~~~~~
linux	Build maxed Linux API distribution	2026-08-10T06:28:04.8244964Z    56 |                                    __va_arg_pack ());
linux	Build maxed Linux API distribution	2026-08-10T06:28:04.8245270Z       |                                    ~~~~~~~~~~~~~~~~~
linux	Build maxed Linux API distribution	2026-08-10T06:28:04.8600882Z [ 36%] Building C object CMakeFiles/api_shared.dir/skode-event.c.o
linux	Build maxed Linux API distribution	2026-08-10T06:28:05.0893776Z [ 39%] Building C object CMakeFiles/api_shared.dir/skode-dict.c.o
linux	Build maxed Linux API distribution	2026-08-10T06:28:05.3084008Z [ 42%] Building C object CMakeFiles/api_shared.dir/skqueue.c.o
linux	Build maxed Linux API distribution	2026-08-10T06:28:05.4268599Z [ 45%] Building C object CMakeFiles/api_shared.dir/udp.c.o
linux	Build maxed Linux API distribution	2026-08-10T06:28:05.5060547Z [ 48%] Building C object CMakeFiles/api_shared.dir/scope-ipc.c.o
linux	Build maxed Linux API distribution	2026-08-10T06:28:05.6320686Z [ 51%] Building C object CMakeFiles/api_shared.dir/vendor/ksynth/ksynth.c.o
linux	Build maxed Linux API distribution	2026-08-10T06:28:06.0728690Z [ 54%] Building C object CMakeFiles/api_shared.dir/api.c.o
linux	Build maxed Linux API distribution	2026-08-10T06:28:06.5751204Z [ 54%] Building C object CMakeFiles/api_shared.dir/synth.c.o
linux	Build maxed Linux API distribution	2026-08-10T06:28:07.7472094Z [ 57%] Building C object CMakeFiles/api_shared.dir/skode.c.o
linux	Build maxed Linux API distribution	2026-08-10T06:28:08.3278119Z /home/runner/work/pulp/pulp/parts/build_maxed/skode.c: In function ‘skode_asset_read’:
linux	Build maxed Linux API distribution	2026-08-10T06:28:08.3280455Z /home/runner/work/pulp/pulp/parts/build_maxed/skode.c:114:54: warning: ‘__builtin___snprintf_chk’ output may be truncated before the last format character [-Wformat-truncation=]
linux	Build maxed Linux API distribution	2026-08-10T06:28:08.3281877Z   114 |   snprintf(vfs_candidate, sizeof(vfs_candidate), "/%s", candidate);
linux	Build maxed Linux API distribution	2026-08-10T06:28:08.3282517Z       |                                                      ^
linux	Build maxed Linux API distribution	2026-08-10T06:28:08.3283022Z In file included from /usr/include/stdio.h:980,
linux	Build maxed Linux API distribution	2026-08-10T06:28:08.3283631Z                  from /home/runner/work/pulp/pulp/parts/exp-vfs/skred_vfs.h:4,
linux	Build maxed Linux API distribution	2026-08-10T06:28:08.3284291Z                  from /home/runner/work/pulp/pulp/parts/api.h:6,
linux	Build maxed Linux API distribution	2026-08-10T06:28:08.3285622Z                  from /home/runner/work/pulp/pulp/parts/build_maxed/skode.c:2:
linux	Build maxed Linux API distribution	2026-08-10T06:28:08.3286466Z In function ‘snprintf’,
linux	Build maxed Linux API distribution	2026-08-10T06:28:08.3287099Z     inlined from ‘skode_asset_read’ at /home/runner/work/pulp/pulp/parts/build_maxed/skode.c:114:3:
linux	Build maxed Linux API distribution	2026-08-10T06:28:08.3288318Z /usr/include/x86_64-linux-gnu/bits/stdio2.h:54:10: note: ‘__builtin___snprintf_chk’ output between 2 and 1025 bytes into a destination of size 1024
linux	Build maxed Linux API distribution	2026-08-10T06:28:08.3289266Z    54 |   return __builtin___snprintf_chk (__s, __n, __USE_FORTIFY_LEVEL - 1,
linux	Build maxed Linux API distribution	2026-08-10T06:28:08.3289804Z       |          ^~~~~~~~~~~~~~~~~~~~~~~~~~~~~~~~~~~~~~~~~~~~~~~~~~~~~~~~~~~~
linux	Build maxed Linux API distribution	2026-08-10T06:28:08.3290254Z    55 |                                    __glibc_objsize (__s), __fmt,
linux	Build maxed Linux API distribution	2026-08-10T06:28:08.3290676Z       |                                    ~~~~~~~~~~~~~~~~~~~~~~~~~~~~~
linux	Build maxed Linux API distribution	2026-08-10T06:28:08.3291083Z    56 |                                    __va_arg_pack ());
linux	Build maxed Linux API distribution	2026-08-10T06:28:08.3291479Z       |                                    ~~~~~~~~~~~~~~~~~
linux	Build maxed Linux API distribution	2026-08-10T06:28:09.8965174Z [ 60%] Building C object CMakeFiles/api_shared.dir/polyphony.c.o
linux	Build maxed Linux API distribution	2026-08-10T06:28:10.2736065Z [ 63%] Building C object CMakeFiles/api_shared.dir/synth-alloc.c.o
linux	Build maxed Linux API distribution	2026-08-10T06:28:10.4300008Z [ 66%] Building C object CMakeFiles/api_shared.dir/seq.c.o
linux	Build maxed Linux API distribution	2026-08-10T06:28:10.6131349Z [ 69%] Building C object CMakeFiles/api_shared.dir/recorder.c.o
linux	Build maxed Linux API distribution	2026-08-10T06:28:10.7252810Z [ 72%] Linking C shared library libapi.so
linux	Build maxed Linux API distribution	2026-08-10T06:28:10.7803266Z gmake[4]: Leaving directory '/home/runner/work/pulp/pulp/parts/build_maxed'
linux	Build maxed Linux API distribution	2026-08-10T06:28:10.7834517Z [100%] Built target api_shared
linux	Build maxed Linux API distribution	2026-08-10T06:28:10.7838374Z gmake[3]: Leaving directory '/home/runner/work/pulp/pulp/parts/build_maxed'
linux	Build maxed Linux API distribution	2026-08-10T06:28:10.7863043Z gmake[2]: Leaving directory '/home/runner/work/pulp/pulp/parts/build_maxed'
linux	Build maxed Linux API distribution	2026-08-10T06:28:10.7879713Z gmake[2]: Entering directory '/home/runner/work/pulp/pulp/parts/build_maxed'
linux	Build maxed Linux API distribution	2026-08-10T06:28:10.7934310Z gmake[3]: Entering directory '/home/runner/work/pulp/pulp/parts/build_maxed'
linux	Build maxed Linux API distribution	2026-08-10T06:28:10.7944305Z gmake[4]: Entering directory '/home/runner/work/pulp/pulp/parts/build_maxed'
linux	Build maxed Linux API distribution	2026-08-10T06:28:10.7968134Z gmake[4]: Leaving directory '/home/runner/work/pulp/pulp/parts/build_maxed'
linux	Build maxed Linux API distribution	2026-08-10T06:28:10.7979456Z gmake[4]: Entering directory '/home/runner/work/pulp/pulp/parts/build_maxed'
linux	Build maxed Linux API distribution	2026-08-10T06:28:10.7996170Z ! KIT FEATURES
linux	Build maxed Linux API distribution	2026-08-10T06:28:10.8017285Z ! KIT_OPTS (Raw): KSYNTH=1 MIDI=1 AM=1 XM=1 CRUSH=1 GLISS=1 FILT=1 FADSR=1 FM=1 PANMOD=1 PD=1 SAH=1 SEQ=1 SMOOTHER=1 UDP=1 RECORD=1 SCOPE=1
linux	Build maxed Linux API distribution	2026-08-10T06:28:10.8038302Z ! KIT_OPTS_LIST:  KSYNTH=1;MIDI=1;AM=1;XM=1;CRUSH=1;GLISS=1;FILT=1;FADSR=1;FM=1;PANMOD=1;PD=1;SAH=1;SEQ=1;SMOOTHER=1;UDP=1;RECORD=1;SCOPE=1;TRACKS=1;ADSR=1
linux	Build maxed Linux API distribution	2026-08-10T06:28:10.8043105Z gmake[4]: Leaving directory '/home/runner/work/pulp/pulp/parts/build_maxed'
linux	Build maxed Linux API distribution	2026-08-10T06:28:10.8061328Z [  0%] Built target check_opts
linux	Build maxed Linux API distribution	2026-08-10T06:28:10.8078014Z gmake[4]: Entering directory '/home/runner/work/pulp/pulp/parts/build_maxed'
linux	Build maxed Linux API distribution	2026-08-10T06:28:10.8101732Z gmake[4]: Leaving directory '/home/runner/work/pulp/pulp/parts/build_maxed'
linux	Build maxed Linux API distribution	2026-08-10T06:28:10.8137447Z [  5%] Built target kit_tool
linux	Build maxed Linux API distribution	2026-08-10T06:28:10.8156052Z gmake[4]: Entering directory '/home/runner/work/pulp/pulp/parts/build_maxed'
linux	Build maxed Linux API distribution	2026-08-10T06:28:10.8266036Z gmake[4]: Leaving directory '/home/runner/work/pulp/pulp/parts/build_maxed'
linux	Build maxed Linux API distribution	2026-08-10T06:28:10.8334898Z [ 91%] Built target api
linux	Build maxed Linux API distribution	2026-08-10T06:28:10.8350777Z gmake[4]: Entering directory '/home/runner/work/pulp/pulp/parts/build_maxed'
linux	Build maxed Linux API distribution	2026-08-10T06:28:10.8368350Z [ 94%] Generating mini-skred.c
linux	Build maxed Linux API distribution	2026-08-10T06:28:10.8402235Z gmake[4]: Leaving directory '/home/runner/work/pulp/pulp/parts/build_maxed'
linux	Build maxed Linux API distribution	2026-08-10T06:28:10.8414861Z gmake[4]: Entering directory '/home/runner/work/pulp/pulp/parts/build_maxed'
linux	Build maxed Linux API distribution	2026-08-10T06:28:10.8432393Z [ 97%] Building C object CMakeFiles/mini-skred.dir/mini-skred.c.o
linux	Build maxed Linux API distribution	2026-08-10T06:28:10.9778534Z [100%] Linking C executable mini-skred
linux	Build maxed Linux API distribution	2026-08-10T06:28:11.0234610Z gmake[4]: Leaving directory '/home/runner/work/pulp/pulp/parts/build_maxed'
linux	Build maxed Linux API distribution	2026-08-10T06:28:11.0257133Z [100%] Built target mini-skred
linux	Build maxed Linux API distribution	2026-08-10T06:28:11.0261450Z gmake[3]: Leaving directory '/home/runner/work/pulp/pulp/parts/build_maxed'
linux	Build maxed Linux API distribution	2026-08-10T06:28:11.0286850Z gmake[2]: Leaving directory '/home/runner/work/pulp/pulp/parts/build_maxed'
linux	Build maxed Linux API distribution	2026-08-10T06:28:11.0288691Z gmake[1]: Leaving directory '/home/runner/work/pulp/pulp/parts/build_maxed'
linux	Build maxed Linux API distribution	2026-08-10T06:28:11.0297943Z cmake --install build_maxed --prefix ../dist/linux-x86_64/skred-0.55.17-maxed
linux	Build maxed Linux API distribution	2026-08-10T06:28:11.0314864Z -- Install configuration: "Release"
linux	Build maxed Linux API distribution	2026-08-10T06:28:11.0397929Z -- Installing: /home/runner/work/pulp/pulp/parts/../dist/linux-x86_64/skred-0.55.17-maxed/lib/libapi.a
linux	Build maxed Linux API distribution	2026-08-10T06:28:11.0427546Z -- Installing: /home/runner/work/pulp/pulp/parts/../dist/linux-x86_64/skred-0.55.17-maxed/lib/libapi.so.0.55.17
linux	Build maxed Linux API distribution	2026-08-10T06:28:11.0452042Z -- Installing: /home/runner/work/pulp/pulp/parts/../dist/linux-x86_64/skred-0.55.17-maxed/lib/libapi.so.0
linux	Build maxed Linux API distribution	2026-08-10T06:28:11.0453369Z -- Installing: /home/runner/work/pulp/pulp/parts/../dist/linux-x86_64/skred-0.55.17-maxed/lib/libapi.so
linux	Build maxed Linux API distribution	2026-08-10T06:28:11.0455468Z -- Installing: /home/runner/work/pulp/pulp/parts/../dist/linux-x86_64/skred-0.55.17-maxed/bin/mini-skred
linux	Build maxed Linux API distribution	2026-08-10T06:28:11.0479487Z -- Installing: /home/runner/work/pulp/pulp/parts/../dist/linux-x86_64/skred-0.55.17-maxed/include/skred/api.h
linux	Build maxed Linux API distribution	2026-08-10T06:28:11.0481309Z -- Installing: /home/runner/work/pulp/pulp/parts/../dist/linux-x86_64/skred-0.55.17-maxed/include/skred/polyphony.h
linux	Build maxed Linux API distribution	2026-08-10T06:28:11.0483027Z -- Installing: /home/runner/work/pulp/pulp/parts/../dist/linux-x86_64/skred-0.55.17-maxed/include/skred/skred_vfs.h
linux	Build maxed Linux API distribution	2026-08-10T06:28:11.0484983Z -- Installing: /home/runner/work/pulp/pulp/parts/../dist/linux-x86_64/skred-0.55.17-maxed/include/skred/skred-version.h
linux	Build maxed Linux API distribution	2026-08-10T06:28:11.0519033Z cmake -E chdir ../dist/linux-x86_64 cmake -E tar czf skred-0.55.17-maxed.tar.gz \
linux	Build maxed Linux API distribution	2026-08-10T06:28:11.0519578Z 	--format=gnutar skred-0.55.17-maxed
linux	Build maxed Linux API distribution	2026-08-10T06:28:11.3545126Z make: Leaving directory '/home/runner/work/pulp/pulp/parts'
linux	Verify and name release asset	﻿2026-08-10T06:28:11.3578371Z ##[group]Run set -euo pipefail
linux	Verify and name release asset	2026-08-10T06:28:11.3578707Z [36;1mset -euo pipefail[0m
linux	Verify and name release asset	2026-08-10T06:28:11.3579033Z [36;1msource="dist/linux-x86_64/skred-${VERSION}-maxed.tar.gz"[0m
linux	Verify and name release asset	2026-08-10T06:28:11.3579443Z [36;1masset="skred-${VERSION}-maxed-linux-x86_64.tar.gz"[0m
linux	Verify and name release asset	2026-08-10T06:28:11.3579763Z [36;1mtest -f "$source"[0m
linux	Verify and name release asset	2026-08-10T06:28:11.3580027Z [36;1mtar -tzf "$source" > archive-contents.txt[0m
linux	Verify and name release asset	2026-08-10T06:28:11.3580446Z [36;1mgrep -q "skred-${VERSION}-maxed/include/skred/api.h" archive-contents.txt[0m
linux	Verify and name release asset	2026-08-10T06:28:11.3580840Z [36;1mlinux_lib="$([0m
linux	Verify and name release asset	2026-08-10T06:28:11.3581119Z [36;1m  find "dist/linux-x86_64/skred-${VERSION}-maxed" \[0m
linux	Verify and name release asset	2026-08-10T06:28:11.3581474Z [36;1m    -type f -name libapi.a -print -quit[0m
linux	Verify and name release asset	2026-08-10T06:28:11.3581751Z [36;1m)"[0m
linux	Verify and name release asset	2026-08-10T06:28:11.3581942Z [36;1mtest -n "$linux_lib"[0m
linux	Verify and name release asset	2026-08-10T06:28:11.3582423Z [36;1mnm -g --defined-only "$linux_lib" > api-symbols.txt[0m
linux	Verify and name release asset	2026-08-10T06:28:11.3582777Z [36;1mgrep -q "skred_midi_init" api-symbols.txt[0m
linux	Verify and name release asset	2026-08-10T06:28:11.3583118Z [36;1mmkdir -p release-assets[0m
linux	Verify and name release asset	2026-08-10T06:28:11.3583387Z [36;1mcp "$source" "release-assets/$asset"[0m
linux	Verify and name release asset	2026-08-10T06:28:11.3630546Z shell: /usr/bin/bash --noprofile --norc -e -o pipefail {0}
linux	Verify and name release asset	2026-08-10T06:28:11.3630886Z env:
linux	Verify and name release asset	2026-08-10T06:28:11.3631063Z   VERSION: 0.55.17
linux	Verify and name release asset	2026-08-10T06:28:11.3631261Z ##[endgroup]
linux	Run actions/upload-artifact@v4	﻿2026-08-10T06:28:11.4809350Z Node 20 is being deprecated. This workflow is running with Node 24 by default. If you need to temporarily use Node 20, you can set the ACTIONS_ALLOW_USE_UNSECURE_NODE_VERSION=true environment variable. For more information see: https://github.blog/changelog/2025-09-19-deprecation-of-node-20-on-github-actions-runners/
linux	Run actions/upload-artifact@v4	2026-08-10T06:28:11.4811375Z ##[group]Run actions/upload-artifact@v4
linux	Run actions/upload-artifact@v4	2026-08-10T06:28:11.4829108Z with:
linux	Run actions/upload-artifact@v4	2026-08-10T06:28:11.4829348Z   name: api-linux-x86_64
linux	Run actions/upload-artifact@v4	2026-08-10T06:28:11.4829611Z   path: release-assets/*
linux	Run actions/upload-artifact@v4	2026-08-10T06:28:11.4829851Z   if-no-files-found: error
linux	Run actions/upload-artifact@v4	2026-08-10T06:28:11.4830081Z   compression-level: 6
linux	Run actions/upload-artifact@v4	2026-08-10T06:28:11.4830301Z   overwrite: false
linux	Run actions/upload-artifact@v4	2026-08-10T06:28:11.4830506Z   include-hidden-files: false
linux	Run actions/upload-artifact@v4	2026-08-10T06:28:11.4830727Z env:
linux	Run actions/upload-artifact@v4	2026-08-10T06:28:11.4830898Z   VERSION: 0.55.17
linux	Run actions/upload-artifact@v4	2026-08-10T06:28:11.4831086Z ##[endgroup]
linux	Run actions/upload-artifact@v4	2026-08-10T06:28:11.6526910Z (node:3796) [DEP0040] DeprecationWarning: The `punycode` module is deprecated. Please use a userland alternative instead.
linux	Run actions/upload-artifact@v4	2026-08-10T06:28:11.6528331Z (Use `node --trace-deprecation ...` to show where the warning was created)
linux	Run actions/upload-artifact@v4	2026-08-10T06:28:11.6635388Z With the provided path, there will be 1 file uploaded
linux	Run actions/upload-artifact@v4	2026-08-10T06:28:11.6637043Z Artifact name is valid!
linux	Run actions/upload-artifact@v4	2026-08-10T06:28:11.6637799Z Root directory input is valid!
linux	Run actions/upload-artifact@v4	2026-08-10T06:28:11.9589817Z Beginning upload of artifact content to blob storage
linux	Run actions/upload-artifact@v4	2026-08-10T06:28:12.0617088Z (node:3796) [DEP0169] DeprecationWarning: `url.parse()` behavior is not standardized and prone to errors that have security implications. Use the WHATWG URL API instead. CVEs are not issued for `url.parse()` vulnerabilities.
linux	Run actions/upload-artifact@v4	2026-08-10T06:28:12.6686399Z Uploaded bytes 2508016
linux	Run actions/upload-artifact@v4	2026-08-10T06:28:12.7319484Z Finished uploading artifact content to blob storage!
linux	Run actions/upload-artifact@v4	2026-08-10T06:28:12.7321118Z SHA256 digest of uploaded artifact zip is 6724fd6e930cef726285a57ba75eab350be2b5364b06430898ad348f07616e6b
linux	Run actions/upload-artifact@v4	2026-08-10T06:28:12.7322469Z Finalizing artifact upload
linux	Run actions/upload-artifact@v4	2026-08-10T06:28:12.9454096Z Artifact api-linux-x86_64.zip successfully finalized. Artifact ID 9052710085
linux	Run actions/upload-artifact@v4	2026-08-10T06:28:12.9455890Z Artifact api-linux-x86_64 has been successfully uploaded! Final size is 2508016 bytes. Artifact ID is 9052710085
linux	Run actions/upload-artifact@v4	2026-08-10T06:28:12.9461973Z Artifact download URL: https://github.com/octetta/pulp/actions/runs/31361988095/artifacts/9052710085
linux	Post Run actions/checkout@v4	﻿2026-08-10T06:28:12.9668585Z Node 20 is being deprecated. This workflow is running with Node 24 by default. If you need to temporarily use Node 20, you can set the ACTIONS_ALLOW_USE_UNSECURE_NODE_VERSION=true environment variable. For more information see: https://github.blog/changelog/2025-09-19-deprecation-of-node-20-on-github-actions-runners/
linux	Post Run actions/checkout@v4	2026-08-10T06:28:12.9669871Z Post job cleanup.
linux	Post Run actions/checkout@v4	2026-08-10T06:28:13.0548778Z [command]/usr/bin/git version
linux	Post Run actions/checkout@v4	2026-08-10T06:28:13.0591637Z git version 2.54.0
linux	Post Run actions/checkout@v4	2026-08-10T06:28:13.0631369Z Temporarily overriding HOME='/home/runner/work/_temp/29c8be43-4904-4f1f-8eab-799dd564e790' before making global git config changes
linux	Post Run actions/checkout@v4	2026-08-10T06:28:13.0632720Z Adding repository directory to the temporary git global config as a safe directory
linux	Post Run actions/checkout@v4	2026-08-10T06:28:13.0637191Z [command]/usr/bin/git config --global --add safe.directory /home/runner/work/pulp/pulp
linux	Post Run actions/checkout@v4	2026-08-10T06:28:13.0679148Z [command]/usr/bin/git config --local --name-only --get-regexp core\.sshCommand
linux	Post Run actions/checkout@v4	2026-08-10T06:28:13.0714631Z [command]/usr/bin/git submodule foreach --recursive sh -c "git config --local --name-only --get-regexp 'core\.sshCommand' && git config --local --unset-all 'core.sshCommand' || :"
linux	Post Run actions/checkout@v4	2026-08-10T06:28:13.0965498Z [command]/usr/bin/git config --local --name-only --get-regexp http\.https\:\/\/github\.com\/\.extraheader
linux	Post Run actions/checkout@v4	2026-08-10T06:28:13.0995317Z http.https://github.com/.extraheader
linux	Post Run actions/checkout@v4	2026-08-10T06:28:13.1007144Z [command]/usr/bin/git config --local --unset-all http.https://github.com/.extraheader
linux	Post Run actions/checkout@v4	2026-08-10T06:28:13.1041469Z [command]/usr/bin/git submodule foreach --recursive sh -c "git config --local --name-only --get-regexp 'http\.https\:\/\/github\.com\/\.extraheader' && git config --local --unset-all 'http.https://github.com/.extraheader' || :"
linux	Post Run actions/checkout@v4	2026-08-10T06:28:13.1307733Z [command]/usr/bin/git config --local --name-only --get-regexp ^includeIf\.gitdir:
linux	Post Run actions/checkout@v4	2026-08-10T06:28:13.1345141Z [command]/usr/bin/git submodule foreach --recursive git config --local --show-origin --name-only --get-regexp remote.origin.url
linux	Complete job	﻿2026-08-10T06:28:13.1748754Z Cleaning up orphan processes
linux	Complete job	2026-08-10T06:28:13.2086563Z ##[warning]Node.js 20 is deprecated. The following actions target Node.js 20 but are being forced to run on Node.js 24: actions/checkout@v4, actions/upload-artifact@v4. For more information see: https://github.blog/changelog/2025-09-19-deprecation-of-node-20-on-github-actions-runners/
wasm	Set up job	﻿2026-08-10T06:26:57.8671940Z Current runner version: '2.336.0'
wasm	Set up job	2026-08-10T06:26:57.8709026Z ##[group]Runner Image Provisioner
wasm	Set up job	2026-08-10T06:26:57.8710271Z Hosted Compute Agent
wasm	Set up job	2026-08-10T06:26:57.8711355Z Version: 20260707.563
wasm	Set up job	2026-08-10T06:26:57.8712448Z Commit: 02667638d2b423fbc733a8e32a88b44996a3ba6e
wasm	Set up job	2026-08-10T06:26:57.8713639Z Build Date: 2026-07-07T19:33:50Z
wasm	Set up job	2026-08-10T06:26:57.8714765Z Worker ID: {889de5a7-e20a-4424-8def-8d65dad913ac}
wasm	Set up job	2026-08-10T06:26:57.8715936Z Azure Region: eastus2
wasm	Set up job	2026-08-10T06:26:57.8716882Z ##[endgroup]
wasm	Set up job	2026-08-10T06:26:57.8718815Z ##[group]Operating System
wasm	Set up job	2026-08-10T06:26:57.8719854Z Ubuntu
wasm	Set up job	2026-08-10T06:26:57.8720972Z 24.04.4
wasm	Set up job	2026-08-10T06:26:57.8721917Z LTS
wasm	Set up job	2026-08-10T06:26:57.8722743Z ##[endgroup]
wasm	Set up job	2026-08-10T06:26:57.8723655Z ##[group]Runner Image
wasm	Set up job	2026-08-10T06:26:57.8724625Z Image: ubuntu-24.04
wasm	Set up job	2026-08-10T06:26:57.8725486Z Version: 20260720.247.2
wasm	Set up job	2026-08-10T06:26:57.8727271Z Included Software: https://github.com/actions/runner-images/blob/ubuntu24/20260720.247/images/ubuntu/Ubuntu2404-Readme.md
wasm	Set up job	2026-08-10T06:26:57.8730103Z Image Release: https://github.com/actions/runner-images/releases/tag/ubuntu24%2F20260720.247
wasm	Set up job	2026-08-10T06:26:57.8731948Z ##[endgroup]
wasm	Set up job	2026-08-10T06:26:57.8733981Z ##[group]GITHUB_TOKEN Permissions
wasm	Set up job	2026-08-10T06:26:57.8736755Z Contents: read
wasm	Set up job	2026-08-10T06:26:57.8737577Z Metadata: read
wasm	Set up job	2026-08-10T06:26:57.8738578Z ##[endgroup]
wasm	Set up job	2026-08-10T06:26:57.8741895Z Secret source: Actions
wasm	Set up job	2026-08-10T06:26:57.8743672Z Prepare workflow directory
wasm	Set up job	2026-08-10T06:26:57.9451580Z Prepare all required actions
wasm	Set up job	2026-08-10T06:26:57.9514016Z Getting action download info
wasm	Set up job	2026-08-10T06:26:58.1047724Z Download action repository 'actions/checkout@v4' (SHA:11d5960a326750d5838078e36cf38b85af677262)
wasm	Set up job	2026-08-10T06:26:58.3618010Z Download action repository 'mymindstorm/setup-emsdk@v14' (SHA:6ab9eb1bda2574c4ddb79809fc9247783eaf9021)
wasm	Set up job	2026-08-10T06:26:58.5174525Z Download action repository 'actions/upload-artifact@v4' (SHA:ea165f8d65b6e75b540449e92b4886f43607fa02)
wasm	Set up job	2026-08-10T06:26:58.7236104Z Complete job name: wasm
wasm	Run actions/checkout@v4	﻿2026-08-10T06:26:58.7930229Z Node 20 is being deprecated. This workflow is running with Node 24 by default. If you need to temporarily use Node 20, you can set the ACTIONS_ALLOW_USE_UNSECURE_NODE_VERSION=true environment variable. For more information see: https://github.blog/changelog/2025-09-19-deprecation-of-node-20-on-github-actions-runners/
wasm	Run actions/checkout@v4	2026-08-10T06:26:58.7939552Z ##[group]Run actions/checkout@v4
wasm	Run actions/checkout@v4	2026-08-10T06:26:58.7940264Z with:
wasm	Run actions/checkout@v4	2026-08-10T06:26:58.7940898Z   repository: octetta/pulp
wasm	Run actions/checkout@v4	2026-08-10T06:26:58.7945046Z   token: ***
wasm	Run actions/checkout@v4	2026-08-10T06:26:58.7945487Z   ssh-strict: true
wasm	Run actions/checkout@v4	2026-08-10T06:26:58.7945922Z   ssh-user: git
wasm	Run actions/checkout@v4	2026-08-10T06:26:58.7946364Z   persist-credentials: true
wasm	Run actions/checkout@v4	2026-08-10T06:26:58.7946843Z   clean: true
wasm	Run actions/checkout@v4	2026-08-10T06:26:58.7947279Z   sparse-checkout-cone-mode: true
wasm	Run actions/checkout@v4	2026-08-10T06:26:58.7947788Z   fetch-depth: 1
wasm	Run actions/checkout@v4	2026-08-10T06:26:58.7948211Z   fetch-tags: false
wasm	Run actions/checkout@v4	2026-08-10T06:26:58.7948636Z   show-progress: true
wasm	Run actions/checkout@v4	2026-08-10T06:26:58.7949065Z   lfs: false
wasm	Run actions/checkout@v4	2026-08-10T06:26:58.7949468Z   submodules: false
wasm	Run actions/checkout@v4	2026-08-10T06:26:58.7949983Z   set-safe-directory: true
wasm	Run actions/checkout@v4	2026-08-10T06:26:58.7950582Z   allow-unsafe-pr-checkout: false
wasm	Run actions/checkout@v4	2026-08-10T06:26:58.7951300Z env:
wasm	Run actions/checkout@v4	2026-08-10T06:26:58.7951691Z   VERSION: 0.55.17
wasm	Run actions/checkout@v4	2026-08-10T06:26:58.7952117Z ##[endgroup]
wasm	Run actions/checkout@v4	2026-08-10T06:26:58.9059451Z Syncing repository: octetta/pulp
wasm	Run actions/checkout@v4	2026-08-10T06:26:58.9062191Z ##[group]Getting Git version info
wasm	Run actions/checkout@v4	2026-08-10T06:26:58.9063187Z Working directory is '/home/runner/work/pulp/pulp'
wasm	Run actions/checkout@v4	2026-08-10T06:26:58.9064613Z [command]/usr/bin/git version
wasm	Run actions/checkout@v4	2026-08-10T06:26:58.9141530Z git version 2.54.0
wasm	Run actions/checkout@v4	2026-08-10T06:26:58.9182447Z ##[endgroup]
wasm	Run actions/checkout@v4	2026-08-10T06:26:58.9191621Z Temporarily overriding HOME='/home/runner/work/_temp/170027d2-8509-4d5f-932c-b5fc09ce5e5b' before making global git config changes
wasm	Run actions/checkout@v4	2026-08-10T06:26:58.9210023Z Adding repository directory to the temporary git global config as a safe directory
wasm	Run actions/checkout@v4	2026-08-10T06:26:58.9211947Z [command]/usr/bin/git config --global --add safe.directory /home/runner/work/pulp/pulp
wasm	Run actions/checkout@v4	2026-08-10T06:26:58.9237346Z Deleting the contents of '/home/runner/work/pulp/pulp'
wasm	Run actions/checkout@v4	2026-08-10T06:26:58.9242840Z ##[group]Initializing the repository
wasm	Run actions/checkout@v4	2026-08-10T06:26:58.9247484Z [command]/usr/bin/git init /home/runner/work/pulp/pulp
wasm	Run actions/checkout@v4	2026-08-10T06:26:58.9342109Z hint: Using 'master' as the name for the initial branch. This default branch name
wasm	Run actions/checkout@v4	2026-08-10T06:26:58.9344095Z hint: will change to "main" in Git 3.0. To configure the initial branch name
wasm	Run actions/checkout@v4	2026-08-10T06:26:58.9345764Z hint: to use in all of your new repositories, which will suppress this warning,
wasm	Run actions/checkout@v4	2026-08-10T06:26:58.9347134Z hint: call:
wasm	Run actions/checkout@v4	2026-08-10T06:26:58.9347811Z hint:
wasm	Run actions/checkout@v4	2026-08-10T06:26:58.9348603Z hint: 	git config --global init.defaultBranch <name>
wasm	Run actions/checkout@v4	2026-08-10T06:26:58.9349754Z hint:
wasm	Run actions/checkout@v4	2026-08-10T06:26:58.9351178Z hint: Names commonly chosen instead of 'master' are 'main', 'trunk' and
wasm	Run actions/checkout@v4	2026-08-10T06:26:58.9352762Z hint: 'development'. The just-created branch can be renamed via this command:
wasm	Run actions/checkout@v4	2026-08-10T06:26:58.9353941Z hint:
wasm	Run actions/checkout@v4	2026-08-10T06:26:58.9354573Z hint: 	git branch -m <name>
wasm	Run actions/checkout@v4	2026-08-10T06:26:58.9355365Z hint:
wasm	Run actions/checkout@v4	2026-08-10T06:26:58.9356340Z hint: Disable this message with "git config set advice.defaultBranchName false"
wasm	Run actions/checkout@v4	2026-08-10T06:26:58.9357844Z Initialized empty Git repository in /home/runner/work/pulp/pulp/.git/
wasm	Run actions/checkout@v4	2026-08-10T06:26:58.9383189Z [command]/usr/bin/git remote add origin https://github.com/octetta/pulp
wasm	Run actions/checkout@v4	2026-08-10T06:26:58.9453127Z ##[endgroup]
wasm	Run actions/checkout@v4	2026-08-10T06:26:58.9454751Z ##[group]Disabling automatic garbage collection
wasm	Run actions/checkout@v4	2026-08-10T06:26:58.9456254Z [command]/usr/bin/git config --local gc.auto 0
wasm	Run actions/checkout@v4	2026-08-10T06:26:58.9481373Z ##[endgroup]
wasm	Run actions/checkout@v4	2026-08-10T06:26:58.9482533Z ##[group]Setting up auth
wasm	Run actions/checkout@v4	2026-08-10T06:26:58.9488466Z [command]/usr/bin/git config --local --name-only --get-regexp core\.sshCommand
wasm	Run actions/checkout@v4	2026-08-10T06:26:58.9527747Z [command]/usr/bin/git submodule foreach --recursive sh -c "git config --local --name-only --get-regexp 'core\.sshCommand' && git config --local --unset-all 'core.sshCommand' || :"
wasm	Run actions/checkout@v4	2026-08-10T06:26:58.9969247Z [command]/usr/bin/git config --local --name-only --get-regexp http\.https\:\/\/github\.com\/\.extraheader
wasm	Run actions/checkout@v4	2026-08-10T06:26:59.0015552Z [command]/usr/bin/git submodule foreach --recursive sh -c "git config --local --name-only --get-regexp 'http\.https\:\/\/github\.com\/\.extraheader' && git config --local --unset-all 'http.https://github.com/.extraheader' || :"
wasm	Run actions/checkout@v4	2026-08-10T06:26:59.0262564Z [command]/usr/bin/git config --local --name-only --get-regexp ^includeIf\.gitdir:
wasm	Run actions/checkout@v4	2026-08-10T06:26:59.0301999Z [command]/usr/bin/git submodule foreach --recursive git config --local --show-origin --name-only --get-regexp remote.origin.url
wasm	Run actions/checkout@v4	2026-08-10T06:26:59.0576832Z [command]/usr/bin/git config --local http.https://github.com/.extraheader AUTHORIZATION: basic ***
wasm	Run actions/checkout@v4	2026-08-10T06:26:59.0618822Z ##[endgroup]
wasm	Run actions/checkout@v4	2026-08-10T06:26:59.0619604Z ##[group]Fetching the repository
wasm	Run actions/checkout@v4	2026-08-10T06:26:59.0628726Z [command]/usr/bin/git -c protocol.version=2 fetch --no-tags --prune --no-recurse-submodules --depth=1 origin +7921ae56f27343d8efcd131a047e6148d8c92c89:refs/remotes/origin/main
wasm	Run actions/checkout@v4	2026-08-10T06:27:12.0525841Z From https://github.com/octetta/pulp
wasm	Run actions/checkout@v4	2026-08-10T06:27:12.0527921Z  * [new ref]         7921ae56f27343d8efcd131a047e6148d8c92c89 -> origin/main
wasm	Run actions/checkout@v4	2026-08-10T06:27:12.0561989Z ##[endgroup]
wasm	Run actions/checkout@v4	2026-08-10T06:27:12.0563696Z ##[group]Determining the checkout info
wasm	Run actions/checkout@v4	2026-08-10T06:27:12.0565668Z ##[endgroup]
wasm	Run actions/checkout@v4	2026-08-10T06:27:12.0571506Z [command]/usr/bin/git sparse-checkout disable
wasm	Run actions/checkout@v4	2026-08-10T06:27:12.0623855Z [command]/usr/bin/git config --local --unset-all extensions.worktreeConfig
wasm	Run actions/checkout@v4	2026-08-10T06:27:12.0658341Z ##[group]Checking out the ref
wasm	Run actions/checkout@v4	2026-08-10T06:27:12.0662877Z [command]/usr/bin/git checkout --progress --force -B main refs/remotes/origin/main
wasm	Run actions/checkout@v4	2026-08-10T06:27:13.0757444Z Updating files:  67% (766/1133)
wasm	Run actions/checkout@v4	2026-08-10T06:27:13.0762712Z Updating files:  68% (771/1133)
wasm	Run actions/checkout@v4	2026-08-10T06:27:13.0767302Z Updating files:  69% (782/1133)
wasm	Run actions/checkout@v4	2026-08-10T06:27:13.0772240Z Updating files:  70% (794/1133)
wasm	Run actions/checkout@v4	2026-08-10T06:27:13.0775727Z Updating files:  71% (805/1133)
wasm	Run actions/checkout@v4	2026-08-10T06:27:13.0780602Z Updating files:  72% (816/1133)
wasm	Run actions/checkout@v4	2026-08-10T06:27:13.0784959Z Updating files:  73% (828/1133)
wasm	Run actions/checkout@v4	2026-08-10T06:27:13.0788700Z Updating files:  74% (839/1133)
wasm	Run actions/checkout@v4	2026-08-10T06:27:13.0793228Z Updating files:  75% (850/1133)
wasm	Run actions/checkout@v4	2026-08-10T06:27:13.0797306Z Updating files:  76% (862/1133)
wasm	Run actions/checkout@v4	2026-08-10T06:27:13.0801465Z Updating files:  77% (873/1133)
wasm	Run actions/checkout@v4	2026-08-10T06:27:13.0806439Z Updating files:  78% (884/1133)
wasm	Run actions/checkout@v4	2026-08-10T06:27:13.0811192Z Updating files:  79% (896/1133)
wasm	Run actions/checkout@v4	2026-08-10T06:27:13.0815889Z Updating files:  80% (907/1133)
wasm	Run actions/checkout@v4	2026-08-10T06:27:13.0821722Z Updating files:  81% (918/1133)
wasm	Run actions/checkout@v4	2026-08-10T06:27:13.0826645Z Updating files:  82% (930/1133)
wasm	Run actions/checkout@v4	2026-08-10T06:27:13.0831852Z Updating files:  83% (941/1133)
wasm	Run actions/checkout@v4	2026-08-10T06:27:13.0837264Z Updating files:  84% (952/1133)
wasm	Run actions/checkout@v4	2026-08-10T06:27:13.0842394Z Updating files:  85% (964/1133)
wasm	Run actions/checkout@v4	2026-08-10T06:27:13.0848126Z Updating files:  86% (975/1133)
wasm	Run actions/checkout@v4	2026-08-10T06:27:13.0854218Z Updating files:  87% (986/1133)
wasm	Run actions/checkout@v4	2026-08-10T06:27:13.0859893Z Updating files:  88% (998/1133)
wasm	Run actions/checkout@v4	2026-08-10T06:27:13.0866595Z Updating files:  89% (1009/1133)
wasm	Run actions/checkout@v4	2026-08-10T06:27:13.0871827Z Updating files:  90% (1020/1133)
wasm	Run actions/checkout@v4	2026-08-10T06:27:13.0876810Z Updating files:  91% (1032/1133)
wasm	Run actions/checkout@v4	2026-08-10T06:27:13.0881548Z Updating files:  92% (1043/1133)
wasm	Run actions/checkout@v4	2026-08-10T06:27:13.0887021Z Updating files:  93% (1054/1133)
wasm	Run actions/checkout@v4	2026-08-10T06:27:13.0904715Z Updating files:  94% (1066/1133)
wasm	Run actions/checkout@v4	2026-08-10T06:27:13.1368610Z Updating files:  95% (1077/1133)
wasm	Run actions/checkout@v4	2026-08-10T06:27:13.1383603Z Updating files:  96% (1088/1133)
wasm	Run actions/checkout@v4	2026-08-10T06:27:13.1428068Z Updating files:  97% (1100/1133)
wasm	Run actions/checkout@v4	2026-08-10T06:27:13.1464698Z Updating files:  98% (1111/1133)
wasm	Run actions/checkout@v4	2026-08-10T06:27:13.1484308Z Updating files:  99% (1122/1133)
wasm	Run actions/checkout@v4	2026-08-10T06:27:13.1509678Z Updating files: 100% (1133/1133)
wasm	Run actions/checkout@v4	2026-08-10T06:27:13.1510270Z Updating files: 100% (1133/1133), done.
wasm	Run actions/checkout@v4	2026-08-10T06:27:13.1510864Z Switched to a new branch 'main'
wasm	Run actions/checkout@v4	2026-08-10T06:27:13.1513384Z branch 'main' set up to track 'origin/main'.
wasm	Run actions/checkout@v4	2026-08-10T06:27:13.1697350Z ##[endgroup]
wasm	Run actions/checkout@v4	2026-08-10T06:27:13.1701400Z [command]/usr/bin/git log -1 --format=%H
wasm	Run actions/checkout@v4	2026-08-10T06:27:13.1731332Z 7921ae56f27343d8efcd131a047e6148d8c92c89
wasm	Run mymindstorm/setup-emsdk@v14	﻿2026-08-10T06:27:13.1964616Z Node 20 is being deprecated. This workflow is running with Node 24 by default. If you need to temporarily use Node 20, you can set the ACTIONS_ALLOW_USE_UNSECURE_NODE_VERSION=true environment variable. For more information see: https://github.blog/changelog/2025-09-19-deprecation-of-node-20-on-github-actions-runners/
wasm	Run mymindstorm/setup-emsdk@v14	2026-08-10T06:27:13.1966805Z ##[group]Run mymindstorm/setup-emsdk@v14
wasm	Run mymindstorm/setup-emsdk@v14	2026-08-10T06:27:13.1967148Z with:
wasm	Run mymindstorm/setup-emsdk@v14	2026-08-10T06:27:13.1967395Z   version: latest
wasm	Run mymindstorm/setup-emsdk@v14	2026-08-10T06:27:13.1967656Z   no-install: false
wasm	Run mymindstorm/setup-emsdk@v14	2026-08-10T06:27:13.1967916Z   no-cache: false
wasm	Run mymindstorm/setup-emsdk@v14	2026-08-10T06:27:13.1968173Z   update: false
wasm	Run mymindstorm/setup-emsdk@v14	2026-08-10T06:27:13.1968433Z   update-tags: false
wasm	Run mymindstorm/setup-emsdk@v14	2026-08-10T06:27:13.1968692Z env:
wasm	Run mymindstorm/setup-emsdk@v14	2026-08-10T06:27:13.1968933Z   VERSION: 0.55.17
wasm	Run mymindstorm/setup-emsdk@v14	2026-08-10T06:27:13.1969190Z ##[endgroup]
wasm	Run mymindstorm/setup-emsdk@v14	2026-08-10T06:27:13.3112104Z (node:2283) [DEP0040] DeprecationWarning: The `punycode` module is deprecated. Please use a userland alternative instead.
wasm	Run mymindstorm/setup-emsdk@v14	2026-08-10T06:27:13.3185543Z (Use `node --trace-deprecation ...` to show where the warning was created)
wasm	Run mymindstorm/setup-emsdk@v14	2026-08-10T06:27:13.5022941Z [command]/usr/bin/unzip -o -q /home/runner/work/_temp/ba8745ac-b119-42d6-9bc4-8d9d995c7b06
wasm	Run mymindstorm/setup-emsdk@v14	2026-08-10T06:27:13.5210265Z [command]/home/runner/work/_temp/5cc1fa04-3f8f-450f-b305-4e30303b383d/emsdk-main/emsdk update
wasm	Run mymindstorm/setup-emsdk@v14	2026-08-10T06:27:13.7674265Z Downloading: /home/runner/work/_temp/5cc1fa04-3f8f-450f-b305-4e30303b383d/emsdk-main/downloads/HEAD.zip from https://github.com/emscripten-core/emsdk/archive/HEAD.zip, 220713 Bytes
wasm	Run mymindstorm/setup-emsdk@v14	2026-08-10T06:27:13.7676939Z  [----------------------------------------------------------------------------]
wasm	Run mymindstorm/setup-emsdk@v14	2026-08-10T06:27:13.7907646Z Unpacking '/home/runner/work/_temp/5cc1fa04-3f8f-450f-b305-4e30303b383d/emsdk-main/downloads/HEAD.zip' to '/home/runner/work/_temp/5cc1fa04-3f8f-450f-b305-4e30303b383d/emsdk-main'
wasm	Run mymindstorm/setup-emsdk@v14	2026-08-10T06:27:13.8033063Z [command]/home/runner/work/_temp/5cc1fa04-3f8f-450f-b305-4e30303b383d/emsdk-main/emsdk install latest
wasm	Run mymindstorm/setup-emsdk@v14	2026-08-10T06:27:13.9980891Z Resolving SDK alias 'latest' to '6.0.6'
wasm	Run mymindstorm/setup-emsdk@v14	2026-08-10T06:27:13.9981716Z Resolving SDK version '6.0.6' to 'sdk-releases-833aa203ba2283fc2b6adb504a79a3a0d692df81-64bit'
wasm	Run mymindstorm/setup-emsdk@v14	2026-08-10T06:27:13.9982497Z Installing SDK 'sdk-releases-833aa203ba2283fc2b6adb504a79a3a0d692df81-64bit'..
wasm	Run mymindstorm/setup-emsdk@v14	2026-08-10T06:27:13.9982940Z Installing tool 'node-24.19.0-64bit'..
wasm	Run mymindstorm/setup-emsdk@v14	2026-08-10T06:27:13.9983991Z Downloading: /home/runner/work/_temp/5cc1fa04-3f8f-450f-b305-4e30303b383d/emsdk-main/downloads/node-v24.19.0-linux-x64.tar.xz from https://storage.googleapis.com/webassembly/emscripten-releases-builds/deps/node-v24.19.0-linux-x64.tar.xz, 31633904 Bytes
wasm	Run mymindstorm/setup-emsdk@v14	2026-08-10T06:27:14.1207886Z  [----------------------------------------------------------------------------]
wasm	Run mymindstorm/setup-emsdk@v14	2026-08-10T06:27:16.4045965Z Unpacking '/home/runner/work/_temp/5cc1fa04-3f8f-450f-b305-4e30303b383d/emsdk-main/downloads/node-v24.19.0-linux-x64.tar.xz' to '/home/runner/work/_temp/5cc1fa04-3f8f-450f-b305-4e30303b383d/emsdk-main/node/24.19.0_64bit'
wasm	Run mymindstorm/setup-emsdk@v14	2026-08-10T06:27:16.4047106Z Done installing tool 'node-24.19.0-64bit'.
wasm	Run mymindstorm/setup-emsdk@v14	2026-08-10T06:27:16.4047858Z Installing tool 'releases-833aa203ba2283fc2b6adb504a79a3a0d692df81-64bit'..
wasm	Run mymindstorm/setup-emsdk@v14	2026-08-10T06:27:16.4049955Z Downloading: /home/runner/work/_temp/5cc1fa04-3f8f-450f-b305-4e30303b383d/emsdk-main/downloads/833aa203ba2283fc2b6adb504a79a3a0d692df81-wasm-binaries.tar.xz from https://storage.googleapis.com/webassembly/emscripten-releases-builds/linux/833aa203ba2283fc2b6adb504a79a3a0d692df81/wasm-binaries.tar.xz, 301475060 Bytes
wasm	Run mymindstorm/setup-emsdk@v14	2026-08-10T06:27:17.2843082Z  [----------------------------------------------------------------------------]
wasm	Run mymindstorm/setup-emsdk@v14	2026-08-10T06:27:37.5193257Z Unpacking '/home/runner/work/_temp/5cc1fa04-3f8f-450f-b305-4e30303b383d/emsdk-main/downloads/833aa203ba2283fc2b6adb504a79a3a0d692df81-wasm-binaries.tar.xz' to '/home/runner/work/_temp/5cc1fa04-3f8f-450f-b305-4e30303b383d/emsdk-main/upstream'
wasm	Run mymindstorm/setup-emsdk@v14	2026-08-10T06:27:37.5197429Z Done installing tool 'releases-833aa203ba2283fc2b6adb504a79a3a0d692df81-64bit'.
wasm	Run mymindstorm/setup-emsdk@v14	2026-08-10T06:27:37.5198303Z Done installing SDK 'sdk-releases-833aa203ba2283fc2b6adb504a79a3a0d692df81-64bit'.
wasm	Run mymindstorm/setup-emsdk@v14	2026-08-10T06:27:37.5331378Z [command]/home/runner/work/_temp/5cc1fa04-3f8f-450f-b305-4e30303b383d/emsdk-main/emsdk activate latest
wasm	Run mymindstorm/setup-emsdk@v14	2026-08-10T06:27:37.6467007Z Resolving SDK alias 'latest' to '6.0.6'
wasm	Run mymindstorm/setup-emsdk@v14	2026-08-10T06:27:37.6467919Z Resolving SDK version '6.0.6' to 'sdk-releases-833aa203ba2283fc2b6adb504a79a3a0d692df81-64bit'
wasm	Run mymindstorm/setup-emsdk@v14	2026-08-10T06:27:37.6468641Z Setting the following tools as active:
wasm	Run mymindstorm/setup-emsdk@v14	2026-08-10T06:27:37.6469048Z    node-24.19.0-64bit
wasm	Run mymindstorm/setup-emsdk@v14	2026-08-10T06:27:37.6469515Z    releases-833aa203ba2283fc2b6adb504a79a3a0d692df81-64bit
wasm	Run mymindstorm/setup-emsdk@v14	2026-08-10T06:27:37.6469900Z 
wasm	Run mymindstorm/setup-emsdk@v14	2026-08-10T06:27:37.6470042Z Next steps:
wasm	Run mymindstorm/setup-emsdk@v14	2026-08-10T06:27:37.6470639Z - To conveniently access emsdk tools from the command line,
wasm	Run mymindstorm/setup-emsdk@v14	2026-08-10T06:27:37.6471369Z   consider adding the following directories to your PATH:
wasm	Run mymindstorm/setup-emsdk@v14	2026-08-10T06:27:37.6472031Z     /home/runner/work/_temp/5cc1fa04-3f8f-450f-b305-4e30303b383d/emsdk-main
wasm	Run mymindstorm/setup-emsdk@v14	2026-08-10T06:27:37.6472902Z     /home/runner/work/_temp/5cc1fa04-3f8f-450f-b305-4e30303b383d/emsdk-main/upstream/emscripten
wasm	Run mymindstorm/setup-emsdk@v14	2026-08-10T06:27:37.6473658Z - This can be done for the current shell by running:
wasm	Run mymindstorm/setup-emsdk@v14	2026-08-10T06:27:37.6474426Z     source "/home/runner/work/_temp/5cc1fa04-3f8f-450f-b305-4e30303b383d/emsdk-main/emsdk_env.sh"
wasm	Run mymindstorm/setup-emsdk@v14	2026-08-10T06:27:37.6475170Z - Configure emsdk in your shell startup scripts by running:
wasm	Run mymindstorm/setup-emsdk@v14	2026-08-10T06:27:37.6476051Z     echo 'source "/home/runner/work/_temp/5cc1fa04-3f8f-450f-b305-4e30303b383d/emsdk-main/emsdk_env.sh"' >> $HOME/.bash_profile
wasm	Run mymindstorm/setup-emsdk@v14	2026-08-10T06:27:37.6583095Z [command]/home/runner/work/_temp/5cc1fa04-3f8f-450f-b305-4e30303b383d/emsdk-main/emsdk construct_env
wasm	Run mymindstorm/setup-emsdk@v14	2026-08-10T06:27:37.7714339Z Setting up EMSDK environment (suppress these messages with EMSDK_QUIET=1)
wasm	Run mymindstorm/setup-emsdk@v14	2026-08-10T06:27:37.7715227Z Adding directories to PATH:
wasm	Run mymindstorm/setup-emsdk@v14	2026-08-10T06:27:37.7718266Z PATH += /home/runner/work/_temp/5cc1fa04-3f8f-450f-b305-4e30303b383d/emsdk-main
wasm	Run mymindstorm/setup-emsdk@v14	2026-08-10T06:27:37.7719525Z PATH += /home/runner/work/_temp/5cc1fa04-3f8f-450f-b305-4e30303b383d/emsdk-main/upstream/emscripten
wasm	Run mymindstorm/setup-emsdk@v14	2026-08-10T06:27:37.7721091Z 
wasm	Run mymindstorm/setup-emsdk@v14	2026-08-10T06:27:37.7721578Z Setting environment variables:
wasm	Run mymindstorm/setup-emsdk@v14	2026-08-10T06:27:37.7724196Z PATH = /home/runner/work/_temp/5cc1fa04-3f8f-450f-b305-4e30303b383d/emsdk-main:/home/runner/work/_temp/5cc1fa04-3f8f-450f-b305-4e30303b383d/emsdk-main/upstream/emscripten:/snap/bin:/home/runner/.local/bin:/opt/pipx_bin:/home/runner/.cargo/bin:/home/runner/.config/composer/vendor/bin:/usr/local/.ghcup/bin:/home/runner/.dotnet/tools:/usr/local/sbin:/usr/local/bin:/usr/sbin:/usr/bin:/sbin:/bin:/usr/games:/usr/local/games
wasm	Run mymindstorm/setup-emsdk@v14	2026-08-10T06:27:37.7726862Z EMSDK = /home/runner/work/_temp/5cc1fa04-3f8f-450f-b305-4e30303b383d/emsdk-main
wasm	Run mymindstorm/setup-emsdk@v14	2026-08-10T06:27:37.7728109Z EMSDK_NODE = /home/runner/work/_temp/5cc1fa04-3f8f-450f-b305-4e30303b383d/emsdk-main/node/24.19.0_64bit/bin/node
wasm	Run mymindstorm/setup-emsdk@v14	2026-08-10T06:27:37.7732411Z export PATH="/home/runner/work/_temp/5cc1fa04-3f8f-450f-b305-4e30303b383d/emsdk-main:/home/runner/work/_temp/5cc1fa04-3f8f-450f-b305-4e30303b383d/emsdk-main/upstream/emscripten:/snap/bin:/home/runner/.local/bin:/opt/pipx_bin:/home/runner/.cargo/bin:/home/runner/.config/composer/vendor/bin:/usr/local/.ghcup/bin:/home/runner/.dotnet/tools:/usr/local/sbin:/usr/local/bin:/usr/sbin:/usr/bin:/sbin:/bin:/usr/games:/usr/local/games";
wasm	Run mymindstorm/setup-emsdk@v14	2026-08-10T06:27:37.7735249Z export EMSDK="/home/runner/work/_temp/5cc1fa04-3f8f-450f-b305-4e30303b383d/emsdk-main";
wasm	Run mymindstorm/setup-emsdk@v14	2026-08-10T06:27:37.7736321Z export EMSDK_NODE="/home/runner/work/_temp/5cc1fa04-3f8f-450f-b305-4e30303b383d/emsdk-main/node/24.19.0_64bit/bin/node";
wasm	Install Linux build dependencies	﻿2026-08-10T06:27:37.8003820Z ##[group]Run sudo apt-get update
wasm	Install Linux build dependencies	2026-08-10T06:27:37.8004188Z [36;1msudo apt-get update[0m
wasm	Install Linux build dependencies	2026-08-10T06:27:37.8004547Z [36;1msudo apt-get install -y libasound2-dev ninja-build[0m
wasm	Install Linux build dependencies	2026-08-10T06:27:37.8059462Z shell: /usr/bin/bash -e {0}
wasm	Install Linux build dependencies	2026-08-10T06:27:37.8059745Z env:
wasm	Install Linux build dependencies	2026-08-10T06:27:37.8059959Z   VERSION: 0.55.17
wasm	Install Linux build dependencies	2026-08-10T06:27:37.8061653Z   PATH: /home/runner/work/_temp/5cc1fa04-3f8f-450f-b305-4e30303b383d/emsdk-main:/home/runner/work/_temp/5cc1fa04-3f8f-450f-b305-4e30303b383d/emsdk-main/upstream/emscripten:/snap/bin:/home/runner/.local/bin:/opt/pipx_bin:/home/runner/.cargo/bin:/home/runner/.config/composer/vendor/bin:/usr/local/.ghcup/bin:/home/runner/.dotnet/tools:/usr/local/sbin:/usr/local/bin:/usr/sbin:/usr/bin:/sbin:/bin:/usr/games:/usr/local/games
wasm	Install Linux build dependencies	2026-08-10T06:27:37.8063235Z   EMSDK: /home/runner/work/_temp/5cc1fa04-3f8f-450f-b305-4e30303b383d/emsdk-main
wasm	Install Linux build dependencies	2026-08-10T06:27:37.8063848Z   EMSDK_NODE: /home/runner/work/_temp/5cc1fa04-3f8f-450f-b305-4e30303b383d/emsdk-main/node/24.19.0_64bit/bin/node
wasm	Install Linux build dependencies	2026-08-10T06:27:37.8064406Z ##[endgroup]
wasm	Install Linux build dependencies	2026-08-10T06:27:37.8935877Z Get:1 file:/etc/apt/apt-mirrors.txt Mirrorlist [144 B]
wasm	Install Linux build dependencies	2026-08-10T06:27:37.9249894Z Get:6 https://packages.microsoft.com/repos/azure-cli noble InRelease [3564 B]
wasm	Install Linux build dependencies	2026-08-10T06:27:37.9352564Z Hit:2 http://azure.archive.ubuntu.com/ubuntu noble InRelease
wasm	Install Linux build dependencies	2026-08-10T06:27:37.9360261Z Get:7 https://packages.microsoft.com/ubuntu/24.04/prod noble InRelease [3600 B]
wasm	Install Linux build dependencies	2026-08-10T06:27:37.9380034Z Get:3 http://azure.archive.ubuntu.com/ubuntu noble-updates InRelease [126 kB]
wasm	Install Linux build dependencies	2026-08-10T06:27:37.9400685Z Get:4 http://azure.archive.ubuntu.com/ubuntu noble-backports InRelease [126 kB]
wasm	Install Linux build dependencies	2026-08-10T06:27:37.9417317Z Get:5 http://azure.archive.ubuntu.com/ubuntu noble-security InRelease [126 kB]
wasm	Install Linux build dependencies	2026-08-10T06:27:37.9531999Z Get:8 https://dl.google.com/linux/chrome-stable/deb stable InRelease [2548 B]
wasm	Install Linux build dependencies	2026-08-10T06:27:38.0033090Z Get:9 https://packages.microsoft.com/repos/azure-cli noble/main amd64 Packages [2375 B]
wasm	Install Linux build dependencies	2026-08-10T06:27:38.1244849Z Get:10 https://packages.microsoft.com/ubuntu/24.04/prod noble/main armhf Packages [12.2 kB]
wasm	Install Linux build dependencies	2026-08-10T06:27:38.1274648Z Get:11 https://packages.microsoft.com/ubuntu/24.04/prod noble/main amd64 Packages [314 kB]
wasm	Install Linux build dependencies	2026-08-10T06:27:38.1313425Z Get:12 https://packages.microsoft.com/ubuntu/24.04/prod noble/main arm64 Packages [274 kB]
wasm	Install Linux build dependencies	2026-08-10T06:27:38.1366051Z Get:13 https://packages.microsoft.com/ubuntu/24.04/prod noble/main all Packages [643 B]
wasm	Install Linux build dependencies	2026-08-10T06:27:38.1786068Z Get:14 http://azure.archive.ubuntu.com/ubuntu noble-updates/main amd64 Packages [1184 kB]
wasm	Install Linux build dependencies	2026-08-10T06:27:38.1881876Z Get:15 http://azure.archive.ubuntu.com/ubuntu noble-updates/main Translation-en [281 kB]
wasm	Install Linux build dependencies	2026-08-10T06:27:38.1883245Z Get:16 http://azure.archive.ubuntu.com/ubuntu noble-updates/main amd64 Components [180 kB]
wasm	Install Linux build dependencies	2026-08-10T06:27:38.1901432Z Get:17 http://azure.archive.ubuntu.com/ubuntu noble-updates/universe amd64 Packages [1682 kB]
wasm	Install Linux build dependencies	2026-08-10T06:27:38.2003408Z Get:18 http://azure.archive.ubuntu.com/ubuntu noble-updates/universe Translation-en [335 kB]
wasm	Install Linux build dependencies	2026-08-10T06:27:38.2033952Z Get:19 http://azure.archive.ubuntu.com/ubuntu noble-updates/universe amd64 Components [388 kB]
wasm	Install Linux build dependencies	2026-08-10T06:27:38.2060649Z Get:20 http://azure.archive.ubuntu.com/ubuntu noble-updates/restricted amd64 Packages [1414 kB]
wasm	Install Linux build dependencies	2026-08-10T06:27:38.2139387Z Get:21 http://azure.archive.ubuntu.com/ubuntu noble-updates/restricted Translation-en [320 kB]
wasm	Install Linux build dependencies	2026-08-10T06:27:38.2166134Z Get:22 http://azure.archive.ubuntu.com/ubuntu noble-updates/multiverse amd64 Packages [45.4 kB]
wasm	Install Linux build dependencies	2026-08-10T06:27:38.2178013Z Get:23 http://azure.archive.ubuntu.com/ubuntu noble-updates/multiverse Translation-en [12.3 kB]
wasm	Install Linux build dependencies	2026-08-10T06:27:38.2625162Z Get:24 http://azure.archive.ubuntu.com/ubuntu noble-updates/multiverse amd64 Components [940 B]
wasm	Install Linux build dependencies	2026-08-10T06:27:38.2636427Z Get:25 http://azure.archive.ubuntu.com/ubuntu noble-backports/main amd64 Components [5776 B]
wasm	Install Linux build dependencies	2026-08-10T06:27:38.2647787Z Get:26 http://azure.archive.ubuntu.com/ubuntu noble-backports/universe amd64 Packages [31.0 kB]
wasm	Install Linux build dependencies	2026-08-10T06:27:38.2653628Z Get:27 http://azure.archive.ubuntu.com/ubuntu noble-backports/universe amd64 Components [12.6 kB]
wasm	Install Linux build dependencies	2026-08-10T06:27:38.3032084Z Get:28 http://azure.archive.ubuntu.com/ubuntu noble-security/main amd64 Packages [927 kB]
wasm	Install Linux build dependencies	2026-08-10T06:27:38.3100114Z Get:29 http://azure.archive.ubuntu.com/ubuntu noble-security/main Translation-en [201 kB]
wasm	Install Linux build dependencies	2026-08-10T06:27:38.3112009Z Get:30 http://azure.archive.ubuntu.com/ubuntu noble-security/main amd64 Components [46.3 kB]
wasm	Install Linux build dependencies	2026-08-10T06:27:38.3119565Z Get:31 http://azure.archive.ubuntu.com/ubuntu noble-security/universe amd64 Packages [1199 kB]
wasm	Install Linux build dependencies	2026-08-10T06:27:38.3219353Z Get:32 http://azure.archive.ubuntu.com/ubuntu noble-security/universe Translation-en [239 kB]
wasm	Install Linux build dependencies	2026-08-10T06:27:38.3237969Z Get:33 http://azure.archive.ubuntu.com/ubuntu noble-security/universe amd64 Components [76.2 kB]
wasm	Install Linux build dependencies	2026-08-10T06:27:38.3282207Z Get:34 http://azure.archive.ubuntu.com/ubuntu noble-security/restricted amd64 Packages [1320 kB]
wasm	Install Linux build dependencies	2026-08-10T06:27:38.3362604Z Get:35 http://azure.archive.ubuntu.com/ubuntu noble-security/restricted Translation-en [302 kB]
wasm	Install Linux build dependencies	2026-08-10T06:27:38.3418139Z Get:36 http://azure.archive.ubuntu.com/ubuntu noble-security/multiverse amd64 Packages [40.3 kB]
wasm	Install Linux build dependencies	2026-08-10T06:27:38.3429563Z Get:37 http://azure.archive.ubuntu.com/ubuntu noble-security/multiverse Translation-en [10.6 kB]
wasm	Install Linux build dependencies	2026-08-10T06:27:38.4017054Z Get:38 https://dl.google.com/linux/chrome-stable/deb stable/main amd64 Packages [1403 B]
wasm	Install Linux build dependencies	2026-08-10T06:27:42.6572120Z Fetched 11.2 MB in 1s (7783 kB/s)
wasm	Install Linux build dependencies	2026-08-10T06:27:43.3979560Z Reading package lists...
wasm	Install Linux build dependencies	2026-08-10T06:27:43.4311370Z Reading package lists...
wasm	Install Linux build dependencies	2026-08-10T06:27:43.6288905Z Building dependency tree...
wasm	Install Linux build dependencies	2026-08-10T06:27:43.6300904Z Reading state information...
wasm	Install Linux build dependencies	2026-08-10T06:27:43.7907394Z Suggested packages:
wasm	Install Linux build dependencies	2026-08-10T06:27:43.7907728Z   libasound2-doc
wasm	Install Linux build dependencies	2026-08-10T06:27:43.8082481Z The following NEW packages will be installed:
wasm	Install Linux build dependencies	2026-08-10T06:27:43.8088002Z   libasound2-dev ninja-build
wasm	Install Linux build dependencies	2026-08-10T06:27:43.8268737Z 0 upgraded, 2 newly installed, 0 to remove and 86 not upgraded.
wasm	Install Linux build dependencies	2026-08-10T06:27:43.8269427Z Need to get 244 kB of archives.
wasm	Install Linux build dependencies	2026-08-10T06:27:43.8269922Z After this operation, 1078 kB of additional disk space will be used.
wasm	Install Linux build dependencies	2026-08-10T06:27:43.8270822Z Get:1 file:/etc/apt/apt-mirrors.txt Mirrorlist [144 B]
wasm	Install Linux build dependencies	2026-08-10T06:27:43.9398848Z Get:2 http://azure.archive.ubuntu.com/ubuntu noble-updates/main amd64 libasound2-dev amd64 1.2.11-1ubuntu0.3 [115 kB]
wasm	Install Linux build dependencies	2026-08-10T06:27:43.9525072Z Get:3 http://azure.archive.ubuntu.com/ubuntu noble/universe amd64 ninja-build amd64 1.11.1-2 [129 kB]
wasm	Install Linux build dependencies	2026-08-10T06:27:44.2298135Z Fetched 244 kB in 0s (1654 kB/s)
wasm	Install Linux build dependencies	2026-08-10T06:27:44.2528588Z Selecting previously unselected package libasound2-dev:amd64.
wasm	Install Linux build dependencies	2026-08-10T06:27:44.2809012Z (Reading database ... 
wasm	Install Linux build dependencies	2026-08-10T06:27:44.2809364Z (Reading database ... 5%
wasm	Install Linux build dependencies	2026-08-10T06:27:44.2809617Z (Reading database ... 10%
wasm	Install Linux build dependencies	2026-08-10T06:27:44.2809858Z (Reading database ... 15%
wasm	Install Linux build dependencies	2026-08-10T06:27:44.2810082Z (Reading database ... 20%
wasm	Install Linux build dependencies	2026-08-10T06:27:44.2810300Z (Reading database ... 25%
wasm	Install Linux build dependencies	2026-08-10T06:27:44.2810973Z (Reading database ... 30%
wasm	Install Linux build dependencies	2026-08-10T06:27:44.2811323Z (Reading database ... 35%
wasm	Install Linux build dependencies	2026-08-10T06:27:44.2811676Z (Reading database ... 40%
wasm	Install Linux build dependencies	2026-08-10T06:27:44.2812007Z (Reading database ... 45%
wasm	Install Linux build dependencies	2026-08-10T06:27:44.2812320Z (Reading database ... 50%
wasm	Install Linux build dependencies	2026-08-10T06:27:44.2853989Z (Reading database ... 55%
wasm	Install Linux build dependencies	2026-08-10T06:27:44.3835623Z (Reading database ... 60%
wasm	Install Linux build dependencies	2026-08-10T06:27:44.5896278Z (Reading database ... 65%
wasm	Install Linux build dependencies	2026-08-10T06:27:44.7398562Z (Reading database ... 70%
wasm	Install Linux build dependencies	2026-08-10T06:27:44.8885076Z (Reading database ... 75%
wasm	Install Linux build dependencies	2026-08-10T06:27:45.0361793Z (Reading database ... 80%
wasm	Install Linux build dependencies	2026-08-10T06:27:45.2557818Z (Reading database ... 85%
wasm	Install Linux build dependencies	2026-08-10T06:27:45.4400783Z (Reading database ... 90%
wasm	Install Linux build dependencies	2026-08-10T06:27:45.5911266Z (Reading database ... 95%
wasm	Install Linux build dependencies	2026-08-10T06:27:45.5911785Z (Reading database ... 100%
wasm	Install Linux build dependencies	2026-08-10T06:27:45.5912230Z (Reading database ... 202954 files and directories currently installed.)
wasm	Install Linux build dependencies	2026-08-10T06:27:45.5961488Z Preparing to unpack .../libasound2-dev_1.2.11-1ubuntu0.3_amd64.deb ...
wasm	Install Linux build dependencies	2026-08-10T06:27:45.6012955Z Unpacking libasound2-dev:amd64 (1.2.11-1ubuntu0.3) ...
wasm	Install Linux build dependencies	2026-08-10T06:27:45.6454745Z Selecting previously unselected package ninja-build.
wasm	Install Linux build dependencies	2026-08-10T06:27:45.6602677Z Preparing to unpack .../ninja-build_1.11.1-2_amd64.deb ...
wasm	Install Linux build dependencies	2026-08-10T06:27:45.6609655Z Unpacking ninja-build (1.11.1-2) ...
wasm	Install Linux build dependencies	2026-08-10T06:27:45.7059069Z Setting up ninja-build (1.11.1-2) ...
wasm	Install Linux build dependencies	2026-08-10T06:27:45.7080822Z Setting up libasound2-dev:amd64 (1.2.11-1ubuntu0.3) ...
wasm	Install Linux build dependencies	2026-08-10T06:27:45.7102089Z Processing triggers for man-db (2.12.0-4build2) ...
wasm	Install Linux build dependencies	2026-08-10T06:27:45.7122880Z Not building database; man-db/auto-update is not 'true'.
wasm	Install Linux build dependencies	2026-08-10T06:27:46.3326772Z 
wasm	Install Linux build dependencies	2026-08-10T06:27:46.3327884Z Running kernel seems to be up-to-date.
wasm	Install Linux build dependencies	2026-08-10T06:27:46.3328194Z 
wasm	Install Linux build dependencies	2026-08-10T06:27:46.3328308Z No services need to be restarted.
wasm	Install Linux build dependencies	2026-08-10T06:27:46.3328495Z 
wasm	Install Linux build dependencies	2026-08-10T06:27:46.3328601Z No containers need to be restarted.
wasm	Install Linux build dependencies	2026-08-10T06:27:46.3328787Z 
wasm	Install Linux build dependencies	2026-08-10T06:27:46.3328910Z No user sessions are running outdated binaries.
wasm	Install Linux build dependencies	2026-08-10T06:27:46.3329164Z 
wasm	Install Linux build dependencies	2026-08-10T06:27:46.3329360Z No VM guests are running outdated hypervisor (qemu) binaries on this host.
wasm	Build maxed WASM API distribution	﻿2026-08-10T06:27:47.3270912Z ##[group]Run chmod +x parts/wasm-assets/* || true
wasm	Build maxed WASM API distribution	2026-08-10T06:27:47.3271341Z [36;1mchmod +x parts/wasm-assets/* || true[0m
wasm	Build maxed WASM API distribution	2026-08-10T06:27:47.3271670Z [36;1mmake -C parts dist-api-wasm[0m
wasm	Build maxed WASM API distribution	2026-08-10T06:27:47.3322778Z shell: /usr/bin/bash -e {0}
wasm	Build maxed WASM API distribution	2026-08-10T06:27:47.3323036Z env:
wasm	Build maxed WASM API distribution	2026-08-10T06:27:47.3323240Z   VERSION: 0.55.17
wasm	Build maxed WASM API distribution	2026-08-10T06:27:47.3324671Z   PATH: /home/runner/work/_temp/5cc1fa04-3f8f-450f-b305-4e30303b383d/emsdk-main:/home/runner/work/_temp/5cc1fa04-3f8f-450f-b305-4e30303b383d/emsdk-main/upstream/emscripten:/snap/bin:/home/runner/.local/bin:/opt/pipx_bin:/home/runner/.cargo/bin:/home/runner/.config/composer/vendor/bin:/usr/local/.ghcup/bin:/home/runner/.dotnet/tools:/usr/local/sbin:/usr/local/bin:/usr/sbin:/usr/bin:/sbin:/bin:/usr/games:/usr/local/games
wasm	Build maxed WASM API distribution	2026-08-10T06:27:47.3326219Z   EMSDK: /home/runner/work/_temp/5cc1fa04-3f8f-450f-b305-4e30303b383d/emsdk-main
wasm	Build maxed WASM API distribution	2026-08-10T06:27:47.3326826Z   EMSDK_NODE: /home/runner/work/_temp/5cc1fa04-3f8f-450f-b305-4e30303b383d/emsdk-main/node/24.19.0_64bit/bin/node
wasm	Build maxed WASM API distribution	2026-08-10T06:27:47.3327366Z ##[endgroup]
wasm	Build maxed WASM API distribution	2026-08-10T06:27:47.3433276Z make: Entering directory '/home/runner/work/pulp/pulp/parts'
wasm	Build maxed WASM API distribution	2026-08-10T06:27:47.3447004Z cmake -B build_wasm -S . -DKIT_OPTS="KSYNTH=1 MIDI=1 SEQ=1 AM=1 XM=1 CRUSH=1 GLISS=1 FILT=1 FADSR=1 FM=1 PANMOD=1 PD=1 SAH=1 SMOOTHER=1 TRACKS=1"
wasm	Build maxed WASM API distribution	2026-08-10T06:27:47.5071161Z -- The C compiler identification is GNU 13.3.0
wasm	Build maxed WASM API distribution	2026-08-10T06:27:47.5226798Z -- Detecting C compiler ABI info
wasm	Build maxed WASM API distribution	2026-08-10T06:27:47.5982911Z -- Detecting C compiler ABI info - done
wasm	Build maxed WASM API distribution	2026-08-10T06:27:47.6203252Z -- Check for working C compiler: /usr/bin/cc - skipped
wasm	Build maxed WASM API distribution	2026-08-10T06:27:47.6208760Z -- Detecting C compile features
wasm	Build maxed WASM API distribution	2026-08-10T06:27:47.6215535Z -- Detecting C compile features - done
wasm	Build maxed WASM API distribution	2026-08-10T06:27:47.6328991Z -- DEBUG: Module (C) api using KIT_OPTS: KSYNTH=1 MIDI=1 SEQ=1 AM=1 XM=1 CRUSH=1 GLISS=1 FILT=1 FADSR=1 FM=1 PANMOD=1 PD=1 SAH=1 SMOOTHER=1 TRACKS=1
wasm	Build maxed WASM API distribution	2026-08-10T06:27:47.6330709Z -- DEBUG: Module (C) synth using KIT_OPTS: KSYNTH=1 MIDI=1 SEQ=1 AM=1 XM=1 CRUSH=1 GLISS=1 FILT=1 FADSR=1 FM=1 PANMOD=1 PD=1 SAH=1 SMOOTHER=1 TRACKS=1
wasm	Build maxed WASM API distribution	2026-08-10T06:27:47.6332196Z -- DEBUG: Module (H) synth using KIT_OPTS: KSYNTH=1 MIDI=1 SEQ=1 AM=1 XM=1 CRUSH=1 GLISS=1 FILT=1 FADSR=1 FM=1 PANMOD=1 PD=1 SAH=1 SMOOTHER=1 TRACKS=1
wasm	Build maxed WASM API distribution	2026-08-10T06:27:47.6333595Z -- DEBUG: Module (C) skode using KIT_OPTS: KSYNTH=1 MIDI=1 SEQ=1 AM=1 XM=1 CRUSH=1 GLISS=1 FILT=1 FADSR=1 FM=1 PANMOD=1 PD=1 SAH=1 SMOOTHER=1 TRACKS=1
wasm	Build maxed WASM API distribution	2026-08-10T06:27:47.6335075Z -- DEBUG: Module (C) polyphony using KIT_OPTS: KSYNTH=1 MIDI=1 SEQ=1 AM=1 XM=1 CRUSH=1 GLISS=1 FILT=1 FADSR=1 FM=1 PANMOD=1 PD=1 SAH=1 SMOOTHER=1 TRACKS=1
wasm	Build maxed WASM API distribution	2026-08-10T06:27:47.6336529Z -- DEBUG: Module (C) synth-alloc using KIT_OPTS: KSYNTH=1 MIDI=1 SEQ=1 AM=1 XM=1 CRUSH=1 GLISS=1 FILT=1 FADSR=1 FM=1 PANMOD=1 PD=1 SAH=1 SMOOTHER=1 TRACKS=1
wasm	Build maxed WASM API distribution	2026-08-10T06:27:47.6337869Z -- DEBUG: Module (C) seq using KIT_OPTS: KSYNTH=1 MIDI=1 SEQ=1 AM=1 XM=1 CRUSH=1 GLISS=1 FILT=1 FADSR=1 FM=1 PANMOD=1 PD=1 SAH=1 SMOOTHER=1 TRACKS=1
wasm	Build maxed WASM API distribution	2026-08-10T06:27:47.6338850Z -- DEBUG: Module (H) seq using KIT_OPTS: KSYNTH=1 MIDI=1 SEQ=1 AM=1 XM=1 CRUSH=1 GLISS=1 FILT=1 FADSR=1 FM=1 PANMOD=1 PD=1 SAH=1 SMOOTHER=1 TRACKS=1
wasm	Build maxed WASM API distribution	2026-08-10T06:27:47.6419843Z -- Found ALSA: /usr/lib/x86_64-linux-gnu/libasound.so (found version "1.2.11")
wasm	Build maxed WASM API distribution	2026-08-10T06:27:47.6421630Z -- DEBUG: Executable Module (C) mini-skred using KIT_OPTS: KSYNTH=1 MIDI=1 SEQ=1 AM=1 XM=1 CRUSH=1 GLISS=1 FILT=1 FADSR=1 FM=1 PANMOD=1 PD=1 SAH=1 SMOOTHER=1 TRACKS=1
wasm	Build maxed WASM API distribution	2026-08-10T06:27:47.6445930Z -- Configuring done (0.3s)
wasm	Build maxed WASM API distribution	2026-08-10T06:27:47.6782602Z -- Generating done (0.0s)
wasm	Build maxed WASM API distribution	2026-08-10T06:27:47.6786494Z -- Build files have been written to: /home/runner/work/pulp/pulp/parts/build_wasm
wasm	Build maxed WASM API distribution	2026-08-10T06:27:47.6820980Z bash -c "cmake --build build_wasm"
wasm	Build maxed WASM API distribution	2026-08-10T06:27:47.6881780Z gmake[1]: Entering directory '/home/runner/work/pulp/pulp/parts/build_wasm'
wasm	Build maxed WASM API distribution	2026-08-10T06:27:47.6941050Z gmake[2]: Entering directory '/home/runner/work/pulp/pulp/parts/build_wasm'
wasm	Build maxed WASM API distribution	2026-08-10T06:27:47.6952754Z gmake[3]: Entering directory '/home/runner/work/pulp/pulp/parts/build_wasm'
wasm	Build maxed WASM API distribution	2026-08-10T06:27:47.6982532Z gmake[3]: Leaving directory '/home/runner/work/pulp/pulp/parts/build_wasm'
wasm	Build maxed WASM API distribution	2026-08-10T06:27:47.6996814Z gmake[3]: Entering directory '/home/runner/work/pulp/pulp/parts/build_wasm'
wasm	Build maxed WASM API distribution	2026-08-10T06:27:47.7017461Z [  1%] Building C object CMakeFiles/kit_tool.dir/kit.c.o
wasm	Build maxed WASM API distribution	2026-08-10T06:27:47.8003045Z [  2%] Linking C executable kit_tool
wasm	Build maxed WASM API distribution	2026-08-10T06:27:47.8247999Z gmake[3]: Leaving directory '/home/runner/work/pulp/pulp/parts/build_wasm'
wasm	Build maxed WASM API distribution	2026-08-10T06:27:47.8271795Z [  2%] Built target kit_tool
wasm	Build maxed WASM API distribution	2026-08-10T06:27:47.8288079Z gmake[3]: Entering directory '/home/runner/work/pulp/pulp/parts/build_wasm'
wasm	Build maxed WASM API distribution	2026-08-10T06:27:47.8314928Z gmake[3]: Leaving directory '/home/runner/work/pulp/pulp/parts/build_wasm'
wasm	Build maxed WASM API distribution	2026-08-10T06:27:47.8327227Z gmake[3]: Entering directory '/home/runner/work/pulp/pulp/parts/build_wasm'
wasm	Build maxed WASM API distribution	2026-08-10T06:27:47.8345447Z ! KIT FEATURES
wasm	Build maxed WASM API distribution	2026-08-10T06:27:47.8367426Z ! KIT_OPTS (Raw): KSYNTH=1 MIDI=1 SEQ=1 AM=1 XM=1 CRUSH=1 GLISS=1 FILT=1 FADSR=1 FM=1 PANMOD=1 PD=1 SAH=1 SMOOTHER=1 TRACKS=1
wasm	Build maxed WASM API distribution	2026-08-10T06:27:47.8389091Z ! KIT_OPTS_LIST:  KSYNTH=1;MIDI=1;SEQ=1;AM=1;XM=1;CRUSH=1;GLISS=1;FILT=1;FADSR=1;FM=1;PANMOD=1;PD=1;SAH=1;SMOOTHER=1;TRACKS=1;ADSR=1
wasm	Build maxed WASM API distribution	2026-08-10T06:27:47.8393757Z gmake[3]: Leaving directory '/home/runner/work/pulp/pulp/parts/build_wasm'
wasm	Build maxed WASM API distribution	2026-08-10T06:27:47.8414070Z [  2%] Built target check_opts
wasm	Build maxed WASM API distribution	2026-08-10T06:27:47.8433815Z gmake[3]: Entering directory '/home/runner/work/pulp/pulp/parts/build_wasm'
wasm	Build maxed WASM API distribution	2026-08-10T06:27:47.8452760Z [  3%] Generating synth-state.h
wasm	Build maxed WASM API distribution	2026-08-10T06:27:47.8483601Z [  4%] Generating synth.h
wasm	Build maxed WASM API distribution	2026-08-10T06:27:47.8513917Z [  6%] Generating api.c
wasm	Build maxed WASM API distribution	2026-08-10T06:27:47.8550695Z [  7%] Generating polyphony.c
wasm	Build maxed WASM API distribution	2026-08-10T06:27:47.8582909Z [  8%] Generating seq.c
wasm	Build maxed WASM API distribution	2026-08-10T06:27:47.8614841Z [  9%] Generating seq.h
wasm	Build maxed WASM API distribution	2026-08-10T06:27:47.8644411Z [ 10%] Generating skode.c, skode-doc.inc
wasm	Build maxed WASM API distribution	2026-08-10T06:27:47.8718670Z [ 12%] Generating synth-alloc.c
wasm	Build maxed WASM API distribution	2026-08-10T06:27:47.8749728Z [ 13%] Generating synth.c
wasm	Build maxed WASM API distribution	2026-08-10T06:27:47.8799173Z gmake[3]: Leaving directory '/home/runner/work/pulp/pulp/parts/build_wasm'
wasm	Build maxed WASM API distribution	2026-08-10T06:27:47.8817549Z gmake[3]: Entering directory '/home/runner/work/pulp/pulp/parts/build_wasm'
wasm	Build maxed WASM API distribution	2026-08-10T06:27:47.8837298Z [ 14%] Building C object CMakeFiles/api.dir/ands.c.o
wasm	Build maxed WASM API distribution	2026-08-10T06:27:48.0002518Z [ 15%] Building C object CMakeFiles/api.dir/miniaudio.c.o
wasm	Build maxed WASM API distribution	2026-08-10T06:27:50.7219266Z [ 17%] Building C object CMakeFiles/api.dir/midi.c.o
wasm	Build maxed WASM API distribution	2026-08-10T06:27:50.8744537Z [ 18%] Building C object CMakeFiles/api.dir/util.c.o
wasm	Build maxed WASM API distribution	2026-08-10T06:27:50.9037485Z [ 19%] Building C object CMakeFiles/api.dir/miniwav.c.o
wasm	Build maxed WASM API distribution	2026-08-10T06:27:50.9844055Z [ 20%] Building C object CMakeFiles/api.dir/exp-vfs/miniz.c.o
wasm	Build maxed WASM API distribution	2026-08-10T06:27:51.0317384Z [ 21%] Building C object CMakeFiles/api.dir/exp-vfs/miniz_tdef.c.o
wasm	Build maxed WASM API distribution	2026-08-10T06:27:51.1383924Z [ 23%] Building C object CMakeFiles/api.dir/exp-vfs/miniz_tinfl.c.o
wasm	Build maxed WASM API distribution	2026-08-10T06:27:51.1980198Z [ 24%] Building C object CMakeFiles/api.dir/exp-vfs/miniz_zip.c.o
wasm	Build maxed WASM API distribution	2026-08-10T06:27:51.2147380Z /home/runner/work/pulp/pulp/parts/exp-vfs/miniz_zip.c:132:9: note: ‘#pragma message: Using fopen, ftello, fseeko, stat() etc. path for file I/O - this path may not support large files.’
wasm	Build maxed WASM API distribution	2026-08-10T06:27:51.2148542Z   132 | #pragma message("Using fopen, ftello, fseeko, stat() etc. path for file I/O - this path may not support large files.")
wasm	Build maxed WASM API distribution	2026-08-10T06:27:51.2149071Z       |         ^~~~~~~
wasm	Build maxed WASM API distribution	2026-08-10T06:27:51.4443636Z [ 25%] Building C object CMakeFiles/api.dir/exp-vfs/skred_vfs.c.o
wasm	Build maxed WASM API distribution	2026-08-10T06:27:51.4675302Z /home/runner/work/pulp/pulp/parts/exp-vfs/skred_vfs.c: In function ‘skred_chdir’:
wasm	Build maxed WASM API distribution	2026-08-10T06:27:51.4677268Z /home/runner/work/pulp/pulp/parts/exp-vfs/skred_vfs.c:269:62: warning: ‘%s’ directive output may be truncated writing up to 511 bytes into a region of size between 0 and 1023 [-Wformat-truncation=]
wasm	Build maxed WASM API distribution	2026-08-10T06:27:51.4678241Z   269 |         if (target_path[0]) snprintf(full, sizeof(full), "%s/%s", g_vfs.base_path, target_path);
wasm	Build maxed WASM API distribution	2026-08-10T06:27:51.4678746Z       |                                                              ^~                    ~~~~~~~~~~~
wasm	Build maxed WASM API distribution	2026-08-10T06:27:51.4680588Z /home/runner/work/pulp/pulp/parts/exp-vfs/skred_vfs.c:269:29: note: ‘snprintf’ output between 2 and 1536 bytes into a destination of size 1024
wasm	Build maxed WASM API distribution	2026-08-10T06:27:51.4681792Z   269 |         if (target_path[0]) snprintf(full, sizeof(full), "%s/%s", g_vfs.base_path, target_path);
wasm	Build maxed WASM API distribution	2026-08-10T06:27:51.4682317Z       |                             ^~~~~~~~~~~~~~~~~~~~~~~~~~~~~~~~~~~~~~~~~~~~~~~~~~~~~~~~~~~~~~~~~~~
wasm	Build maxed WASM API distribution	2026-08-10T06:27:51.4682886Z /home/runner/work/pulp/pulp/parts/exp-vfs/skred_vfs.c: In function ‘skred_fopen’:
wasm	Build maxed WASM API distribution	2026-08-10T06:27:51.4683950Z /home/runner/work/pulp/pulp/parts/exp-vfs/skred_vfs.c:310:56: warning: ‘%s’ directive output may be truncated writing up to 511 bytes into a region of size between 0 and 1023 [-Wformat-truncation=]
wasm	Build maxed WASM API distribution	2026-08-10T06:27:51.4684848Z   310 |             snprintf(full_path, sizeof(full_path), "%s/%s", g_vfs.base_path, file->resolved_path);
wasm	Build maxed WASM API distribution	2026-08-10T06:27:51.4685309Z       |                                                        ^~
wasm	Build maxed WASM API distribution	2026-08-10T06:27:51.4686087Z /home/runner/work/pulp/pulp/parts/exp-vfs/skred_vfs.c:310:13: note: ‘snprintf’ output between 2 and 1536 bytes into a destination of size 1024
wasm	Build maxed WASM API distribution	2026-08-10T06:27:51.4686838Z   310 |             snprintf(full_path, sizeof(full_path), "%s/%s", g_vfs.base_path, file->resolved_path);
wasm	Build maxed WASM API distribution	2026-08-10T06:27:51.4687557Z       |             ^~~~~~~~~~~~~~~~~~~~~~~~~~~~~~~~~~~~~~~~~~~~~~~~~~~~~~~~~~~~~~~~~~~~~~~~~~~~~~~~~~~~~
wasm	Build maxed WASM API distribution	2026-08-10T06:27:51.4688148Z /home/runner/work/pulp/pulp/parts/exp-vfs/skred_vfs.c: In function ‘skred_opendir’:
wasm	Build maxed WASM API distribution	2026-08-10T06:27:51.4689129Z /home/runner/work/pulp/pulp/parts/exp-vfs/skred_vfs.c:427:59: warning: ‘%s’ directive output may be truncated writing up to 511 bytes into a region of size 256 [-Wformat-truncation=]
wasm	Build maxed WASM API distribution	2026-08-10T06:27:51.4689926Z   427 |             snprintf(dir->handle.zip.filter_prefix, 256, "%s/", target_path);
wasm	Build maxed WASM API distribution	2026-08-10T06:27:51.4690337Z       |                                                           ^~    ~~~~~~~~~~~
wasm	Build maxed WASM API distribution	2026-08-10T06:27:51.4691308Z /home/runner/work/pulp/pulp/parts/exp-vfs/skred_vfs.c:427:13: note: ‘snprintf’ output between 2 and 513 bytes into a destination of size 256
wasm	Build maxed WASM API distribution	2026-08-10T06:27:51.4691998Z   427 |             snprintf(dir->handle.zip.filter_prefix, 256, "%s/", target_path);
wasm	Build maxed WASM API distribution	2026-08-10T06:27:51.4692431Z       |             ^~~~~~~~~~~~~~~~~~~~~~~~~~~~~~~~~~~~~~~~~~~~~~~~~~~~~~~~~~~~~~~~
wasm	Build maxed WASM API distribution	2026-08-10T06:27:51.4693360Z /home/runner/work/pulp/pulp/parts/exp-vfs/skred_vfs.c:420:62: warning: ‘%s’ directive output may be truncated writing up to 511 bytes into a region of size between 0 and 1023 [-Wformat-truncation=]
wasm	Build maxed WASM API distribution	2026-08-10T06:27:51.4694250Z   420 |         if (target_path[0]) snprintf(path, sizeof(path), "%s/%s", g_vfs.base_path, target_path);
wasm	Build maxed WASM API distribution	2026-08-10T06:27:51.4694731Z       |                                                              ^~                    ~~~~~~~~~~~
wasm	Build maxed WASM API distribution	2026-08-10T06:27:51.4695472Z /home/runner/work/pulp/pulp/parts/exp-vfs/skred_vfs.c:420:29: note: ‘snprintf’ output between 2 and 1536 bytes into a destination of size 1024
wasm	Build maxed WASM API distribution	2026-08-10T06:27:51.4696197Z   420 |         if (target_path[0]) snprintf(path, sizeof(path), "%s/%s", g_vfs.base_path, target_path);
wasm	Build maxed WASM API distribution	2026-08-10T06:27:51.4696684Z       |                             ^~~~~~~~~~~~~~~~~~~~~~~~~~~~~~~~~~~~~~~~~~~~~~~~~~~~~~~~~~~~~~~~~~~
wasm	Build maxed WASM API distribution	2026-08-10T06:27:51.5029948Z [ 26%] Building C object CMakeFiles/api.dir/skode-event.c.o
wasm	Build maxed WASM API distribution	2026-08-10T06:27:51.6016548Z [ 28%] Building C object CMakeFiles/api.dir/skode-dict.c.o
wasm	Build maxed WASM API distribution	2026-08-10T06:27:51.6765250Z [ 29%] Building C object CMakeFiles/api.dir/skqueue.c.o
wasm	Build maxed WASM API distribution	2026-08-10T06:27:51.7261207Z [ 30%] Building C object CMakeFiles/api.dir/udp.c.o
wasm	Build maxed WASM API distribution	2026-08-10T06:27:51.7704787Z [ 31%] Building C object CMakeFiles/api.dir/vendor/ksynth/ksynth.c.o
wasm	Build maxed WASM API distribution	2026-08-10T06:27:51.8617665Z [ 32%] Building C object CMakeFiles/api.dir/api.c.o
wasm	Build maxed WASM API distribution	2026-08-10T06:27:52.0378771Z [ 34%] Building C object CMakeFiles/api.dir/synth.c.o
wasm	Build maxed WASM API distribution	2026-08-10T06:27:52.4524318Z [ 35%] Building C object CMakeFiles/api.dir/skode.c.o
wasm	Build maxed WASM API distribution	2026-08-10T06:27:52.5742605Z /home/runner/work/pulp/pulp/parts/build_wasm/skode.c: In function ‘skode_asset_read’:
wasm	Build maxed WASM API distribution	2026-08-10T06:27:52.5745211Z /home/runner/work/pulp/pulp/parts/build_wasm/skode.c:114:54: warning: ‘snprintf’ output may be truncated before the last format character [-Wformat-truncation=]
wasm	Build maxed WASM API distribution	2026-08-10T06:27:52.5746547Z   114 |   snprintf(vfs_candidate, sizeof(vfs_candidate), "/%s", candidate);
wasm	Build maxed WASM API distribution	2026-08-10T06:27:52.5747164Z       |                                                      ^
wasm	Build maxed WASM API distribution	2026-08-10T06:27:52.5748375Z /home/runner/work/pulp/pulp/parts/build_wasm/skode.c:114:3: note: ‘snprintf’ output between 2 and 1025 bytes into a destination of size 1024
wasm	Build maxed WASM API distribution	2026-08-10T06:27:52.5749731Z   114 |   snprintf(vfs_candidate, sizeof(vfs_candidate), "/%s", candidate);
wasm	Build maxed WASM API distribution	2026-08-10T06:27:52.5750391Z       |   ^~~~~~~~~~~~~~~~~~~~~~~~~~~~~~~~~~~~~~~~~~~~~~~~~~~~~~~~~~~~~~~~
wasm	Build maxed WASM API distribution	2026-08-10T06:27:52.9192640Z [ 36%] Building C object CMakeFiles/api.dir/polyphony.c.o
wasm	Build maxed WASM API distribution	2026-08-10T06:27:53.0110997Z [ 37%] Building C object CMakeFiles/api.dir/synth-alloc.c.o
wasm	Build maxed WASM API distribution	2026-08-10T06:27:53.0571609Z [ 39%] Building C object CMakeFiles/api.dir/seq.c.o
wasm	Build maxed WASM API distribution	2026-08-10T06:27:53.1251788Z [ 40%] Linking C static library libapi.a
wasm	Build maxed WASM API distribution	2026-08-10T06:27:53.7946870Z gmake[3]: Leaving directory '/home/runner/work/pulp/pulp/parts/build_wasm'
wasm	Build maxed WASM API distribution	2026-08-10T06:27:53.7986479Z [ 40%] Built target api
wasm	Build maxed WASM API distribution	2026-08-10T06:27:53.8009120Z gmake[3]: Entering directory '/home/runner/work/pulp/pulp/parts/build_wasm'
wasm	Build maxed WASM API distribution	2026-08-10T06:27:53.8040755Z gmake[3]: Leaving directory '/home/runner/work/pulp/pulp/parts/build_wasm'
wasm	Build maxed WASM API distribution	2026-08-10T06:27:53.8059302Z gmake[3]: Entering directory '/home/runner/work/pulp/pulp/parts/build_wasm'
wasm	Build maxed WASM API distribution	2026-08-10T06:27:53.8079898Z [ 41%] Building C object CMakeFiles/api_shared.dir/ands.c.o
wasm	Build maxed WASM API distribution	2026-08-10T06:27:53.9102273Z [ 42%] Building C object CMakeFiles/api_shared.dir/miniaudio.c.o
wasm	Build maxed WASM API distribution	2026-08-10T06:27:56.5138750Z [ 43%] Building C object CMakeFiles/api_shared.dir/midi.c.o
wasm	Build maxed WASM API distribution	2026-08-10T06:27:56.6625305Z [ 45%] Building C object CMakeFiles/api_shared.dir/util.c.o
wasm	Build maxed WASM API distribution	2026-08-10T06:27:56.6901676Z [ 46%] Building C object CMakeFiles/api_shared.dir/miniwav.c.o
wasm	Build maxed WASM API distribution	2026-08-10T06:27:56.7711883Z [ 47%] Building C object CMakeFiles/api_shared.dir/exp-vfs/miniz.c.o
wasm	Build maxed WASM API distribution	2026-08-10T06:27:56.8163300Z [ 48%] Building C object CMakeFiles/api_shared.dir/exp-vfs/miniz_tdef.c.o
wasm	Build maxed WASM API distribution	2026-08-10T06:27:56.9229924Z [ 50%] Building C object CMakeFiles/api_shared.dir/exp-vfs/miniz_tinfl.c.o
wasm	Build maxed WASM API distribution	2026-08-10T06:27:56.9824189Z [ 51%] Building C object CMakeFiles/api_shared.dir/exp-vfs/miniz_zip.c.o
wasm	Build maxed WASM API distribution	2026-08-10T06:27:56.9987446Z /home/runner/work/pulp/pulp/parts/exp-vfs/miniz_zip.c:132:9: note: ‘#pragma message: Using fopen, ftello, fseeko, stat() etc. path for file I/O - this path may not support large files.’
wasm	Build maxed WASM API distribution	2026-08-10T06:27:56.9988576Z   132 | #pragma message("Using fopen, ftello, fseeko, stat() etc. path for file I/O - this path may not support large files.")
wasm	Build maxed WASM API distribution	2026-08-10T06:27:56.9989104Z       |         ^~~~~~~
wasm	Build maxed WASM API distribution	2026-08-10T06:27:57.2275611Z [ 52%] Building C object CMakeFiles/api_shared.dir/exp-vfs/skred_vfs.c.o
wasm	Build maxed WASM API distribution	2026-08-10T06:27:57.2504841Z /home/runner/work/pulp/pulp/parts/exp-vfs/skred_vfs.c: In function ‘skred_chdir’:
wasm	Build maxed WASM API distribution	2026-08-10T06:27:57.2506877Z /home/runner/work/pulp/pulp/parts/exp-vfs/skred_vfs.c:269:62: warning: ‘%s’ directive output may be truncated writing up to 511 bytes into a region of size between 0 and 1023 [-Wformat-truncation=]
wasm	Build maxed WASM API distribution	2026-08-10T06:27:57.2508513Z   269 |         if (target_path[0]) snprintf(full, sizeof(full), "%s/%s", g_vfs.base_path, target_path);
wasm	Build maxed WASM API distribution	2026-08-10T06:27:57.2509353Z       |                                                              ^~                    ~~~~~~~~~~~
wasm	Build maxed WASM API distribution	2026-08-10T06:27:57.2513879Z /home/runner/work/pulp/pulp/parts/exp-vfs/skred_vfs.c:269:29: note: ‘snprintf’ output between 2 and 1536 bytes into a destination of size 1024
wasm	Build maxed WASM API distribution	2026-08-10T06:27:57.2515208Z   269 |         if (target_path[0]) snprintf(full, sizeof(full), "%s/%s", g_vfs.base_path, target_path);
wasm	Build maxed WASM API distribution	2026-08-10T06:27:57.2516068Z       |                             ^~~~~~~~~~~~~~~~~~~~~~~~~~~~~~~~~~~~~~~~~~~~~~~~~~~~~~~~~~~~~~~~~~~
wasm	Build maxed WASM API distribution	2026-08-10T06:27:57.2517480Z /home/runner/work/pulp/pulp/parts/exp-vfs/skred_vfs.c: In function ‘skred_fopen’:
wasm	Build maxed WASM API distribution	2026-08-10T06:27:57.2519240Z /home/runner/work/pulp/pulp/parts/exp-vfs/skred_vfs.c:310:56: warning: ‘%s’ directive output may be truncated writing up to 511 bytes into a region of size between 0 and 1023 [-Wformat-truncation=]
wasm	Build maxed WASM API distribution	2026-08-10T06:27:57.2521132Z   310 |             snprintf(full_path, sizeof(full_path), "%s/%s", g_vfs.base_path, file->resolved_path);
wasm	Build maxed WASM API distribution	2026-08-10T06:27:57.2521869Z       |                                                        ^~
wasm	Build maxed WASM API distribution	2026-08-10T06:27:57.2523054Z /home/runner/work/pulp/pulp/parts/exp-vfs/skred_vfs.c:310:13: note: ‘snprintf’ output between 2 and 1536 bytes into a destination of size 1024
wasm	Build maxed WASM API distribution	2026-08-10T06:27:57.2524317Z   310 |             snprintf(full_path, sizeof(full_path), "%s/%s", g_vfs.base_path, file->resolved_path);
wasm	Build maxed WASM API distribution	2026-08-10T06:27:57.2525173Z       |             ^~~~~~~~~~~~~~~~~~~~~~~~~~~~~~~~~~~~~~~~~~~~~~~~~~~~~~~~~~~~~~~~~~~~~~~~~~~~~~~~~~~~~
wasm	Build maxed WASM API distribution	2026-08-10T06:27:57.2526144Z /home/runner/work/pulp/pulp/parts/exp-vfs/skred_vfs.c: In function ‘skred_opendir’:
wasm	Build maxed WASM API distribution	2026-08-10T06:27:57.2527814Z /home/runner/work/pulp/pulp/parts/exp-vfs/skred_vfs.c:427:59: warning: ‘%s’ directive output may be truncated writing up to 511 bytes into a region of size 256 [-Wformat-truncation=]
wasm	Build maxed WASM API distribution	2026-08-10T06:27:57.2529456Z   427 |             snprintf(dir->handle.zip.filter_prefix, 256, "%s/", target_path);
wasm	Build maxed WASM API distribution	2026-08-10T06:27:57.2530135Z       |                                                           ^~    ~~~~~~~~~~~
wasm	Build maxed WASM API distribution	2026-08-10T06:27:57.2531527Z /home/runner/work/pulp/pulp/parts/exp-vfs/skred_vfs.c:427:13: note: ‘snprintf’ output between 2 and 513 bytes into a destination of size 256
wasm	Build maxed WASM API distribution	2026-08-10T06:27:57.2532638Z   427 |             snprintf(dir->handle.zip.filter_prefix, 256, "%s/", target_path);
wasm	Build maxed WASM API distribution	2026-08-10T06:27:57.2533323Z       |             ^~~~~~~~~~~~~~~~~~~~~~~~~~~~~~~~~~~~~~~~~~~~~~~~~~~~~~~~~~~~~~~~
wasm	Build maxed WASM API distribution	2026-08-10T06:27:57.2534840Z /home/runner/work/pulp/pulp/parts/exp-vfs/skred_vfs.c:420:62: warning: ‘%s’ directive output may be truncated writing up to 511 bytes into a region of size between 0 and 1023 [-Wformat-truncation=]
wasm	Build maxed WASM API distribution	2026-08-10T06:27:57.2536385Z   420 |         if (target_path[0]) snprintf(path, sizeof(path), "%s/%s", g_vfs.base_path, target_path);
wasm	Build maxed WASM API distribution	2026-08-10T06:27:57.2537208Z       |                                                              ^~                    ~~~~~~~~~~~
wasm	Build maxed WASM API distribution	2026-08-10T06:27:57.2538489Z /home/runner/work/pulp/pulp/parts/exp-vfs/skred_vfs.c:420:29: note: ‘snprintf’ output between 2 and 1536 bytes into a destination of size 1024
wasm	Build maxed WASM API distribution	2026-08-10T06:27:57.2539745Z   420 |         if (target_path[0]) snprintf(path, sizeof(path), "%s/%s", g_vfs.base_path, target_path);
wasm	Build maxed WASM API distribution	2026-08-10T06:27:57.2540725Z       |                             ^~~~~~~~~~~~~~~~~~~~~~~~~~~~~~~~~~~~~~~~~~~~~~~~~~~~~~~~~~~~~~~~~~~
wasm	Build maxed WASM API distribution	2026-08-10T06:27:57.2861961Z [ 53%] Building C object CMakeFiles/api_shared.dir/skode-event.c.o
wasm	Build maxed WASM API distribution	2026-08-10T06:27:57.3577795Z [ 54%] Building C object CMakeFiles/api_shared.dir/skode-dict.c.o
wasm	Build maxed WASM API distribution	2026-08-10T06:27:57.4322241Z [ 56%] Building C object CMakeFiles/api_shared.dir/skqueue.c.o
wasm	Build maxed WASM API distribution	2026-08-10T06:27:57.4822410Z [ 57%] Building C object CMakeFiles/api_shared.dir/udp.c.o
wasm	Build maxed WASM API distribution	2026-08-10T06:27:57.5261582Z [ 58%] Building C object CMakeFiles/api_shared.dir/vendor/ksynth/ksynth.c.o
wasm	Build maxed WASM API distribution	2026-08-10T06:27:57.6171098Z [ 59%] Building C object CMakeFiles/api_shared.dir/api.c.o
wasm	Build maxed WASM API distribution	2026-08-10T06:27:57.7938874Z [ 60%] Building C object CMakeFiles/api_shared.dir/synth.c.o
wasm	Build maxed WASM API distribution	2026-08-10T06:27:58.1961049Z [ 62%] Building C object CMakeFiles/api_shared.dir/skode.c.o
wasm	Build maxed WASM API distribution	2026-08-10T06:27:58.3144531Z /home/runner/work/pulp/pulp/parts/build_wasm/skode.c: In function ‘skode_asset_read’:
wasm	Build maxed WASM API distribution	2026-08-10T06:27:58.3145667Z /home/runner/work/pulp/pulp/parts/build_wasm/skode.c:114:54: warning: ‘snprintf’ output may be truncated before the last format character [-Wformat-truncation=]
wasm	Build maxed WASM API distribution	2026-08-10T06:27:58.3146463Z   114 |   snprintf(vfs_candidate, sizeof(vfs_candidate), "/%s", candidate);
wasm	Build maxed WASM API distribution	2026-08-10T06:27:58.3146863Z       |                                                      ^
wasm	Build maxed WASM API distribution	2026-08-10T06:27:58.3148102Z /home/runner/work/pulp/pulp/parts/build_wasm/skode.c:114:3: note: ‘snprintf’ output between 2 and 1025 bytes into a destination of size 1024
wasm	Build maxed WASM API distribution	2026-08-10T06:27:58.3148765Z   114 |   snprintf(vfs_candidate, sizeof(vfs_candidate), "/%s", candidate);
wasm	Build maxed WASM API distribution	2026-08-10T06:27:58.3149184Z       |   ^~~~~~~~~~~~~~~~~~~~~~~~~~~~~~~~~~~~~~~~~~~~~~~~~~~~~~~~~~~~~~~~
wasm	Build maxed WASM API distribution	2026-08-10T06:27:58.6546959Z [ 63%] Building C object CMakeFiles/api_shared.dir/polyphony.c.o
wasm	Build maxed WASM API distribution	2026-08-10T06:27:58.7456251Z [ 64%] Building C object CMakeFiles/api_shared.dir/synth-alloc.c.o
wasm	Build maxed WASM API distribution	2026-08-10T06:27:58.7910960Z [ 65%] Building C object CMakeFiles/api_shared.dir/seq.c.o
wasm	Build maxed WASM API distribution	2026-08-10T06:27:58.8584817Z [ 67%] Linking C shared library libapi.so
wasm	Build maxed WASM API distribution	2026-08-10T06:27:58.9132413Z gmake[3]: Leaving directory '/home/runner/work/pulp/pulp/parts/build_wasm'
wasm	Build maxed WASM API distribution	2026-08-10T06:27:58.9165382Z [ 78%] Built target api_shared
wasm	Build maxed WASM API distribution	2026-08-10T06:27:58.9182120Z gmake[3]: Entering directory '/home/runner/work/pulp/pulp/parts/build_wasm'
wasm	Build maxed WASM API distribution	2026-08-10T06:27:58.9202125Z [ 79%] Generating mini-skred.c
wasm	Build maxed WASM API distribution	2026-08-10T06:27:58.9239617Z gmake[3]: Leaving directory '/home/runner/work/pulp/pulp/parts/build_wasm'
wasm	Build maxed WASM API distribution	2026-08-10T06:27:58.9253062Z gmake[3]: Entering directory '/home/runner/work/pulp/pulp/parts/build_wasm'
wasm	Build maxed WASM API distribution	2026-08-10T06:27:58.9273461Z [ 80%] Building C object CMakeFiles/mini-skred.dir/mini-skred.c.o
wasm	Build maxed WASM API distribution	2026-08-10T06:27:58.9887147Z [ 81%] Linking C executable mini-skred
wasm	Build maxed WASM API distribution	2026-08-10T06:27:59.0370245Z gmake[3]: Leaving directory '/home/runner/work/pulp/pulp/parts/build_wasm'
wasm	Build maxed WASM API distribution	2026-08-10T06:27:59.0395370Z [ 82%] Built target mini-skred
wasm	Build maxed WASM API distribution	2026-08-10T06:27:59.0412019Z gmake[3]: Entering directory '/home/runner/work/pulp/pulp/parts/build_wasm'
wasm	Build maxed WASM API distribution	2026-08-10T06:27:59.0438587Z gmake[3]: Leaving directory '/home/runner/work/pulp/pulp/parts/build_wasm'
wasm	Build maxed WASM API distribution	2026-08-10T06:27:59.0453161Z gmake[3]: Entering directory '/home/runner/work/pulp/pulp/parts/build_wasm'
wasm	Build maxed WASM API distribution	2026-08-10T06:27:59.0473186Z [ 84%] Building C object CMakeFiles/ands_parser_tests.dir/tests/ands_parser_tests.c.o
wasm	Build maxed WASM API distribution	2026-08-10T06:27:59.1040711Z [ 85%] Linking C executable ands_parser_tests
wasm	Build maxed WASM API distribution	2026-08-10T06:27:59.1307068Z gmake[3]: Leaving directory '/home/runner/work/pulp/pulp/parts/build_wasm'
wasm	Build maxed WASM API distribution	2026-08-10T06:27:59.1330183Z [ 85%] Built target ands_parser_tests
wasm	Build maxed WASM API distribution	2026-08-10T06:27:59.1346773Z gmake[3]: Entering directory '/home/runner/work/pulp/pulp/parts/build_wasm'
wasm	Build maxed WASM API distribution	2026-08-10T06:27:59.1373704Z gmake[3]: Leaving directory '/home/runner/work/pulp/pulp/parts/build_wasm'
wasm	Build maxed WASM API distribution	2026-08-10T06:27:59.1387171Z gmake[3]: Entering directory '/home/runner/work/pulp/pulp/parts/build_wasm'
wasm	Build maxed WASM API distribution	2026-08-10T06:27:59.1407126Z [ 86%] Building C object CMakeFiles/skode_state_tests.dir/tests/skode_state_tests.c.o
wasm	Build maxed WASM API distribution	2026-08-10T06:27:59.3618875Z [ 87%] Linking C executable skode_state_tests
wasm	Build maxed WASM API distribution	2026-08-10T06:27:59.4130938Z gmake[3]: Leaving directory '/home/runner/work/pulp/pulp/parts/build_wasm'
wasm	Build maxed WASM API distribution	2026-08-10T06:27:59.4155331Z [ 87%] Built target skode_state_tests
wasm	Build maxed WASM API distribution	2026-08-10T06:27:59.4171987Z gmake[3]: Entering directory '/home/runner/work/pulp/pulp/parts/build_wasm'
wasm	Build maxed WASM API distribution	2026-08-10T06:27:59.4198686Z gmake[3]: Leaving directory '/home/runner/work/pulp/pulp/parts/build_wasm'
wasm	Build maxed WASM API distribution	2026-08-10T06:27:59.4212771Z gmake[3]: Entering directory '/home/runner/work/pulp/pulp/parts/build_wasm'
wasm	Build maxed WASM API distribution	2026-08-10T06:27:59.4233290Z [ 89%] Building C object CMakeFiles/skqueue_tests.dir/tests/skqueue_tests.c.o
wasm	Build maxed WASM API distribution	2026-08-10T06:27:59.4528210Z [ 90%] Linking C executable skqueue_tests
wasm	Build maxed WASM API distribution	2026-08-10T06:27:59.4791424Z gmake[3]: Leaving directory '/home/runner/work/pulp/pulp/parts/build_wasm'
wasm	Build maxed WASM API distribution	2026-08-10T06:27:59.4814338Z [ 90%] Built target skqueue_tests
wasm	Build maxed WASM API distribution	2026-08-10T06:27:59.4830794Z gmake[3]: Entering directory '/home/runner/work/pulp/pulp/parts/build_wasm'
wasm	Build maxed WASM API distribution	2026-08-10T06:27:59.4856867Z gmake[3]: Leaving directory '/home/runner/work/pulp/pulp/parts/build_wasm'
wasm	Build maxed WASM API distribution	2026-08-10T06:27:59.4870574Z gmake[3]: Entering directory '/home/runner/work/pulp/pulp/parts/build_wasm'
wasm	Build maxed WASM API distribution	2026-08-10T06:27:59.4890257Z [ 91%] Building C object CMakeFiles/audio_command_tests.dir/tests/audio_command_tests.c.o
wasm	Build maxed WASM API distribution	2026-08-10T06:27:59.5338097Z [ 92%] Linking C executable audio_command_tests
wasm	Build maxed WASM API distribution	2026-08-10T06:27:59.5836685Z gmake[3]: Leaving directory '/home/runner/work/pulp/pulp/parts/build_wasm'
wasm	Build maxed WASM API distribution	2026-08-10T06:27:59.5860924Z [ 92%] Built target audio_command_tests
wasm	Build maxed WASM API distribution	2026-08-10T06:27:59.5877554Z gmake[3]: Entering directory '/home/runner/work/pulp/pulp/parts/build_wasm'
wasm	Build maxed WASM API distribution	2026-08-10T06:27:59.5904061Z gmake[3]: Leaving directory '/home/runner/work/pulp/pulp/parts/build_wasm'
wasm	Build maxed WASM API distribution	2026-08-10T06:27:59.5917622Z gmake[3]: Entering directory '/home/runner/work/pulp/pulp/parts/build_wasm'
wasm	Build maxed WASM API distribution	2026-08-10T06:27:59.5937810Z [ 93%] Building C object CMakeFiles/midi_tests.dir/tests/midi_tests.c.o
wasm	Build maxed WASM API distribution	2026-08-10T06:27:59.6440984Z [ 95%] Linking C executable midi_tests
wasm	Build maxed WASM API distribution	2026-08-10T06:27:59.6927655Z gmake[3]: Leaving directory '/home/runner/work/pulp/pulp/parts/build_wasm'
wasm	Build maxed WASM API distribution	2026-08-10T06:27:59.6951166Z [ 95%] Built target midi_tests
wasm	Build maxed WASM API distribution	2026-08-10T06:27:59.6967930Z gmake[3]: Entering directory '/home/runner/work/pulp/pulp/parts/build_wasm'
wasm	Build maxed WASM API distribution	2026-08-10T06:27:59.6994332Z gmake[3]: Leaving directory '/home/runner/work/pulp/pulp/parts/build_wasm'
wasm	Build maxed WASM API distribution	2026-08-10T06:27:59.7008218Z gmake[3]: Entering directory '/home/runner/work/pulp/pulp/parts/build_wasm'
wasm	Build maxed WASM API distribution	2026-08-10T06:27:59.7028538Z [ 96%] Building C object CMakeFiles/polyphony_tests.dir/tests/polyphony_tests.c.o
wasm	Build maxed WASM API distribution	2026-08-10T06:27:59.7491653Z [ 97%] Linking C executable polyphony_tests
wasm	Build maxed WASM API distribution	2026-08-10T06:27:59.7987197Z gmake[3]: Leaving directory '/home/runner/work/pulp/pulp/parts/build_wasm'
wasm	Build maxed WASM API distribution	2026-08-10T06:27:59.8010626Z [ 97%] Built target polyphony_tests
wasm	Build maxed WASM API distribution	2026-08-10T06:27:59.8027554Z gmake[3]: Entering directory '/home/runner/work/pulp/pulp/parts/build_wasm'
wasm	Build maxed WASM API distribution	2026-08-10T06:27:59.8054703Z gmake[3]: Leaving directory '/home/runner/work/pulp/pulp/parts/build_wasm'
wasm	Build maxed WASM API distribution	2026-08-10T06:27:59.8068277Z gmake[3]: Entering directory '/home/runner/work/pulp/pulp/parts/build_wasm'
wasm	Build maxed WASM API distribution	2026-08-10T06:27:59.8088823Z [ 98%] Building C object CMakeFiles/ksynth_bridge_tests.dir/tests/ksynth_bridge_tests.c.o
wasm	Build maxed WASM API distribution	2026-08-10T06:27:59.8563430Z [100%] Linking C executable ksynth_bridge_tests
wasm	Build maxed WASM API distribution	2026-08-10T06:27:59.9050392Z gmake[3]: Leaving directory '/home/runner/work/pulp/pulp/parts/build_wasm'
wasm	Build maxed WASM API distribution	2026-08-10T06:27:59.9074173Z [100%] Built target ksynth_bridge_tests
wasm	Build maxed WASM API distribution	2026-08-10T06:27:59.9078324Z gmake[2]: Leaving directory '/home/runner/work/pulp/pulp/parts/build_wasm'
wasm	Build maxed WASM API distribution	2026-08-10T06:27:59.9117718Z gmake[1]: Leaving directory '/home/runner/work/pulp/pulp/parts/build_wasm'
wasm	Build maxed WASM API distribution	2026-08-10T06:27:59.9128441Z cp wasm-assets/mkwasm build_wasm/mkwasm
wasm	Build maxed WASM API distribution	2026-08-10T06:27:59.9142724Z cp ../doc/index.html build_wasm/index.html
wasm	Build maxed WASM API distribution	2026-08-10T06:27:59.9155447Z cp wasm-assets/test-wasm.html build_wasm/test-wasm.html
wasm	Build maxed WASM API distribution	2026-08-10T06:27:59.9169271Z cp wasm-assets/serve-wasm.sh build_wasm/serve-wasm.sh
wasm	Build maxed WASM API distribution	2026-08-10T06:27:59.9182505Z cd build_wasm && env EM_CACHE=/tmp/pulp-em-cache bash ./mkwasm
wasm	Build maxed WASM API distribution	2026-08-10T06:27:59.9307768Z cp: cannot stat '../wav/24.mp3': No such file or directory
wasm	Build maxed WASM API distribution	2026-08-10T06:27:59.9312720Z make: *** [Makefile:135: wasm] Error 1
wasm	Build maxed WASM API distribution	2026-08-10T06:27:59.9313130Z make: Leaving directory '/home/runner/work/pulp/pulp/parts'
wasm	Build maxed WASM API distribution	2026-08-10T06:27:59.9330875Z ##[error]Process completed with exit code 2.
wasm	Post Run actions/checkout@v4	﻿2026-08-10T06:27:59.9499267Z Node 20 is being deprecated. This workflow is running with Node 24 by default. If you need to temporarily use Node 20, you can set the ACTIONS_ALLOW_USE_UNSECURE_NODE_VERSION=true environment variable. For more information see: https://github.blog/changelog/2025-09-19-deprecation-of-node-20-on-github-actions-runners/
wasm	Post Run actions/checkout@v4	2026-08-10T06:27:59.9500621Z Post job cleanup.
wasm	Post Run actions/checkout@v4	2026-08-10T06:28:00.0360007Z [command]/usr/bin/git version
wasm	Post Run actions/checkout@v4	2026-08-10T06:28:00.0402112Z git version 2.54.0
wasm	Post Run actions/checkout@v4	2026-08-10T06:28:00.0437653Z Temporarily overriding HOME='/home/runner/work/_temp/dcc3cfa6-fc0d-4c08-84d7-b571f45d8fcd' before making global git config changes
wasm	Post Run actions/checkout@v4	2026-08-10T06:28:00.0438932Z Adding repository directory to the temporary git global config as a safe directory
wasm	Post Run actions/checkout@v4	2026-08-10T06:28:00.0442942Z [command]/usr/bin/git config --global --add safe.directory /home/runner/work/pulp/pulp
wasm	Post Run actions/checkout@v4	2026-08-10T06:28:00.0483783Z [command]/usr/bin/git config --local --name-only --get-regexp core\.sshCommand
wasm	Post Run actions/checkout@v4	2026-08-10T06:28:00.0521847Z [command]/usr/bin/git submodule foreach --recursive sh -c "git config --local --name-only --get-regexp 'core\.sshCommand' && git config --local --unset-all 'core.sshCommand' || :"
wasm	Post Run actions/checkout@v4	2026-08-10T06:28:00.0823782Z [command]/usr/bin/git config --local --name-only --get-regexp http\.https\:\/\/github\.com\/\.extraheader
wasm	Post Run actions/checkout@v4	2026-08-10T06:28:00.0852867Z http.https://github.com/.extraheader
wasm	Post Run actions/checkout@v4	2026-08-10T06:28:00.0864807Z [command]/usr/bin/git config --local --unset-all http.https://github.com/.extraheader
wasm	Post Run actions/checkout@v4	2026-08-10T06:28:00.0906358Z [command]/usr/bin/git submodule foreach --recursive sh -c "git config --local --name-only --get-regexp 'http\.https\:\/\/github\.com\/\.extraheader' && git config --local --unset-all 'http.https://github.com/.extraheader' || :"
wasm	Post Run actions/checkout@v4	2026-08-10T06:28:00.1176226Z [command]/usr/bin/git config --local --name-only --get-regexp ^includeIf\.gitdir:
wasm	Post Run actions/checkout@v4	2026-08-10T06:28:00.1215353Z [command]/usr/bin/git submodule foreach --recursive git config --local --show-origin --name-only --get-regexp remote.origin.url
wasm	Complete job	﻿2026-08-10T06:28:00.1638153Z Cleaning up orphan processes
wasm	Complete job	2026-08-10T06:28:00.1932203Z ##[warning]Node.js 20 is deprecated. The following actions target Node.js 20 but are being forced to run on Node.js 24: actions/checkout@v4, mymindstorm/setup-emsdk@v14. For more information see: https://github.blog/changelog/2025-09-19-deprecation-of-node-20-on-github-actions-runners/
